--
-- PostgreSQL database dump
--

-- Dumped from database version 17.5
-- Dumped by pg_dump version 17.5

SET statement_timeout = 0;
SET lock_timeout = 0;
SET idle_in_transaction_session_timeout = 0;
SET transaction_timeout = 0;
SET client_encoding = 'UTF8';
SET standard_conforming_strings = on;
SELECT pg_catalog.set_config('search_path', '', false);
SET check_function_bodies = false;
SET xmloption = content;
SET client_min_messages = warning;
SET row_security = off;

--
-- Name: pgcrypto; Type: EXTENSION; Schema: -; Owner: -
--

CREATE EXTENSION IF NOT EXISTS pgcrypto WITH SCHEMA public;


--
-- Name: EXTENSION pgcrypto; Type: COMMENT; Schema: -; Owner: 
--

COMMENT ON EXTENSION pgcrypto IS 'cryptographic functions';


--
-- Name: uuid-ossp; Type: EXTENSION; Schema: -; Owner: -
--

CREATE EXTENSION IF NOT EXISTS "uuid-ossp" WITH SCHEMA public;


--
-- Name: EXTENSION "uuid-ossp"; Type: COMMENT; Schema: -; Owner: 
--

COMMENT ON EXTENSION "uuid-ossp" IS 'generate universally unique identifiers (UUIDs)';


--
-- Name: award_points_to_team(integer, integer, integer, character varying, integer, integer, text); Type: FUNCTION; Schema: public; Owner: postgres
--

CREATE FUNCTION public.award_points_to_team(p_team_id integer, p_season_year integer, p_points integer, p_point_type character varying, p_competition_id integer DEFAULT NULL::integer, p_match_id integer DEFAULT NULL::integer, p_description text DEFAULT NULL::text) RETURNS void
    LANGUAGE plpgsql
    AS $$
DECLARE
    v_existing_stat_id INTEGER;
BEGIN
    -- 1. 确保team_statistics记录存在
    SELECT id INTO v_existing_stat_id
    FROM team_statistics
    WHERE team_id = p_team_id AND season_year = p_season_year;

    IF v_existing_stat_id IS NULL THEN
        -- 创建新记录
        INSERT INTO team_statistics (team_id, season_year, total_points)
        VALUES (p_team_id, p_season_year, 0);
    END IF;

    -- 2. 记录积分到score_records
    INSERT INTO score_records (
        team_id,
        competition_id,
        match_id,
        points,
        point_type,
        season_year,
        description
    ) VALUES (
        p_team_id,
        p_competition_id,
        p_match_id,
        p_points,
        p_point_type,
        p_season_year,
        p_description
    );

    -- 3. 更新team_statistics中的对应积分字段
    CASE p_point_type
        WHEN 'spring_regular' THEN
            UPDATE team_statistics
            SET spring_points = spring_points + p_points
            WHERE team_id = p_team_id AND season_year = p_season_year;

        WHEN 'summer_regular' THEN
            UPDATE team_statistics
            SET summer_points = summer_points + p_points
            WHERE team_id = p_team_id AND season_year = p_season_year;

        WHEN 'spring_playoff', 'summer_playoff' THEN
            UPDATE team_statistics
            SET playoff_points = playoff_points + p_points
            WHERE team_id = p_team_id AND season_year = p_season_year;

        WHEN 'msi' THEN
            UPDATE team_statistics
            SET msi_points = msi_points + p_points
            WHERE team_id = p_team_id AND season_year = p_season_year;

        WHEN 'worlds' THEN
            UPDATE team_statistics
            SET worlds_points = worlds_points + p_points
            WHERE team_id = p_team_id AND season_year = p_season_year;
        
        ELSE
            -- 其他类型积分（如洲际赛）不计入分类积分
            NULL;
    END CASE;

    -- 4. 更新总积分（不包含洲际赛）
    UPDATE team_statistics
    SET total_points = spring_points + summer_points + playoff_points + msi_points + worlds_points,
        last_updated = CURRENT_TIMESTAMP
    WHERE team_id = p_team_id AND season_year = p_season_year;

    RAISE NOTICE 'Awarded % points to team_id=% for % (season %)', p_points, p_team_id, p_point_type, p_season_year;
END;
$$;


ALTER FUNCTION public.award_points_to_team(p_team_id integer, p_season_year integer, p_points integer, p_point_type character varying, p_competition_id integer, p_match_id integer, p_description text) OWNER TO postgres;

--
-- Name: FUNCTION award_points_to_team(p_team_id integer, p_season_year integer, p_points integer, p_point_type character varying, p_competition_id integer, p_match_id integer, p_description text); Type: COMMENT; Schema: public; Owner: postgres
--

COMMENT ON FUNCTION public.award_points_to_team(p_team_id integer, p_season_year integer, p_points integer, p_point_type character varying, p_competition_id integer, p_match_id integer, p_description text) IS '给战队分配积分，自动更新team_statistics和score_records';


--
-- Name: calculate_win_rate(integer, integer); Type: FUNCTION; Schema: public; Owner: postgres
--

CREATE FUNCTION public.calculate_win_rate(wins integer, total_matches integer) RETURNS numeric
    LANGUAGE plpgsql IMMUTABLE
    AS $$
BEGIN
    IF total_matches = 0 THEN
        RETURN 0.00;
    END IF;
    RETURN ROUND((wins::DECIMAL / total_matches::DECIMAL) * 100, 2);
END;
$$;


ALTER FUNCTION public.calculate_win_rate(wins integer, total_matches integer) OWNER TO postgres;

--
-- Name: FUNCTION calculate_win_rate(wins integer, total_matches integer); Type: COMMENT; Schema: public; Owner: postgres
--

COMMENT ON FUNCTION public.calculate_win_rate(wins integer, total_matches integer) IS '计算胜率百分比';


--
-- Name: get_team_points_breakdown(integer, integer); Type: FUNCTION; Schema: public; Owner: postgres
--

CREATE FUNCTION public.get_team_points_breakdown(p_team_id integer, p_season_year integer) RETURNS TABLE(team_id integer, team_name character varying, season_year integer, total_points integer, spring_points integer, summer_points integer, spring_playoff_points integer, summer_playoff_points integer, playoff_points integer, msi_points integer, worlds_points integer, point_details jsonb)
    LANGUAGE plpgsql
    AS $$
BEGIN
  RETURN QUERY
  SELECT 
    t.id,
    t.name,
    ts.season_year,
    ts.total_points,
    ts.spring_points,
    ts.summer_points,
    -- 春季赛季后赛积分
    COALESCE((
      SELECT SUM(sr.points)::INTEGER
      FROM score_records sr
      WHERE sr.team_id = p_team_id 
        AND sr.season_year = p_season_year
        AND sr.point_type = 'spring_playoff'
    ), 0) AS spring_playoff_points,
    -- 夏季赛季后赛积分
    COALESCE((
      SELECT SUM(sr.points)::INTEGER
      FROM score_records sr
      WHERE sr.team_id = p_team_id 
        AND sr.season_year = p_season_year
        AND sr.point_type = 'summer_playoff'
    ), 0) AS summer_playoff_points,
    ts.playoff_points,
    ts.msi_points,
    ts.worlds_points,
    -- 积分详情
    COALESCE((
      SELECT jsonb_agg(
        jsonb_build_object(
          'point_type', sr.point_type,
          'points', sr.points,
          'earned_at', sr.earned_at,
          'description', sr.description
        ) ORDER BY sr.earned_at DESC
      )
      FROM score_records sr
      WHERE sr.team_id = p_team_id AND sr.season_year = p_season_year
    ), '[]'::jsonb) AS point_details
  FROM teams t
  LEFT JOIN team_statistics ts ON t.id = ts.team_id AND ts.season_year = p_season_year
  WHERE t.id = p_team_id;
END;
$$;


ALTER FUNCTION public.get_team_points_breakdown(p_team_id integer, p_season_year integer) OWNER TO postgres;

--
-- Name: FUNCTION get_team_points_breakdown(p_team_id integer, p_season_year integer); Type: COMMENT; Schema: public; Owner: postgres
--

COMMENT ON FUNCTION public.get_team_points_breakdown(p_team_id integer, p_season_year integer) IS '获取战队积分详情，包含春季和夏季季后赛积分';


--
-- Name: process_match_result(); Type: FUNCTION; Schema: public; Owner: postgres
--

CREATE FUNCTION public.process_match_result() RETURNS trigger
    LANGUAGE plpgsql
    AS $$
BEGIN
    -- 只在比赛完成时处理
    IF NEW.status = 'completed' AND OLD.status != 'completed' THEN
        -- 更新战队统计
        UPDATE teams SET
            total_matches = total_matches + 1,
            total_wins = CASE WHEN NEW.winner_id = id THEN total_wins + 1 ELSE total_wins END,
            total_losses = CASE WHEN NEW.winner_id != id THEN total_losses + 1 ELSE total_losses END,
            net_round_difference = CASE
                WHEN id = NEW.team_a_id THEN net_round_difference + (NEW.score_a - NEW.score_b)
                WHEN id = NEW.team_b_id THEN net_round_difference + (NEW.score_b - NEW.score_a)
                ELSE net_round_difference
            END
        WHERE id IN (NEW.team_a_id, NEW.team_b_id);

        -- 更新或创建交锋记录
        INSERT INTO head_to_head_records (team_a_id, team_b_id, total_matches, team_a_wins, team_b_wins, last_match_date, last_match_id)
        VALUES (
            LEAST(NEW.team_a_id, NEW.team_b_id),
            GREATEST(NEW.team_a_id, NEW.team_b_id),
            1,
            CASE WHEN NEW.winner_id = LEAST(NEW.team_a_id, NEW.team_b_id) THEN 1 ELSE 0 END,
            CASE WHEN NEW.winner_id = GREATEST(NEW.team_a_id, NEW.team_b_id) THEN 1 ELSE 0 END,
            CURRENT_DATE,
            NEW.id
        )
        ON CONFLICT (team_a_id, team_b_id) DO UPDATE SET
            total_matches = head_to_head_records.total_matches + 1,
            team_a_wins = CASE WHEN NEW.winner_id = head_to_head_records.team_a_id
                          THEN head_to_head_records.team_a_wins + 1
                          ELSE head_to_head_records.team_a_wins END,
            team_b_wins = CASE WHEN NEW.winner_id = head_to_head_records.team_b_id
                          THEN head_to_head_records.team_b_wins + 1
                          ELSE head_to_head_records.team_b_wins END,
            last_match_date = CURRENT_DATE,
            last_match_id = NEW.id;
    END IF;

    RETURN NEW;
END;
$$;


ALTER FUNCTION public.process_match_result() OWNER TO postgres;

--
-- Name: recalculate_team_points(integer); Type: FUNCTION; Schema: public; Owner: postgres
--

CREATE FUNCTION public.recalculate_team_points(p_season_year integer) RETURNS TABLE(team_id integer, team_name character varying, old_total_points integer, new_total_points integer)
    LANGUAGE plpgsql
    AS $$
BEGIN
    RETURN QUERY
    WITH points_summary AS (
        SELECT
            sr.team_id,
            SUM(CASE WHEN sr.point_type = 'spring_regular' THEN sr.points ELSE 0 END) as spring_pts,
            SUM(CASE WHEN sr.point_type = 'summer_regular' THEN sr.points ELSE 0 END) as summer_pts,
            SUM(CASE WHEN sr.point_type IN ('spring_playoff', 'summer_playoff') THEN sr.points ELSE 0 END) as playoff_pts,
            SUM(CASE WHEN sr.point_type = 'msi' THEN sr.points ELSE 0 END) as msi_pts,
            SUM(CASE WHEN sr.point_type = 'worlds' THEN sr.points ELSE 0 END) as worlds_pts
        FROM score_records sr
        WHERE sr.season_year = p_season_year
        GROUP BY sr.team_id
    )
    SELECT
        ts.team_id,
        t.name,
        ts.total_points as old_total,
        COALESCE(ps.spring_pts, 0) + COALESCE(ps.summer_pts, 0) + 
        COALESCE(ps.playoff_pts, 0) + COALESCE(ps.msi_pts, 0) + 
        COALESCE(ps.worlds_pts, 0) as new_total
    FROM team_statistics ts
    JOIN teams t ON ts.team_id = t.id
    LEFT JOIN points_summary ps ON ts.team_id = ps.team_id
    WHERE ts.season_year = p_season_year;

    -- 执行更新
    UPDATE team_statistics ts
    SET
        spring_points = COALESCE(ps.spring_pts, 0),
        summer_points = COALESCE(ps.summer_pts, 0),
        playoff_points = COALESCE(ps.playoff_pts, 0),
        msi_points = COALESCE(ps.msi_pts, 0),
        worlds_points = COALESCE(ps.worlds_pts, 0),
        total_points = COALESCE(ps.spring_pts, 0) + COALESCE(ps.summer_pts, 0) + 
                      COALESCE(ps.playoff_pts, 0) + COALESCE(ps.msi_pts, 0) + 
                      COALESCE(ps.worlds_pts, 0),
        last_updated = CURRENT_TIMESTAMP
    FROM (
        SELECT
            sr.team_id,
            SUM(CASE WHEN sr.point_type = 'spring_regular' THEN sr.points ELSE 0 END) as spring_pts,
            SUM(CASE WHEN sr.point_type = 'summer_regular' THEN sr.points ELSE 0 END) as summer_pts,
            SUM(CASE WHEN sr.point_type IN ('spring_playoff', 'summer_playoff') THEN sr.points ELSE 0 END) as playoff_pts,
            SUM(CASE WHEN sr.point_type = 'msi' THEN sr.points ELSE 0 END) as msi_pts,
            SUM(CASE WHEN sr.point_type = 'worlds' THEN sr.points ELSE 0 END) as worlds_pts
        FROM score_records sr
        WHERE sr.season_year = p_season_year
        GROUP BY sr.team_id
    ) ps
    WHERE ts.team_id = ps.team_id AND ts.season_year = p_season_year;
END;
$$;


ALTER FUNCTION public.recalculate_team_points(p_season_year integer) OWNER TO postgres;

--
-- Name: FUNCTION recalculate_team_points(p_season_year integer); Type: COMMENT; Schema: public; Owner: postgres
--

COMMENT ON FUNCTION public.recalculate_team_points(p_season_year integer) IS '重新计算指定赛季所有战队的积分';


--
-- Name: refresh_regional_standings(integer, integer, character varying); Type: FUNCTION; Schema: public; Owner: postgres
--

CREATE FUNCTION public.refresh_regional_standings(p_region_id integer, p_season_id integer, p_competition_type character varying) RETURNS void
    LANGUAGE plpgsql
    AS $$
BEGIN
    -- 根据比赛结果重新计算积分榜
    -- 这个函数会在RankingService中调用
    -- 暂时留空，由后端服务实现具体逻辑
    RAISE NOTICE 'Refreshing regional standings for region_id=%, season_id=%, type=%',
        p_region_id, p_season_id, p_competition_type;
END;
$$;


ALTER FUNCTION public.refresh_regional_standings(p_region_id integer, p_season_id integer, p_competition_type character varying) OWNER TO postgres;

--
-- Name: FUNCTION refresh_regional_standings(p_region_id integer, p_season_id integer, p_competition_type character varying); Type: COMMENT; Schema: public; Owner: postgres
--

COMMENT ON FUNCTION public.refresh_regional_standings(p_region_id integer, p_season_id integer, p_competition_type character varying) IS '刷新赛区常规赛积分榜';


--
-- Name: update_msi_updated_at(); Type: FUNCTION; Schema: public; Owner: postgres
--

CREATE FUNCTION public.update_msi_updated_at() RETURNS trigger
    LANGUAGE plpgsql
    AS $$
BEGIN
  NEW.updated_at = CURRENT_TIMESTAMP;
  RETURN NEW;
END;
$$;


ALTER FUNCTION public.update_msi_updated_at() OWNER TO postgres;

--
-- Name: update_playoff_updated_at(); Type: FUNCTION; Schema: public; Owner: postgres
--

CREATE FUNCTION public.update_playoff_updated_at() RETURNS trigger
    LANGUAGE plpgsql
    AS $$
      BEGIN
        NEW.updated_at = CURRENT_TIMESTAMP;
        RETURN NEW;
      END;
      $$;


ALTER FUNCTION public.update_playoff_updated_at() OWNER TO postgres;

--
-- Name: update_super_updated_at(); Type: FUNCTION; Schema: public; Owner: postgres
--

CREATE FUNCTION public.update_super_updated_at() RETURNS trigger
    LANGUAGE plpgsql
    AS $$
BEGIN
    NEW.updated_at = CURRENT_TIMESTAMP;
    RETURN NEW;
END;
$$;


ALTER FUNCTION public.update_super_updated_at() OWNER TO postgres;

--
-- Name: update_updated_at(); Type: FUNCTION; Schema: public; Owner: postgres
--

CREATE FUNCTION public.update_updated_at() RETURNS trigger
    LANGUAGE plpgsql
    AS $$
BEGIN
    NEW.updated_at = CURRENT_TIMESTAMP;
    RETURN NEW;
END;
$$;


ALTER FUNCTION public.update_updated_at() OWNER TO postgres;

--
-- Name: update_worlds_updated_at(); Type: FUNCTION; Schema: public; Owner: postgres
--

CREATE FUNCTION public.update_worlds_updated_at() RETURNS trigger
    LANGUAGE plpgsql
    AS $$
BEGIN
    NEW.updated_at = CURRENT_TIMESTAMP;
    RETURN NEW;
END;
$$;


ALTER FUNCTION public.update_worlds_updated_at() OWNER TO postgres;

SET default_tablespace = '';

SET default_table_access_method = heap;

--
-- Name: annual_rankings; Type: TABLE; Schema: public; Owner: postgres
--

CREATE TABLE public.annual_rankings (
    id integer NOT NULL,
    team_id integer NOT NULL,
    season_id integer NOT NULL,
    total_points integer DEFAULT 0,
    spring_points integer DEFAULT 0,
    summer_points integer DEFAULT 0,
    playoff_points integer DEFAULT 0,
    msi_points integer DEFAULT 0,
    worlds_points integer DEFAULT 0,
    intercontinental_points integer DEFAULT 0,
    achievements jsonb DEFAULT '[]'::jsonb,
    "position" integer,
    last_updated timestamp without time zone DEFAULT CURRENT_TIMESTAMP,
    created_at timestamp without time zone DEFAULT CURRENT_TIMESTAMP,
    updated_at timestamp without time zone DEFAULT CURRENT_TIMESTAMP,
    new_season_id character varying(10)
);


ALTER TABLE public.annual_rankings OWNER TO postgres;

--
-- Name: TABLE annual_rankings; Type: COMMENT; Schema: public; Owner: postgres
--

COMMENT ON TABLE public.annual_rankings IS '年度积分排名表';


--
-- Name: COLUMN annual_rankings.total_points; Type: COMMENT; Schema: public; Owner: postgres
--

COMMENT ON COLUMN public.annual_rankings.total_points IS '年度总积分（不包含洲际赛荣誉积分）';


--
-- Name: COLUMN annual_rankings.intercontinental_points; Type: COMMENT; Schema: public; Owner: postgres
--

COMMENT ON COLUMN public.annual_rankings.intercontinental_points IS '洲际赛荣誉积分（仅展示，不计入总分）';


--
-- Name: COLUMN annual_rankings.achievements; Type: COMMENT; Schema: public; Owner: postgres
--

COMMENT ON COLUMN public.annual_rankings.achievements IS 'JSON数组，存储成就列表';


--
-- Name: annual_rankings_backup; Type: TABLE; Schema: public; Owner: postgres
--

CREATE TABLE public.annual_rankings_backup (
    id integer,
    team_id integer,
    season_id integer,
    total_points integer,
    spring_points integer,
    summer_points integer,
    playoff_points integer,
    msi_points integer,
    worlds_points integer,
    intercontinental_points integer,
    achievements jsonb,
    "position" integer,
    last_updated timestamp without time zone,
    created_at timestamp without time zone,
    updated_at timestamp without time zone
);


ALTER TABLE public.annual_rankings_backup OWNER TO postgres;

--
-- Name: annual_rankings_id_seq; Type: SEQUENCE; Schema: public; Owner: postgres
--

CREATE SEQUENCE public.annual_rankings_id_seq
    AS integer
    START WITH 1
    INCREMENT BY 1
    NO MINVALUE
    NO MAXVALUE
    CACHE 1;


ALTER SEQUENCE public.annual_rankings_id_seq OWNER TO postgres;

--
-- Name: annual_rankings_id_seq; Type: SEQUENCE OWNED BY; Schema: public; Owner: postgres
--

ALTER SEQUENCE public.annual_rankings_id_seq OWNED BY public.annual_rankings.id;


--
-- Name: competition_teams; Type: TABLE; Schema: public; Owner: postgres
--

CREATE TABLE public.competition_teams (
    id integer NOT NULL,
    competition_id integer,
    team_id integer,
    seed integer,
    group_name character varying(10),
    joined_at timestamp without time zone DEFAULT CURRENT_TIMESTAMP
);


ALTER TABLE public.competition_teams OWNER TO postgres;

--
-- Name: competition_teams_id_seq; Type: SEQUENCE; Schema: public; Owner: postgres
--

CREATE SEQUENCE public.competition_teams_id_seq
    AS integer
    START WITH 1
    INCREMENT BY 1
    NO MINVALUE
    NO MAXVALUE
    CACHE 1;


ALTER SEQUENCE public.competition_teams_id_seq OWNER TO postgres;

--
-- Name: competition_teams_id_seq; Type: SEQUENCE OWNED BY; Schema: public; Owner: postgres
--

ALTER SEQUENCE public.competition_teams_id_seq OWNED BY public.competition_teams.id;


--
-- Name: competitions; Type: TABLE; Schema: public; Owner: postgres
--

CREATE TABLE public.competitions (
    id integer NOT NULL,
    season_id integer,
    type character varying(20) NOT NULL,
    name character varying(100) NOT NULL,
    format jsonb DEFAULT '{}'::jsonb NOT NULL,
    scoring_rules jsonb DEFAULT '{}'::jsonb NOT NULL,
    status character varying(20) DEFAULT 'planning'::character varying,
    max_teams integer DEFAULT 40,
    start_date date,
    end_date date,
    description text,
    created_at timestamp without time zone DEFAULT CURRENT_TIMESTAMP,
    updated_at timestamp without time zone DEFAULT CURRENT_TIMESTAMP,
    new_id character varying(100),
    new_season_id character varying(10),
    display_name character varying(200),
    competition_code character varying(100),
    CONSTRAINT competitions_status_check CHECK (((status)::text = ANY ((ARRAY['planning'::character varying, 'active'::character varying, 'completed'::character varying])::text[]))),
    CONSTRAINT competitions_type_check CHECK (((type)::text = ANY ((ARRAY['spring'::character varying, 'summer'::character varying, 'msi'::character varying, 'worlds'::character varying])::text[])))
);


ALTER TABLE public.competitions OWNER TO postgres;

--
-- Name: competitions_backup; Type: TABLE; Schema: public; Owner: postgres
--

CREATE TABLE public.competitions_backup (
    id integer,
    season_id integer,
    type character varying(20),
    name character varying(100),
    format jsonb,
    scoring_rules jsonb,
    status character varying(20),
    max_teams integer,
    start_date date,
    end_date date,
    description text,
    created_at timestamp without time zone,
    updated_at timestamp without time zone
);


ALTER TABLE public.competitions_backup OWNER TO postgres;

--
-- Name: competitions_id_seq; Type: SEQUENCE; Schema: public; Owner: postgres
--

CREATE SEQUENCE public.competitions_id_seq
    AS integer
    START WITH 1
    INCREMENT BY 1
    NO MINVALUE
    NO MAXVALUE
    CACHE 1;


ALTER SEQUENCE public.competitions_id_seq OWNER TO postgres;

--
-- Name: competitions_id_seq; Type: SEQUENCE OWNED BY; Schema: public; Owner: postgres
--

ALTER SEQUENCE public.competitions_id_seq OWNED BY public.competitions.id;


--
-- Name: head_to_head_records; Type: TABLE; Schema: public; Owner: postgres
--

CREATE TABLE public.head_to_head_records (
    id integer NOT NULL,
    team_a_id integer,
    team_b_id integer,
    total_matches integer DEFAULT 0,
    team_a_wins integer DEFAULT 0,
    team_b_wins integer DEFAULT 0,
    last_match_date date,
    last_match_id integer,
    CONSTRAINT head_to_head_records_check CHECK ((team_a_id < team_b_id))
);


ALTER TABLE public.head_to_head_records OWNER TO postgres;

--
-- Name: head_to_head_records_id_seq; Type: SEQUENCE; Schema: public; Owner: postgres
--

CREATE SEQUENCE public.head_to_head_records_id_seq
    AS integer
    START WITH 1
    INCREMENT BY 1
    NO MINVALUE
    NO MAXVALUE
    CACHE 1;


ALTER SEQUENCE public.head_to_head_records_id_seq OWNER TO postgres;

--
-- Name: head_to_head_records_id_seq; Type: SEQUENCE OWNED BY; Schema: public; Owner: postgres
--

ALTER SEQUENCE public.head_to_head_records_id_seq OWNED BY public.head_to_head_records.id;


--
-- Name: honor_records; Type: TABLE; Schema: public; Owner: postgres
--

CREATE TABLE public.honor_records (
    id integer NOT NULL,
    season_id integer NOT NULL,
    competition_id integer NOT NULL,
    team_id integer NOT NULL,
    "position" integer NOT NULL,
    points integer DEFAULT 0,
    achievement_date timestamp without time zone,
    special_record text,
    created_at timestamp without time zone DEFAULT CURRENT_TIMESTAMP,
    updated_at timestamp without time zone DEFAULT CURRENT_TIMESTAMP,
    new_season_id character varying(10),
    new_competition_id character varying(100),
    CONSTRAINT honor_records_position_check CHECK ((("position" >= 1) AND ("position" <= 4)))
);


ALTER TABLE public.honor_records OWNER TO postgres;

--
-- Name: TABLE honor_records; Type: COMMENT; Schema: public; Owner: postgres
--

COMMENT ON TABLE public.honor_records IS '荣誉记录表，存储各赛事的冠亚季军';


--
-- Name: COLUMN honor_records."position"; Type: COMMENT; Schema: public; Owner: postgres
--

COMMENT ON COLUMN public.honor_records."position" IS '名次：1=冠军, 2=亚军, 3=季军, 4=第四名';


--
-- Name: COLUMN honor_records.special_record; Type: COMMENT; Schema: public; Owner: postgres
--

COMMENT ON COLUMN public.honor_records.special_record IS '特殊记录，如"三连冠"、"不败夺冠"等';


--
-- Name: honor_records_backup; Type: TABLE; Schema: public; Owner: postgres
--

CREATE TABLE public.honor_records_backup (
    id integer,
    season_id integer,
    competition_id integer,
    team_id integer,
    "position" integer,
    points integer,
    achievement_date timestamp without time zone,
    special_record text,
    created_at timestamp without time zone,
    updated_at timestamp without time zone
);


ALTER TABLE public.honor_records_backup OWNER TO postgres;

--
-- Name: honor_records_id_seq; Type: SEQUENCE; Schema: public; Owner: postgres
--

CREATE SEQUENCE public.honor_records_id_seq
    AS integer
    START WITH 1
    INCREMENT BY 1
    NO MINVALUE
    NO MAXVALUE
    CACHE 1;


ALTER SEQUENCE public.honor_records_id_seq OWNER TO postgres;

--
-- Name: honor_records_id_seq; Type: SEQUENCE OWNED BY; Schema: public; Owner: postgres
--

ALTER SEQUENCE public.honor_records_id_seq OWNED BY public.honor_records.id;


--
-- Name: matches; Type: TABLE; Schema: public; Owner: postgres
--

CREATE TABLE public.matches (
    id integer NOT NULL,
    competition_id integer,
    team_a_id integer,
    team_b_id integer,
    score_a integer DEFAULT 0,
    score_b integer DEFAULT 0,
    winner_id integer,
    format character varying(10) DEFAULT 'BO3'::character varying,
    phase character varying(50) NOT NULL,
    round_number integer,
    match_number integer,
    status character varying(20) DEFAULT 'scheduled'::character varying,
    scheduled_at timestamp without time zone,
    started_at timestamp without time zone,
    completed_at timestamp without time zone,
    notes text,
    created_at timestamp without time zone DEFAULT CURRENT_TIMESTAMP,
    updated_at timestamp without time zone DEFAULT CURRENT_TIMESTAMP,
    new_id character varying(150),
    new_competition_id character varying(100),
    new_season_id character varying(10),
    match_code character varying(150),
    competition_code character varying(100),
    season_code character varying(10),
    CONSTRAINT matches_check CHECK ((team_a_id <> team_b_id)),
    CONSTRAINT matches_check1 CHECK ((((winner_id = team_a_id) OR (winner_id = team_b_id)) OR (winner_id IS NULL))),
    CONSTRAINT matches_format_check CHECK (((format)::text = ANY ((ARRAY['BO1'::character varying, 'BO3'::character varying, 'BO5'::character varying])::text[]))),
    CONSTRAINT matches_status_check CHECK (((status)::text = ANY ((ARRAY['scheduled'::character varying, 'in_progress'::character varying, 'completed'::character varying, 'cancelled'::character varying])::text[])))
);


ALTER TABLE public.matches OWNER TO postgres;

--
-- Name: matches_backup; Type: TABLE; Schema: public; Owner: postgres
--

CREATE TABLE public.matches_backup (
    id integer,
    competition_id integer,
    team_a_id integer,
    team_b_id integer,
    score_a integer,
    score_b integer,
    winner_id integer,
    format character varying(10),
    phase character varying(50),
    round_number integer,
    match_number integer,
    status character varying(20),
    scheduled_at timestamp without time zone,
    started_at timestamp without time zone,
    completed_at timestamp without time zone,
    notes text,
    created_at timestamp without time zone,
    updated_at timestamp without time zone
);


ALTER TABLE public.matches_backup OWNER TO postgres;

--
-- Name: matches_id_seq; Type: SEQUENCE; Schema: public; Owner: postgres
--

CREATE SEQUENCE public.matches_id_seq
    AS integer
    START WITH 1
    INCREMENT BY 1
    NO MINVALUE
    NO MAXVALUE
    CACHE 1;


ALTER SEQUENCE public.matches_id_seq OWNER TO postgres;

--
-- Name: matches_id_seq; Type: SEQUENCE OWNED BY; Schema: public; Owner: postgres
--

ALTER SEQUENCE public.matches_id_seq OWNED BY public.matches.id;


--
-- Name: msi_brackets; Type: TABLE; Schema: public; Owner: postgres
--

CREATE TABLE public.msi_brackets (
    id integer NOT NULL,
    season_id integer NOT NULL,
    season_year integer NOT NULL,
    status character varying(20) DEFAULT 'not_started'::character varying NOT NULL,
    qualified_teams jsonb NOT NULL,
    legendary_group jsonb NOT NULL,
    challenger_group jsonb NOT NULL,
    qualifier_group jsonb NOT NULL,
    champion_id integer,
    runner_up_id integer,
    third_place_id integer,
    fourth_place_id integer,
    loser_round_2 jsonb,
    loser_round_1 jsonb,
    points_distribution jsonb DEFAULT '{"champion": 20, "runnerUp": 16, "thirdPlace": 12, "fourthPlace": 8, "loserRound1": 4, "loserRound2": 6}'::jsonb NOT NULL,
    created_at timestamp with time zone DEFAULT CURRENT_TIMESTAMP,
    updated_at timestamp with time zone DEFAULT CURRENT_TIMESTAMP,
    new_season_id character varying(10),
    CONSTRAINT msi_brackets_status_check CHECK (((status)::text = ANY ((ARRAY['not_started'::character varying, 'in_progress'::character varying, 'completed'::character varying])::text[])))
);


ALTER TABLE public.msi_brackets OWNER TO postgres;

--
-- Name: TABLE msi_brackets; Type: COMMENT; Schema: public; Owner: postgres
--

COMMENT ON TABLE public.msi_brackets IS 'MSI季中邀请赛对阵表';


--
-- Name: COLUMN msi_brackets.qualified_teams; Type: COMMENT; Schema: public; Owner: postgres
--

COMMENT ON COLUMN public.msi_brackets.qualified_teams IS '12支参赛队伍的完整信息(JSON数组)';


--
-- Name: COLUMN msi_brackets.legendary_group; Type: COMMENT; Schema: public; Owner: postgres
--

COMMENT ON COLUMN public.msi_brackets.legendary_group IS '传奇组4队:各赛区春季赛冠军';


--
-- Name: COLUMN msi_brackets.challenger_group; Type: COMMENT; Schema: public; Owner: postgres
--

COMMENT ON COLUMN public.msi_brackets.challenger_group IS '挑战者组4队:各赛区春季赛亚军';


--
-- Name: COLUMN msi_brackets.qualifier_group; Type: COMMENT; Schema: public; Owner: postgres
--

COMMENT ON COLUMN public.msi_brackets.qualifier_group IS '资格赛组4队:各赛区春季赛季军';


--
-- Name: COLUMN msi_brackets.points_distribution; Type: COMMENT; Schema: public; Owner: postgres
--

COMMENT ON COLUMN public.msi_brackets.points_distribution IS '积分分配规则(JSON对象)';


--
-- Name: msi_brackets_backup; Type: TABLE; Schema: public; Owner: postgres
--

CREATE TABLE public.msi_brackets_backup (
    id integer,
    season_id integer,
    season_year integer,
    status character varying(20),
    qualified_teams jsonb,
    legendary_group jsonb,
    challenger_group jsonb,
    qualifier_group jsonb,
    champion_id integer,
    runner_up_id integer,
    third_place_id integer,
    fourth_place_id integer,
    loser_round_2 jsonb,
    loser_round_1 jsonb,
    points_distribution jsonb,
    created_at timestamp with time zone,
    updated_at timestamp with time zone
);


ALTER TABLE public.msi_brackets_backup OWNER TO postgres;

--
-- Name: msi_brackets_id_seq; Type: SEQUENCE; Schema: public; Owner: postgres
--

CREATE SEQUENCE public.msi_brackets_id_seq
    AS integer
    START WITH 1
    INCREMENT BY 1
    NO MINVALUE
    NO MAXVALUE
    CACHE 1;


ALTER SEQUENCE public.msi_brackets_id_seq OWNER TO postgres;

--
-- Name: msi_brackets_id_seq; Type: SEQUENCE OWNED BY; Schema: public; Owner: postgres
--

ALTER SEQUENCE public.msi_brackets_id_seq OWNED BY public.msi_brackets.id;


--
-- Name: msi_matches; Type: TABLE; Schema: public; Owner: postgres
--

CREATE TABLE public.msi_matches (
    id integer NOT NULL,
    msi_bracket_id integer NOT NULL,
    round_number integer NOT NULL,
    match_type character varying(30) NOT NULL,
    bracket_type character varying(20) NOT NULL,
    best_of integer DEFAULT 5 NOT NULL,
    match_number integer,
    team_a_id integer,
    team_b_id integer,
    team_a_name character varying(100),
    team_b_name character varying(100),
    team_a_seed integer,
    team_b_seed integer,
    score_a integer DEFAULT 0 NOT NULL,
    score_b integer DEFAULT 0 NOT NULL,
    winner_id integer,
    status character varying(20) DEFAULT 'pending'::character varying NOT NULL,
    next_match_id integer,
    loser_next_match_id integer,
    scheduled_at timestamp with time zone,
    completed_at timestamp with time zone,
    created_at timestamp with time zone DEFAULT CURRENT_TIMESTAMP,
    updated_at timestamp with time zone DEFAULT CURRENT_TIMESTAMP,
    new_msi_bracket_id character varying(100),
    CONSTRAINT msi_matches_bracket_type_check CHECK (((bracket_type)::text = ANY ((ARRAY['winners'::character varying, 'losers'::character varying, 'qualifier'::character varying, 'challenger'::character varying, 'grand_final'::character varying])::text[]))),
    CONSTRAINT msi_matches_match_type_check CHECK (((match_type)::text = ANY ((ARRAY['qualifier_knockout'::character varying, 'challenger_match'::character varying, 'losers_round_1'::character varying, 'losers_round_2'::character varying, 'winners_round_1'::character varying, 'losers_round_3'::character varying, 'losers_round_4'::character varying, 'winners_round_2'::character varying, 'losers_final'::character varying, 'grand_final'::character varying])::text[]))),
    CONSTRAINT msi_matches_status_check CHECK (((status)::text = ANY ((ARRAY['pending'::character varying, 'in_progress'::character varying, 'completed'::character varying])::text[])))
);


ALTER TABLE public.msi_matches OWNER TO postgres;

--
-- Name: TABLE msi_matches; Type: COMMENT; Schema: public; Owner: postgres
--

COMMENT ON TABLE public.msi_matches IS 'MSI季中邀请赛比赛表';


--
-- Name: COLUMN msi_matches.match_type; Type: COMMENT; Schema: public; Owner: postgres
--

COMMENT ON COLUMN public.msi_matches.match_type IS '比赛类型:qualifier_knockout, challenger_match, losers_round_1-4, winners_round_1-2, losers_final, grand_final';


--
-- Name: COLUMN msi_matches.bracket_type; Type: COMMENT; Schema: public; Owner: postgres
--

COMMENT ON COLUMN public.msi_matches.bracket_type IS '对阵组类型:winners, losers, qualifier, challenger, grand_final';


--
-- Name: COLUMN msi_matches.best_of; Type: COMMENT; Schema: public; Owner: postgres
--

COMMENT ON COLUMN public.msi_matches.best_of IS 'BO几,MSI全部为BO5';


--
-- Name: COLUMN msi_matches.next_match_id; Type: COMMENT; Schema: public; Owner: postgres
--

COMMENT ON COLUMN public.msi_matches.next_match_id IS '胜者进入的下一场比赛';


--
-- Name: COLUMN msi_matches.loser_next_match_id; Type: COMMENT; Schema: public; Owner: postgres
--

COMMENT ON COLUMN public.msi_matches.loser_next_match_id IS '败者进入的下一场比赛(双败淘汰特有)';


--
-- Name: msi_matches_backup; Type: TABLE; Schema: public; Owner: postgres
--

CREATE TABLE public.msi_matches_backup (
    id integer,
    msi_bracket_id integer,
    round_number integer,
    match_type character varying(30),
    bracket_type character varying(20),
    best_of integer,
    match_number integer,
    team_a_id integer,
    team_b_id integer,
    team_a_name character varying(100),
    team_b_name character varying(100),
    team_a_seed integer,
    team_b_seed integer,
    score_a integer,
    score_b integer,
    winner_id integer,
    status character varying(20),
    next_match_id integer,
    loser_next_match_id integer,
    scheduled_at timestamp with time zone,
    completed_at timestamp with time zone,
    created_at timestamp with time zone,
    updated_at timestamp with time zone
);


ALTER TABLE public.msi_matches_backup OWNER TO postgres;

--
-- Name: msi_matches_id_seq; Type: SEQUENCE; Schema: public; Owner: postgres
--

CREATE SEQUENCE public.msi_matches_id_seq
    AS integer
    START WITH 1
    INCREMENT BY 1
    NO MINVALUE
    NO MAXVALUE
    CACHE 1;


ALTER SEQUENCE public.msi_matches_id_seq OWNER TO postgres;

--
-- Name: msi_matches_id_seq; Type: SEQUENCE OWNED BY; Schema: public; Owner: postgres
--

ALTER SEQUENCE public.msi_matches_id_seq OWNED BY public.msi_matches.id;


--
-- Name: playoff_brackets; Type: TABLE; Schema: public; Owner: postgres
--

CREATE TABLE public.playoff_brackets (
    id character varying(36) NOT NULL,
    competition_id integer,
    region_id integer,
    region_name character varying(100) NOT NULL,
    competition_type character varying(20) NOT NULL,
    status character varying(20) DEFAULT 'not_started'::character varying,
    qualified_teams jsonb DEFAULT '[]'::jsonb,
    champion_id integer,
    runner_up_id integer,
    third_place_id integer,
    fourth_place_id integer,
    points_distribution jsonb DEFAULT '{"champion": 12, "runnerUp": 10, "thirdPlace": 8, "fourthPlace": 6}'::jsonb,
    created_at timestamp without time zone DEFAULT CURRENT_TIMESTAMP,
    updated_at timestamp without time zone DEFAULT CURRENT_TIMESTAMP,
    new_season_id character varying(10)
);


ALTER TABLE public.playoff_brackets OWNER TO postgres;

--
-- Name: playoff_brackets_backup; Type: TABLE; Schema: public; Owner: postgres
--

CREATE TABLE public.playoff_brackets_backup (
    id character varying(36),
    competition_id integer,
    region_id integer,
    region_name character varying(100),
    competition_type character varying(20),
    status character varying(20),
    qualified_teams jsonb,
    champion_id integer,
    runner_up_id integer,
    third_place_id integer,
    fourth_place_id integer,
    points_distribution jsonb,
    created_at timestamp without time zone,
    updated_at timestamp without time zone
);


ALTER TABLE public.playoff_brackets_backup OWNER TO postgres;

--
-- Name: playoff_matches; Type: TABLE; Schema: public; Owner: postgres
--

CREATE TABLE public.playoff_matches (
    id character varying(36) NOT NULL,
    playoff_bracket_id character varying(36),
    competition_id integer,
    round_number integer NOT NULL,
    match_type character varying(20) NOT NULL,
    best_of integer DEFAULT 5,
    team_a_id integer,
    team_b_id integer,
    team_a_name character varying(255),
    team_b_name character varying(255),
    team_a_seed integer,
    team_b_seed integer,
    score_a integer DEFAULT 0,
    score_b integer DEFAULT 0,
    winner_id integer,
    status character varying(20) DEFAULT 'pending'::character varying,
    next_match_id character varying(36),
    loser_next_match_id character varying(36),
    scheduled_at timestamp without time zone,
    completed_at timestamp without time zone,
    created_at timestamp without time zone DEFAULT CURRENT_TIMESTAMP,
    updated_at timestamp without time zone DEFAULT CURRENT_TIMESTAMP,
    new_playoff_bracket_id character varying(100)
);


ALTER TABLE public.playoff_matches OWNER TO postgres;

--
-- Name: playoff_matches_backup; Type: TABLE; Schema: public; Owner: postgres
--

CREATE TABLE public.playoff_matches_backup (
    id character varying(36),
    playoff_bracket_id character varying(36),
    competition_id integer,
    round_number integer,
    match_type character varying(20),
    best_of integer,
    team_a_id integer,
    team_b_id integer,
    team_a_name character varying(255),
    team_b_name character varying(255),
    team_a_seed integer,
    team_b_seed integer,
    score_a integer,
    score_b integer,
    winner_id integer,
    status character varying(20),
    next_match_id character varying(36),
    loser_next_match_id character varying(36),
    scheduled_at timestamp without time zone,
    completed_at timestamp without time zone,
    created_at timestamp without time zone,
    updated_at timestamp without time zone
);


ALTER TABLE public.playoff_matches_backup OWNER TO postgres;

--
-- Name: regional_standings; Type: TABLE; Schema: public; Owner: postgres
--

CREATE TABLE public.regional_standings (
    id integer NOT NULL,
    team_id integer NOT NULL,
    region_id integer NOT NULL,
    season_id integer NOT NULL,
    competition_type character varying(20) NOT NULL,
    matches_played integer DEFAULT 0,
    wins integer DEFAULT 0,
    losses integer DEFAULT 0,
    win_rate numeric(5,2) DEFAULT 0.00,
    regular_season_points integer DEFAULT 0,
    round_differential integer DEFAULT 0,
    "position" integer,
    last_updated timestamp without time zone DEFAULT CURRENT_TIMESTAMP,
    created_at timestamp without time zone DEFAULT CURRENT_TIMESTAMP,
    updated_at timestamp without time zone DEFAULT CURRENT_TIMESTAMP,
    new_season_id character varying(10),
    CONSTRAINT regional_standings_competition_type_check CHECK (((competition_type)::text = ANY ((ARRAY['spring'::character varying, 'summer'::character varying])::text[])))
);


ALTER TABLE public.regional_standings OWNER TO postgres;

--
-- Name: TABLE regional_standings; Type: COMMENT; Schema: public; Owner: postgres
--

COMMENT ON TABLE public.regional_standings IS '赛区常规赛积分榜表';


--
-- Name: COLUMN regional_standings.competition_type; Type: COMMENT; Schema: public; Owner: postgres
--

COMMENT ON COLUMN public.regional_standings.competition_type IS '赛事类型：spring春季赛, summer夏季赛';


--
-- Name: COLUMN regional_standings.win_rate; Type: COMMENT; Schema: public; Owner: postgres
--

COMMENT ON COLUMN public.regional_standings.win_rate IS '胜率百分比，如 83.33';


--
-- Name: COLUMN regional_standings.round_differential; Type: COMMENT; Schema: public; Owner: postgres
--

COMMENT ON COLUMN public.regional_standings.round_differential IS '小场分差 = 赢的小场数 - 输的小场数';


--
-- Name: regional_standings_backup; Type: TABLE; Schema: public; Owner: postgres
--

CREATE TABLE public.regional_standings_backup (
    id integer,
    team_id integer,
    region_id integer,
    season_id integer,
    competition_type character varying(20),
    matches_played integer,
    wins integer,
    losses integer,
    win_rate numeric(5,2),
    regular_season_points integer,
    round_differential integer,
    "position" integer,
    last_updated timestamp without time zone,
    created_at timestamp without time zone,
    updated_at timestamp without time zone
);


ALTER TABLE public.regional_standings_backup OWNER TO postgres;

--
-- Name: regional_standings_id_seq; Type: SEQUENCE; Schema: public; Owner: postgres
--

CREATE SEQUENCE public.regional_standings_id_seq
    AS integer
    START WITH 1
    INCREMENT BY 1
    NO MINVALUE
    NO MAXVALUE
    CACHE 1;


ALTER SEQUENCE public.regional_standings_id_seq OWNER TO postgres;

--
-- Name: regional_standings_id_seq; Type: SEQUENCE OWNED BY; Schema: public; Owner: postgres
--

ALTER SEQUENCE public.regional_standings_id_seq OWNED BY public.regional_standings.id;


--
-- Name: regions; Type: TABLE; Schema: public; Owner: postgres
--

CREATE TABLE public.regions (
    id integer NOT NULL,
    name character varying(100) NOT NULL,
    code character varying(10) NOT NULL,
    description text,
    display_order integer DEFAULT 0,
    is_active boolean DEFAULT true,
    created_at timestamp without time zone DEFAULT CURRENT_TIMESTAMP,
    updated_at timestamp without time zone DEFAULT CURRENT_TIMESTAMP
);


ALTER TABLE public.regions OWNER TO postgres;

--
-- Name: regions_id_seq; Type: SEQUENCE; Schema: public; Owner: postgres
--

CREATE SEQUENCE public.regions_id_seq
    AS integer
    START WITH 1
    INCREMENT BY 1
    NO MINVALUE
    NO MAXVALUE
    CACHE 1;


ALTER SEQUENCE public.regions_id_seq OWNER TO postgres;

--
-- Name: regions_id_seq; Type: SEQUENCE OWNED BY; Schema: public; Owner: postgres
--

ALTER SEQUENCE public.regions_id_seq OWNED BY public.regions.id;


--
-- Name: score_records; Type: TABLE; Schema: public; Owner: postgres
--

CREATE TABLE public.score_records (
    id integer NOT NULL,
    team_id integer,
    competition_id integer,
    match_id integer,
    points integer DEFAULT 0 NOT NULL,
    point_type character varying(50) NOT NULL,
    season_year integer NOT NULL,
    earned_at timestamp without time zone DEFAULT CURRENT_TIMESTAMP,
    description text,
    created_at timestamp without time zone DEFAULT CURRENT_TIMESTAMP
);


ALTER TABLE public.score_records OWNER TO postgres;

--
-- Name: score_records_id_seq; Type: SEQUENCE; Schema: public; Owner: postgres
--

CREATE SEQUENCE public.score_records_id_seq
    AS integer
    START WITH 1
    INCREMENT BY 1
    NO MINVALUE
    NO MAXVALUE
    CACHE 1;


ALTER SEQUENCE public.score_records_id_seq OWNER TO postgres;

--
-- Name: score_records_id_seq; Type: SEQUENCE OWNED BY; Schema: public; Owner: postgres
--

ALTER SEQUENCE public.score_records_id_seq OWNED BY public.score_records.id;


--
-- Name: seasons; Type: TABLE; Schema: public; Owner: postgres
--

CREATE TABLE public.seasons (
    id integer NOT NULL,
    name character varying(50) NOT NULL,
    year integer NOT NULL,
    status character varying(20) DEFAULT 'planning'::character varying,
    current_phase character varying(50),
    start_date date,
    end_date date,
    description text,
    created_at timestamp without time zone DEFAULT CURRENT_TIMESTAMP,
    updated_at timestamp without time zone DEFAULT CURRENT_TIMESTAMP,
    display_name character varying(50),
    season_code character varying(10),
    CONSTRAINT seasons_status_check CHECK (((status)::text = ANY ((ARRAY['planning'::character varying, 'active'::character varying, 'completed'::character varying])::text[])))
);


ALTER TABLE public.seasons OWNER TO postgres;

--
-- Name: seasons_backup; Type: TABLE; Schema: public; Owner: postgres
--

CREATE TABLE public.seasons_backup (
    id integer,
    name character varying(50),
    year integer,
    status character varying(20),
    current_phase character varying(50),
    start_date date,
    end_date date,
    description text,
    created_at timestamp without time zone,
    updated_at timestamp without time zone
);


ALTER TABLE public.seasons_backup OWNER TO postgres;

--
-- Name: seasons_id_seq; Type: SEQUENCE; Schema: public; Owner: postgres
--

CREATE SEQUENCE public.seasons_id_seq
    AS integer
    START WITH 1
    INCREMENT BY 1
    NO MINVALUE
    NO MAXVALUE
    CACHE 1;


ALTER SEQUENCE public.seasons_id_seq OWNER TO postgres;

--
-- Name: seasons_id_seq; Type: SEQUENCE OWNED BY; Schema: public; Owner: postgres
--

ALTER SEQUENCE public.seasons_id_seq OWNED BY public.seasons.id;


--
-- Name: super_brackets; Type: TABLE; Schema: public; Owner: postgres
--

CREATE TABLE public.super_brackets (
    id integer NOT NULL,
    season1_id integer NOT NULL,
    season2_id integer NOT NULL,
    season1_code character varying(10) NOT NULL,
    season2_code character varying(10) NOT NULL,
    season1_year integer NOT NULL,
    season2_year integer NOT NULL,
    super_year integer NOT NULL,
    status character varying(50) DEFAULT 'not_started'::character varying NOT NULL,
    qualified_teams jsonb DEFAULT '[]'::jsonb NOT NULL,
    legendary_group jsonb DEFAULT '[]'::jsonb NOT NULL,
    challenger_group jsonb DEFAULT '[]'::jsonb NOT NULL,
    fighter_group jsonb DEFAULT '[]'::jsonb NOT NULL,
    fighter_group_a jsonb DEFAULT '[]'::jsonb NOT NULL,
    fighter_group_b jsonb DEFAULT '[]'::jsonb NOT NULL,
    challenger_winners jsonb,
    challenger_losers jsonb,
    fighter_qualifiers jsonb,
    advancement_winners jsonb,
    prep_winners_champion jsonb,
    prep_losers_final_winner jsonb,
    championship_teams jsonb,
    champion jsonb,
    runner_up jsonb,
    third_place jsonb,
    fourth_place jsonb,
    championship_round2_eliminated jsonb,
    championship_round1_eliminated jsonb,
    prep_stage_eliminated jsonb,
    advancement_eliminated jsonb,
    fighter_eliminated jsonb,
    created_at timestamp with time zone DEFAULT CURRENT_TIMESTAMP,
    updated_at timestamp with time zone DEFAULT CURRENT_TIMESTAMP
);


ALTER TABLE public.super_brackets OWNER TO postgres;

--
-- Name: TABLE super_brackets; Type: COMMENT; Schema: public; Owner: postgres
--

COMMENT ON TABLE public.super_brackets IS 'Super洲际超级杯主表';


--
-- Name: COLUMN super_brackets.status; Type: COMMENT; Schema: public; Owner: postgres
--

COMMENT ON COLUMN public.super_brackets.status IS '赛事状态: not_started, fighter_group, challenger_stage, preparation_stage, championship_stage, completed';


--
-- Name: super_brackets_id_seq; Type: SEQUENCE; Schema: public; Owner: postgres
--

CREATE SEQUENCE public.super_brackets_id_seq
    AS integer
    START WITH 1
    INCREMENT BY 1
    NO MINVALUE
    NO MAXVALUE
    CACHE 1;


ALTER SEQUENCE public.super_brackets_id_seq OWNER TO postgres;

--
-- Name: super_brackets_id_seq; Type: SEQUENCE OWNED BY; Schema: public; Owner: postgres
--

ALTER SEQUENCE public.super_brackets_id_seq OWNED BY public.super_brackets.id;


--
-- Name: super_fighter_standings; Type: TABLE; Schema: public; Owner: postgres
--

CREATE TABLE public.super_fighter_standings (
    id integer NOT NULL,
    super_id integer NOT NULL,
    team_id integer NOT NULL,
    team_name character varying(100) NOT NULL,
    region_name character varying(50) NOT NULL,
    group_name character varying(1) NOT NULL,
    matches_played integer DEFAULT 0 NOT NULL,
    wins integer DEFAULT 0 NOT NULL,
    losses integer DEFAULT 0 NOT NULL,
    record character varying(10),
    "position" integer,
    qualified boolean DEFAULT false,
    created_at timestamp with time zone DEFAULT CURRENT_TIMESTAMP,
    updated_at timestamp with time zone DEFAULT CURRENT_TIMESTAMP
);


ALTER TABLE public.super_fighter_standings OWNER TO postgres;

--
-- Name: TABLE super_fighter_standings; Type: COMMENT; Schema: public; Owner: postgres
--

COMMENT ON TABLE public.super_fighter_standings IS 'Fighter组积分榜';


--
-- Name: super_fighter_standings_id_seq; Type: SEQUENCE; Schema: public; Owner: postgres
--

CREATE SEQUENCE public.super_fighter_standings_id_seq
    AS integer
    START WITH 1
    INCREMENT BY 1
    NO MINVALUE
    NO MAXVALUE
    CACHE 1;


ALTER SEQUENCE public.super_fighter_standings_id_seq OWNER TO postgres;

--
-- Name: super_fighter_standings_id_seq; Type: SEQUENCE OWNED BY; Schema: public; Owner: postgres
--

ALTER SEQUENCE public.super_fighter_standings_id_seq OWNED BY public.super_fighter_standings.id;


--
-- Name: super_matches; Type: TABLE; Schema: public; Owner: postgres
--

CREATE TABLE public.super_matches (
    id integer NOT NULL,
    super_id integer NOT NULL,
    match_number integer NOT NULL,
    match_type character varying(50) NOT NULL,
    stage character varying(50) NOT NULL,
    best_of integer DEFAULT 5 NOT NULL,
    bracket_type character varying(50),
    group_name character varying(50),
    team_a_id integer,
    team_b_id integer,
    team_a_name character varying(100),
    team_b_name character varying(100),
    score_a integer DEFAULT 0,
    score_b integer DEFAULT 0,
    winner_id integer,
    winner_name character varying(100),
    status character varying(20) DEFAULT 'scheduled'::character varying NOT NULL,
    next_match_id integer,
    loser_next_match_id integer,
    scheduled_at timestamp with time zone,
    started_at timestamp with time zone,
    completed_at timestamp with time zone,
    created_at timestamp with time zone DEFAULT CURRENT_TIMESTAMP,
    updated_at timestamp with time zone DEFAULT CURRENT_TIMESTAMP
);


ALTER TABLE public.super_matches OWNER TO postgres;

--
-- Name: TABLE super_matches; Type: COMMENT; Schema: public; Owner: postgres
--

COMMENT ON TABLE public.super_matches IS 'Super洲际赛比赛表';


--
-- Name: COLUMN super_matches.match_type; Type: COMMENT; Schema: public; Owner: postgres
--

COMMENT ON COLUMN public.super_matches.match_type IS '比赛类型: fighter_group_a/b, challenger_positioning, advancement_match, prep_winners/losers/losers_final, championship_round1/2, third_place_match, grand_final';


--
-- Name: COLUMN super_matches.stage; Type: COMMENT; Schema: public; Owner: postgres
--

COMMENT ON COLUMN public.super_matches.stage IS '所属阶段: fighter_group, challenger_stage, preparation_stage, championship_stage';


--
-- Name: super_matches_id_seq; Type: SEQUENCE; Schema: public; Owner: postgres
--

CREATE SEQUENCE public.super_matches_id_seq
    AS integer
    START WITH 1
    INCREMENT BY 1
    NO MINVALUE
    NO MAXVALUE
    CACHE 1;


ALTER SEQUENCE public.super_matches_id_seq OWNER TO postgres;

--
-- Name: super_matches_id_seq; Type: SEQUENCE OWNED BY; Schema: public; Owner: postgres
--

ALTER SEQUENCE public.super_matches_id_seq OWNED BY public.super_matches.id;


--
-- Name: super_rounds; Type: TABLE; Schema: public; Owner: postgres
--

CREATE TABLE public.super_rounds (
    id integer NOT NULL,
    super_id integer NOT NULL,
    round_number integer NOT NULL,
    round_name character varying(100) NOT NULL,
    stage character varying(50) NOT NULL,
    status character varying(20) DEFAULT 'pending'::character varying NOT NULL,
    start_date timestamp with time zone,
    end_date timestamp with time zone,
    created_at timestamp with time zone DEFAULT CURRENT_TIMESTAMP,
    updated_at timestamp with time zone DEFAULT CURRENT_TIMESTAMP
);


ALTER TABLE public.super_rounds OWNER TO postgres;

--
-- Name: TABLE super_rounds; Type: COMMENT; Schema: public; Owner: postgres
--

COMMENT ON TABLE public.super_rounds IS 'Super轮次表';


--
-- Name: super_rounds_id_seq; Type: SEQUENCE; Schema: public; Owner: postgres
--

CREATE SEQUENCE public.super_rounds_id_seq
    AS integer
    START WITH 1
    INCREMENT BY 1
    NO MINVALUE
    NO MAXVALUE
    CACHE 1;


ALTER SEQUENCE public.super_rounds_id_seq OWNER TO postgres;

--
-- Name: super_rounds_id_seq; Type: SEQUENCE OWNED BY; Schema: public; Owner: postgres
--

ALTER SEQUENCE public.super_rounds_id_seq OWNED BY public.super_rounds.id;


--
-- Name: team_statistics; Type: TABLE; Schema: public; Owner: postgres
--

CREATE TABLE public.team_statistics (
    id integer NOT NULL,
    team_id integer,
    season_year integer NOT NULL,
    total_points integer DEFAULT 0,
    spring_points integer DEFAULT 0,
    msi_points integer DEFAULT 0,
    summer_points integer DEFAULT 0,
    worlds_points integer DEFAULT 0,
    current_ranking integer,
    peak_ranking integer,
    matches_played integer DEFAULT 0,
    wins integer DEFAULT 0,
    losses integer DEFAULT 0,
    win_rate numeric(5,2) DEFAULT 0.00,
    last_updated timestamp without time zone DEFAULT CURRENT_TIMESTAMP,
    playoff_points integer DEFAULT 0
);


ALTER TABLE public.team_statistics OWNER TO postgres;

--
-- Name: COLUMN team_statistics.total_points; Type: COMMENT; Schema: public; Owner: postgres
--

COMMENT ON COLUMN public.team_statistics.total_points IS '年度总积分 = spring_points + summer_points + playoff_points + msi_points + worlds_points (不包含洲际赛)';


--
-- Name: COLUMN team_statistics.playoff_points; Type: COMMENT; Schema: public; Owner: postgres
--

COMMENT ON COLUMN public.team_statistics.playoff_points IS '季后赛积分（春季赛+夏季赛）';


--
-- Name: team_statistics_id_seq; Type: SEQUENCE; Schema: public; Owner: postgres
--

CREATE SEQUENCE public.team_statistics_id_seq
    AS integer
    START WITH 1
    INCREMENT BY 1
    NO MINVALUE
    NO MAXVALUE
    CACHE 1;


ALTER SEQUENCE public.team_statistics_id_seq OWNER TO postgres;

--
-- Name: team_statistics_id_seq; Type: SEQUENCE OWNED BY; Schema: public; Owner: postgres
--

ALTER SEQUENCE public.team_statistics_id_seq OWNED BY public.team_statistics.id;


--
-- Name: teams; Type: TABLE; Schema: public; Owner: postgres
--

CREATE TABLE public.teams (
    id integer NOT NULL,
    name character varying(100) NOT NULL,
    short_name character varying(10) NOT NULL,
    region_id integer,
    power_rating integer DEFAULT 50,
    founded_date date,
    logo_url character varying(255),
    is_active boolean DEFAULT true,
    total_matches integer DEFAULT 0,
    total_wins integer DEFAULT 0,
    total_losses integer DEFAULT 0,
    net_round_difference integer DEFAULT 0,
    created_at timestamp without time zone DEFAULT CURRENT_TIMESTAMP,
    updated_at timestamp without time zone DEFAULT CURRENT_TIMESTAMP,
    CONSTRAINT teams_power_rating_check CHECK (((power_rating >= 0) AND (power_rating <= 100)))
);


ALTER TABLE public.teams OWNER TO postgres;

--
-- Name: teams_id_seq; Type: SEQUENCE; Schema: public; Owner: postgres
--

CREATE SEQUENCE public.teams_id_seq
    AS integer
    START WITH 1
    INCREMENT BY 1
    NO MINVALUE
    NO MAXVALUE
    CACHE 1;


ALTER SEQUENCE public.teams_id_seq OWNER TO postgres;

--
-- Name: teams_id_seq; Type: SEQUENCE OWNED BY; Schema: public; Owner: postgres
--

ALTER SEQUENCE public.teams_id_seq OWNED BY public.teams.id;


--
-- Name: v_annual_rankings; Type: VIEW; Schema: public; Owner: postgres
--

CREATE VIEW public.v_annual_rankings AS
 SELECT ar.id,
    ar.team_id,
    t.name AS team_name,
    t.short_name,
    t.region_id,
    r.name AS region_name,
    r.code AS region_code,
    ar.season_id,
    s.name AS season_name,
    s.year AS season_year,
    ar.total_points,
    ar.spring_points,
    ar.summer_points,
    ar.playoff_points,
    ar.msi_points,
    ar.worlds_points,
    ar.intercontinental_points,
    ar.achievements,
    ar."position",
    ar.last_updated
   FROM (((public.annual_rankings ar
     JOIN public.teams t ON ((ar.team_id = t.id)))
     JOIN public.regions r ON ((t.region_id = r.id)))
     JOIN public.seasons s ON ((ar.season_id = s.id)))
  WHERE (t.is_active = true)
  ORDER BY ar.season_id, ar."position";


ALTER VIEW public.v_annual_rankings OWNER TO postgres;

--
-- Name: VIEW v_annual_rankings; Type: COMMENT; Schema: public; Owner: postgres
--

COMMENT ON VIEW public.v_annual_rankings IS '年度积分排名视图，包含完整的队伍和赛季信息';


--
-- Name: v_honor_hall; Type: VIEW; Schema: public; Owner: postgres
--

CREATE VIEW public.v_honor_hall AS
 SELECT hr.id,
    hr.season_id,
    s.name AS season_name,
    s.year AS season_year,
    hr.competition_id,
    c.name AS competition_name,
    c.type AS competition_type,
    hr.team_id,
    t.name AS team_name,
    t.short_name,
    t.region_id,
    r.name AS region_name,
    r.code AS region_code,
    hr."position",
        CASE hr."position"
            WHEN 1 THEN '冠军'::text
            WHEN 2 THEN '亚军'::text
            WHEN 3 THEN '季军'::text
            WHEN 4 THEN '第四名'::text
            ELSE '其他'::text
        END AS position_name,
    hr.points,
    hr.achievement_date,
    hr.special_record,
    hr.created_at
   FROM ((((public.honor_records hr
     JOIN public.seasons s ON ((hr.season_id = s.id)))
     JOIN public.competitions c ON ((hr.competition_id = c.id)))
     JOIN public.teams t ON ((hr.team_id = t.id)))
     JOIN public.regions r ON ((t.region_id = r.id)))
  WHERE (t.is_active = true)
  ORDER BY hr.season_id DESC, c.type, hr."position";


ALTER VIEW public.v_honor_hall OWNER TO postgres;

--
-- Name: VIEW v_honor_hall; Type: COMMENT; Schema: public; Owner: postgres
--

COMMENT ON VIEW public.v_honor_hall IS '荣誉殿堂视图，展示所有赛事的冠亚季军';


--
-- Name: v_match_results; Type: VIEW; Schema: public; Owner: postgres
--

CREATE VIEW public.v_match_results AS
 SELECT m.id AS match_id,
    c.name AS competition_name,
    c.type AS competition_type,
    ta.name AS team_a_name,
    ta.short_name AS team_a_short,
    tb.name AS team_b_name,
    tb.short_name AS team_b_short,
    m.score_a,
    m.score_b,
    tw.name AS winner_name,
    tw.short_name AS winner_short,
    m.format,
    m.phase,
    m.round_number,
    m.status,
    m.scheduled_at,
    m.started_at,
    m.completed_at,
    s.name AS season_name,
    s.year AS season_year
   FROM (((((public.matches m
     JOIN public.competitions c ON ((m.competition_id = c.id)))
     JOIN public.seasons s ON ((c.season_id = s.id)))
     JOIN public.teams ta ON ((m.team_a_id = ta.id)))
     JOIN public.teams tb ON ((m.team_b_id = tb.id)))
     LEFT JOIN public.teams tw ON ((m.winner_id = tw.id)));


ALTER VIEW public.v_match_results OWNER TO postgres;

--
-- Name: v_regional_standings; Type: VIEW; Schema: public; Owner: postgres
--

CREATE VIEW public.v_regional_standings AS
 SELECT rs.id,
    rs.team_id,
    t.name AS team_name,
    t.short_name,
    rs.region_id,
    r.name AS region_name,
    r.code AS region_code,
    rs.season_id,
    s.name AS season_name,
    s.year AS season_year,
    rs.competition_type,
    rs.matches_played,
    rs.wins,
    rs.losses,
    rs.win_rate,
    rs.regular_season_points,
    rs.round_differential,
    rs."position",
    rs.last_updated
   FROM (((public.regional_standings rs
     JOIN public.teams t ON ((rs.team_id = t.id)))
     JOIN public.regions r ON ((rs.region_id = r.id)))
     JOIN public.seasons s ON ((rs.season_id = s.id)))
  WHERE (t.is_active = true)
  ORDER BY rs.region_id, rs.season_id, rs.competition_type, rs."position";


ALTER VIEW public.v_regional_standings OWNER TO postgres;

--
-- Name: VIEW v_regional_standings; Type: COMMENT; Schema: public; Owner: postgres
--

COMMENT ON VIEW public.v_regional_standings IS '赛区积分榜视图，包含完整的队伍和赛区信息';


--
-- Name: v_team_rankings; Type: VIEW; Schema: public; Owner: postgres
--

CREATE VIEW public.v_team_rankings AS
 SELECT ts.team_id,
    t.name AS team_name,
    t.short_name,
    r.name AS region_name,
    r.code AS region_code,
    ts.season_year,
    ts.total_points,
    ts.spring_points,
    ts.msi_points,
    ts.summer_points,
    ts.worlds_points,
    ts.current_ranking,
    ts.peak_ranking,
    ts.matches_played,
    ts.wins,
    ts.losses,
    ts.win_rate,
    t.power_rating,
    row_number() OVER (PARTITION BY ts.season_year ORDER BY ts.total_points DESC) AS overall_ranking
   FROM ((public.team_statistics ts
     JOIN public.teams t ON ((ts.team_id = t.id)))
     JOIN public.regions r ON ((t.region_id = r.id)))
  WHERE (t.is_active = true);


ALTER VIEW public.v_team_rankings OWNER TO postgres;

--
-- Name: worlds_brackets; Type: TABLE; Schema: public; Owner: postgres
--

CREATE TABLE public.worlds_brackets (
    id integer NOT NULL,
    season_id character varying(10) NOT NULL,
    season_year integer NOT NULL,
    status character varying(20) DEFAULT 'not_started'::character varying NOT NULL,
    play_in_teams jsonb DEFAULT '[]'::jsonb NOT NULL,
    champion_id integer,
    runner_up_id integer,
    third_place_id integer,
    fourth_place_id integer,
    quarter_finalists jsonb,
    group_stage_teams jsonb,
    points_distribution jsonb DEFAULT '{"champion": 150, "runnerUp": 120, "groupStage": 30, "thirdPlace": 90, "fourthPlace": 60, "quarterFinalist": 60}'::jsonb NOT NULL,
    created_at timestamp with time zone DEFAULT CURRENT_TIMESTAMP,
    updated_at timestamp with time zone DEFAULT CURRENT_TIMESTAMP,
    CONSTRAINT worlds_brackets_status_check CHECK (((status)::text = ANY ((ARRAY['not_started'::character varying, 'play_in_draw'::character varying, 'group_stage'::character varying, 'knockout'::character varying, 'completed'::character varying])::text[])))
);


ALTER TABLE public.worlds_brackets OWNER TO postgres;

--
-- Name: TABLE worlds_brackets; Type: COMMENT; Schema: public; Owner: postgres
--

COMMENT ON TABLE public.worlds_brackets IS '世界赛对阵表';


--
-- Name: COLUMN worlds_brackets.status; Type: COMMENT; Schema: public; Owner: postgres
--

COMMENT ON COLUMN public.worlds_brackets.status IS '状态: not_started=未开始, play_in_draw=入围赛抽签, group_stage=小组赛, knockout=淘汰赛, completed=已完成';


--
-- Name: COLUMN worlds_brackets.play_in_teams; Type: COMMENT; Schema: public; Owner: postgres
--

COMMENT ON COLUMN public.worlds_brackets.play_in_teams IS '12支参赛队伍信息（4直通+8入围，包含半区种子信息）';


--
-- Name: worlds_brackets_id_seq; Type: SEQUENCE; Schema: public; Owner: postgres
--

CREATE SEQUENCE public.worlds_brackets_id_seq
    AS integer
    START WITH 1
    INCREMENT BY 1
    NO MINVALUE
    NO MAXVALUE
    CACHE 1;


ALTER SEQUENCE public.worlds_brackets_id_seq OWNER TO postgres;

--
-- Name: worlds_brackets_id_seq; Type: SEQUENCE OWNED BY; Schema: public; Owner: postgres
--

ALTER SEQUENCE public.worlds_brackets_id_seq OWNED BY public.worlds_brackets.id;


--
-- Name: worlds_knockout_matches; Type: TABLE; Schema: public; Owner: postgres
--

CREATE TABLE public.worlds_knockout_matches (
    id integer NOT NULL,
    worlds_bracket_id integer NOT NULL,
    round character varying(20) NOT NULL,
    match_number integer,
    team_a_id integer,
    team_b_id integer,
    team_a_name character varying(100),
    team_b_name character varying(100),
    team_a_quarter_slot integer,
    team_b_quarter_slot integer,
    winner_id integer,
    score_a integer DEFAULT 0 NOT NULL,
    score_b integer DEFAULT 0 NOT NULL,
    best_of integer DEFAULT 5 NOT NULL,
    status character varying(20) DEFAULT 'pending'::character varying NOT NULL,
    next_match_id integer,
    scheduled_at timestamp with time zone,
    completed_at timestamp with time zone,
    created_at timestamp with time zone DEFAULT CURRENT_TIMESTAMP,
    updated_at timestamp with time zone DEFAULT CURRENT_TIMESTAMP,
    CONSTRAINT worlds_knockout_matches_round_check CHECK (((round)::text = ANY ((ARRAY['QUARTER_FINAL'::character varying, 'SEMI_FINAL'::character varying, 'THIRD_PLACE'::character varying, 'FINAL'::character varying])::text[]))),
    CONSTRAINT worlds_knockout_matches_status_check CHECK (((status)::text = ANY ((ARRAY['pending'::character varying, 'in_progress'::character varying, 'completed'::character varying])::text[])))
);


ALTER TABLE public.worlds_knockout_matches OWNER TO postgres;

--
-- Name: TABLE worlds_knockout_matches; Type: COMMENT; Schema: public; Owner: postgres
--

COMMENT ON TABLE public.worlds_knockout_matches IS '世界赛淘汰赛比赛表';


--
-- Name: COLUMN worlds_knockout_matches.round; Type: COMMENT; Schema: public; Owner: postgres
--

COMMENT ON COLUMN public.worlds_knockout_matches.round IS '轮次: QUARTER_FINAL=8强, SEMI_FINAL=半决赛, THIRD_PLACE=季军赛, FINAL=决赛';


--
-- Name: COLUMN worlds_knockout_matches.team_a_quarter_slot; Type: COMMENT; Schema: public; Owner: postgres
--

COMMENT ON COLUMN public.worlds_knockout_matches.team_a_quarter_slot IS '半区位置（1-4），用于种子保护';


--
-- Name: worlds_knockout_matches_id_seq; Type: SEQUENCE; Schema: public; Owner: postgres
--

CREATE SEQUENCE public.worlds_knockout_matches_id_seq
    AS integer
    START WITH 1
    INCREMENT BY 1
    NO MINVALUE
    NO MAXVALUE
    CACHE 1;


ALTER SEQUENCE public.worlds_knockout_matches_id_seq OWNER TO postgres;

--
-- Name: worlds_knockout_matches_id_seq; Type: SEQUENCE OWNED BY; Schema: public; Owner: postgres
--

ALTER SEQUENCE public.worlds_knockout_matches_id_seq OWNED BY public.worlds_knockout_matches.id;


--
-- Name: worlds_swiss_matches; Type: TABLE; Schema: public; Owner: postgres
--

CREATE TABLE public.worlds_swiss_matches (
    id integer NOT NULL,
    worlds_bracket_id integer NOT NULL,
    round_number integer NOT NULL,
    match_number integer,
    team_a_id integer,
    team_b_id integer,
    team_a_name character varying(100),
    team_b_name character varying(100),
    winner_id integer,
    score_a integer DEFAULT 0 NOT NULL,
    score_b integer DEFAULT 0 NOT NULL,
    best_of integer DEFAULT 3 NOT NULL,
    status character varying(20) DEFAULT 'pending'::character varying NOT NULL,
    scheduled_at timestamp with time zone,
    completed_at timestamp with time zone,
    created_at timestamp with time zone DEFAULT CURRENT_TIMESTAMP,
    updated_at timestamp with time zone DEFAULT CURRENT_TIMESTAMP,
    CONSTRAINT worlds_swiss_matches_round_check CHECK (((round_number >= 1) AND (round_number <= 3))),
    CONSTRAINT worlds_swiss_matches_status_check CHECK (((status)::text = ANY ((ARRAY['pending'::character varying, 'in_progress'::character varying, 'completed'::character varying])::text[])))
);


ALTER TABLE public.worlds_swiss_matches OWNER TO postgres;

--
-- Name: TABLE worlds_swiss_matches; Type: COMMENT; Schema: public; Owner: postgres
--

COMMENT ON TABLE public.worlds_swiss_matches IS '世界赛瑞士轮比赛表';


--
-- Name: COLUMN worlds_swiss_matches.round_number; Type: COMMENT; Schema: public; Owner: postgres
--

COMMENT ON COLUMN public.worlds_swiss_matches.round_number IS '轮次: 1-3轮，2胜晋级，2败淘汰';


--
-- Name: worlds_swiss_matches_id_seq; Type: SEQUENCE; Schema: public; Owner: postgres
--

CREATE SEQUENCE public.worlds_swiss_matches_id_seq
    AS integer
    START WITH 1
    INCREMENT BY 1
    NO MINVALUE
    NO MAXVALUE
    CACHE 1;


ALTER SEQUENCE public.worlds_swiss_matches_id_seq OWNER TO postgres;

--
-- Name: worlds_swiss_matches_id_seq; Type: SEQUENCE OWNED BY; Schema: public; Owner: postgres
--

ALTER SEQUENCE public.worlds_swiss_matches_id_seq OWNED BY public.worlds_swiss_matches.id;


--
-- Name: worlds_swiss_standings; Type: TABLE; Schema: public; Owner: postgres
--

CREATE TABLE public.worlds_swiss_standings (
    id integer NOT NULL,
    worlds_bracket_id integer NOT NULL,
    team_id integer NOT NULL,
    team_name character varying(100) NOT NULL,
    wins integer DEFAULT 0 NOT NULL,
    losses integer DEFAULT 0 NOT NULL,
    status character varying(20) DEFAULT 'active'::character varying,
    qualified boolean DEFAULT false,
    is_quarter_seed boolean DEFAULT false,
    quarter_slot integer,
    final_rank integer,
    last_updated timestamp with time zone DEFAULT CURRENT_TIMESTAMP,
    created_at timestamp with time zone DEFAULT CURRENT_TIMESTAMP,
    CONSTRAINT worlds_swiss_standings_status_check CHECK (((status)::text = ANY ((ARRAY['active'::character varying, 'qualified'::character varying, 'eliminated'::character varying])::text[])))
);


ALTER TABLE public.worlds_swiss_standings OWNER TO postgres;

--
-- Name: TABLE worlds_swiss_standings; Type: COMMENT; Schema: public; Owner: postgres
--

COMMENT ON TABLE public.worlds_swiss_standings IS '世界赛瑞士轮积分榜';


--
-- Name: COLUMN worlds_swiss_standings.is_quarter_seed; Type: COMMENT; Schema: public; Owner: postgres
--

COMMENT ON COLUMN public.worlds_swiss_standings.is_quarter_seed IS '是否为半区种子（前4名晋级队伍）';


--
-- Name: COLUMN worlds_swiss_standings.quarter_slot; Type: COMMENT; Schema: public; Owner: postgres
--

COMMENT ON COLUMN public.worlds_swiss_standings.quarter_slot IS '半区位置（1-4），用于淘汰赛种子保护';


--
-- Name: worlds_swiss_standings_id_seq; Type: SEQUENCE; Schema: public; Owner: postgres
--

CREATE SEQUENCE public.worlds_swiss_standings_id_seq
    AS integer
    START WITH 1
    INCREMENT BY 1
    NO MINVALUE
    NO MAXVALUE
    CACHE 1;


ALTER SEQUENCE public.worlds_swiss_standings_id_seq OWNER TO postgres;

--
-- Name: worlds_swiss_standings_id_seq; Type: SEQUENCE OWNED BY; Schema: public; Owner: postgres
--

ALTER SEQUENCE public.worlds_swiss_standings_id_seq OWNED BY public.worlds_swiss_standings.id;


--
-- Name: annual_rankings id; Type: DEFAULT; Schema: public; Owner: postgres
--

ALTER TABLE ONLY public.annual_rankings ALTER COLUMN id SET DEFAULT nextval('public.annual_rankings_id_seq'::regclass);


--
-- Name: competition_teams id; Type: DEFAULT; Schema: public; Owner: postgres
--

ALTER TABLE ONLY public.competition_teams ALTER COLUMN id SET DEFAULT nextval('public.competition_teams_id_seq'::regclass);


--
-- Name: competitions id; Type: DEFAULT; Schema: public; Owner: postgres
--

ALTER TABLE ONLY public.competitions ALTER COLUMN id SET DEFAULT nextval('public.competitions_id_seq'::regclass);


--
-- Name: head_to_head_records id; Type: DEFAULT; Schema: public; Owner: postgres
--

ALTER TABLE ONLY public.head_to_head_records ALTER COLUMN id SET DEFAULT nextval('public.head_to_head_records_id_seq'::regclass);


--
-- Name: honor_records id; Type: DEFAULT; Schema: public; Owner: postgres
--

ALTER TABLE ONLY public.honor_records ALTER COLUMN id SET DEFAULT nextval('public.honor_records_id_seq'::regclass);


--
-- Name: matches id; Type: DEFAULT; Schema: public; Owner: postgres
--

ALTER TABLE ONLY public.matches ALTER COLUMN id SET DEFAULT nextval('public.matches_id_seq'::regclass);


--
-- Name: msi_brackets id; Type: DEFAULT; Schema: public; Owner: postgres
--

ALTER TABLE ONLY public.msi_brackets ALTER COLUMN id SET DEFAULT nextval('public.msi_brackets_id_seq'::regclass);


--
-- Name: msi_matches id; Type: DEFAULT; Schema: public; Owner: postgres
--

ALTER TABLE ONLY public.msi_matches ALTER COLUMN id SET DEFAULT nextval('public.msi_matches_id_seq'::regclass);


--
-- Name: regional_standings id; Type: DEFAULT; Schema: public; Owner: postgres
--

ALTER TABLE ONLY public.regional_standings ALTER COLUMN id SET DEFAULT nextval('public.regional_standings_id_seq'::regclass);


--
-- Name: regions id; Type: DEFAULT; Schema: public; Owner: postgres
--

ALTER TABLE ONLY public.regions ALTER COLUMN id SET DEFAULT nextval('public.regions_id_seq'::regclass);


--
-- Name: score_records id; Type: DEFAULT; Schema: public; Owner: postgres
--

ALTER TABLE ONLY public.score_records ALTER COLUMN id SET DEFAULT nextval('public.score_records_id_seq'::regclass);


--
-- Name: seasons id; Type: DEFAULT; Schema: public; Owner: postgres
--

ALTER TABLE ONLY public.seasons ALTER COLUMN id SET DEFAULT nextval('public.seasons_id_seq'::regclass);


--
-- Name: super_brackets id; Type: DEFAULT; Schema: public; Owner: postgres
--

ALTER TABLE ONLY public.super_brackets ALTER COLUMN id SET DEFAULT nextval('public.super_brackets_id_seq'::regclass);


--
-- Name: super_fighter_standings id; Type: DEFAULT; Schema: public; Owner: postgres
--

ALTER TABLE ONLY public.super_fighter_standings ALTER COLUMN id SET DEFAULT nextval('public.super_fighter_standings_id_seq'::regclass);


--
-- Name: super_matches id; Type: DEFAULT; Schema: public; Owner: postgres
--

ALTER TABLE ONLY public.super_matches ALTER COLUMN id SET DEFAULT nextval('public.super_matches_id_seq'::regclass);


--
-- Name: super_rounds id; Type: DEFAULT; Schema: public; Owner: postgres
--

ALTER TABLE ONLY public.super_rounds ALTER COLUMN id SET DEFAULT nextval('public.super_rounds_id_seq'::regclass);


--
-- Name: team_statistics id; Type: DEFAULT; Schema: public; Owner: postgres
--

ALTER TABLE ONLY public.team_statistics ALTER COLUMN id SET DEFAULT nextval('public.team_statistics_id_seq'::regclass);


--
-- Name: teams id; Type: DEFAULT; Schema: public; Owner: postgres
--

ALTER TABLE ONLY public.teams ALTER COLUMN id SET DEFAULT nextval('public.teams_id_seq'::regclass);


--
-- Name: worlds_brackets id; Type: DEFAULT; Schema: public; Owner: postgres
--

ALTER TABLE ONLY public.worlds_brackets ALTER COLUMN id SET DEFAULT nextval('public.worlds_brackets_id_seq'::regclass);


--
-- Name: worlds_knockout_matches id; Type: DEFAULT; Schema: public; Owner: postgres
--

ALTER TABLE ONLY public.worlds_knockout_matches ALTER COLUMN id SET DEFAULT nextval('public.worlds_knockout_matches_id_seq'::regclass);


--
-- Name: worlds_swiss_matches id; Type: DEFAULT; Schema: public; Owner: postgres
--

ALTER TABLE ONLY public.worlds_swiss_matches ALTER COLUMN id SET DEFAULT nextval('public.worlds_swiss_matches_id_seq'::regclass);


--
-- Name: worlds_swiss_standings id; Type: DEFAULT; Schema: public; Owner: postgres
--

ALTER TABLE ONLY public.worlds_swiss_standings ALTER COLUMN id SET DEFAULT nextval('public.worlds_swiss_standings_id_seq'::regclass);


--
-- Data for Name: annual_rankings; Type: TABLE DATA; Schema: public; Owner: postgres
--

COPY public.annual_rankings (id, team_id, season_id, total_points, spring_points, summer_points, playoff_points, msi_points, worlds_points, intercontinental_points, achievements, "position", last_updated, created_at, updated_at, new_season_id) FROM stdin;
144	3	7	22	0	0	18	0	4	0	["2025 夏季赛亚军", "S2 春季赛季军"]	10	2025-10-14 12:51:30.194621	2025-10-14 12:33:42.304946	2025-10-14 12:51:30.22818	\N
146	22	7	14	0	0	14	0	0	0	["S2 春季赛季军"]	15	2025-10-14 12:51:30.198111	2025-10-14 12:33:42.309241	2025-10-14 12:51:30.22818	\N
147	20	7	0	0	0	0	0	0	0	[]	35	2025-10-14 12:51:30.200031	2025-10-14 12:33:42.311033	2025-10-14 12:51:30.22818	\N
148	37	7	0	0	0	0	0	0	0	[]	36	2025-10-14 12:51:30.201706	2025-10-14 12:33:42.313028	2025-10-14 12:51:30.22818	\N
149	28	7	0	0	0	0	0	0	0	[]	37	2025-10-14 12:51:30.203577	2025-10-14 12:33:42.315239	2025-10-14 12:51:30.22818	\N
150	33	7	14	0	0	8	0	6	0	["2025 夏季赛季军"]	14	2025-10-14 12:51:30.205141	2025-10-14 12:33:42.31723	2025-10-14 12:51:30.22818	\N
151	13	7	32	0	0	24	0	8	0	["S2 春季赛冠军", "2025 夏季赛冠军"]	6	2025-10-14 12:51:30.207247	2025-10-14 12:33:42.319595	2025-10-14 12:51:30.22818	\N
152	1	7	38	0	0	18	16	4	0	["S2 MSI季中赛亚军", "S2 春季赛亚军", "2025 夏季赛季军"]	4	2025-10-14 12:51:30.208985	2025-10-14 12:33:42.321469	2025-10-14 12:51:30.22818	\N
153	5	7	0	0	0	0	0	0	0	[]	38	2025-10-14 12:51:30.210816	2025-10-14 12:33:42.323768	2025-10-14 12:51:30.22818	\N
154	18	7	0	0	0	0	0	0	0	[]	39	2025-10-14 12:51:30.214353	2025-10-14 12:33:42.326519	2025-10-14 12:51:30.22818	\N
155	2	7	42	0	0	24	12	6	0	["S2 春季赛冠军", "2025 夏季赛冠军", "S2 MSI季中赛季军"]	2	2025-10-14 12:51:30.216523	2025-10-14 12:33:42.328844	2025-10-14 12:51:30.22818	\N
156	16	7	0	0	0	0	0	0	0	[]	40	2025-10-14 12:51:30.218743	2025-10-14 12:33:42.331021	2025-10-14 12:51:30.22818	\N
157	27	7	0	0	0	0	0	0	0	[]	20	2025-10-14 12:51:30.220499	2025-10-14 12:33:42.333464	2025-10-14 12:51:30.22818	\N
158	23	7	6	0	0	6	0	0	0	[]	19	2025-10-14 12:51:30.224092	2025-10-14 12:33:42.335955	2025-10-14 12:51:30.22818	\N
159	11	7	30	0	0	20	6	4	0	["S2 春季赛亚军", "2025 夏季赛亚军"]	8	2025-10-14 12:51:30.225977	2025-10-14 12:33:42.338211	2025-10-14 12:51:30.22818	\N
160	8	7	0	0	0	0	0	0	0	[]	22	2025-10-14 12:51:30.227664	2025-10-14 12:33:42.340419	2025-10-14 12:51:30.22818	\N
81	29	1	0	0	0	0	0	0	0	[]	21	2025-10-14 12:51:58.129156	2025-10-14 12:33:36.588769	2025-10-14 12:51:58.289126	\N
82	4	1	28	0	0	12	16	0	0	["S1 春季赛冠军", "S1 MSI季中赛亚军"]	7	2025-10-14 12:51:58.133454	2025-10-14 12:33:36.597013	2025-10-14 12:51:58.289126	\N
83	34	1	0	0	0	0	0	0	0	[]	23	2025-10-14 12:51:58.139539	2025-10-14 12:33:36.60124	2025-10-14 12:51:58.289126	\N
84	40	1	0	0	0	0	0	0	0	[]	24	2025-10-14 12:51:58.144102	2025-10-14 12:33:36.604659	2025-10-14 12:51:58.289126	\N
85	32	1	40	0	0	20	0	20	0	["2025 夏季赛冠军", "S1 全球总决赛冠军", "S1 春季赛季军"]	2	2025-10-14 12:51:58.148432	2025-10-14 12:33:36.606901	2025-10-14 12:51:58.289126	\N
86	7	1	0	0	0	0	0	0	0	[]	25	2025-10-14 12:51:58.152241	2025-10-14 12:33:36.609835	2025-10-14 12:51:58.289126	\N
87	9	1	0	0	0	0	0	0	0	[]	26	2025-10-14 12:51:58.156233	2025-10-14 12:33:36.612173	2025-10-14 12:51:58.289126	\N
88	10	1	0	0	0	0	0	0	0	[]	27	2025-10-14 12:51:58.160477	2025-10-14 12:33:36.614249	2025-10-14 12:51:58.289126	\N
89	35	1	22	0	0	10	0	12	0	["2025 夏季赛亚军", "S1 全球总决赛季军"]	12	2025-10-14 12:51:58.166562	2025-10-14 12:33:36.616154	2025-10-14 12:51:58.289126	\N
90	38	1	6	0	0	6	0	0	0	[]	19	2025-10-14 12:51:58.170508	2025-10-14 12:33:36.618464	2025-10-14 12:51:58.289126	\N
91	15	1	12	0	0	12	0	0	0	[]	16	2025-10-14 12:51:58.173064	2025-10-14 12:33:36.621599	2025-10-14 12:51:58.289126	\N
92	6	1	0	0	0	0	0	0	0	[]	28	2025-10-14 12:51:58.176544	2025-10-14 12:33:36.624014	2025-10-14 12:51:58.289126	\N
93	26	1	0	0	0	0	0	0	0	[]	29	2025-10-14 12:51:58.180158	2025-10-14 12:33:36.626557	2025-10-14 12:51:58.289126	\N
94	12	1	28	0	0	22	0	6	0	["2025 夏季赛冠军", "S1 春季赛亚军"]	8	2025-10-14 12:51:58.183052	2025-10-14 12:33:36.629095	2025-10-14 12:51:58.289126	\N
95	39	1	0	0	0	0	0	0	0	[]	30	2025-10-14 12:51:58.186556	2025-10-14 12:33:36.632693	2025-10-14 12:51:58.289126	\N
96	24	1	0	0	0	0	0	0	0	[]	31	2025-10-14 12:51:58.189753	2025-10-14 12:33:36.635233	2025-10-14 12:51:58.289126	\N
97	19	1	0	0	0	0	0	0	0	[]	32	2025-10-14 12:51:58.193561	2025-10-14 12:33:36.637424	2025-10-14 12:51:58.289126	\N
98	36	1	0	0	0	0	0	0	0	[]	33	2025-10-14 12:51:58.19695	2025-10-14 12:33:36.640464	2025-10-14 12:51:58.289126	\N
99	25	1	28	0	0	18	6	4	0	["2025 夏季赛亚军", "S1 春季赛季军"]	10	2025-10-14 12:51:58.200629	2025-10-14 12:33:36.64271	2025-10-14 12:51:58.289126	\N
100	31	1	16	0	0	16	0	0	0	["S1 春季赛亚军"]	14	2025-10-14 12:51:58.20499	2025-10-14 12:33:36.645061	2025-10-14 12:51:58.289126	\N
101	30	1	0	0	0	0	0	0	0	[]	34	2025-10-14 12:51:58.210535	2025-10-14 12:33:36.647443	2025-10-14 12:51:58.289126	\N
110	33	1	34	0	0	20	8	6	0	["S1 春季赛冠军", "2025 夏季赛季军"]	4	2025-10-14 12:51:58.242131	2025-10-14 12:33:36.674802	2025-10-14 12:51:58.289126	\N
111	13	1	28	0	0	16	4	8	0	["S1 春季赛季军", "2025 夏季赛季军"]	9	2025-10-14 12:51:58.246503	2025-10-14 12:33:36.676942	2025-10-14 12:51:58.289126	\N
121	29	7	0	0	0	0	0	0	0	[]	21	2025-10-14 12:51:30.086531	2025-10-14 12:33:42.211045	2025-10-14 12:51:30.22818	\N
122	4	7	12	0	0	12	0	0	0	[]	16	2025-10-14 12:51:30.124207	2025-10-14 12:33:42.214751	2025-10-14 12:51:30.22818	\N
123	34	7	0	0	0	0	0	0	0	[]	23	2025-10-14 12:51:30.135417	2025-10-14 12:33:42.218572	2025-10-14 12:51:30.22818	\N
124	40	7	18	0	0	14	4	0	0	["S2 春季赛季军"]	11	2025-10-14 12:51:30.153525	2025-10-14 12:33:42.221597	2025-10-14 12:51:30.22818	\N
125	32	7	34	0	0	20	8	6	0	["S2 春季赛亚军", "2025 夏季赛亚军"]	5	2025-10-14 12:51:30.156152	2025-10-14 12:33:42.225493	2025-10-14 12:51:30.22818	\N
126	7	7	0	0	0	0	0	0	0	[]	24	2025-10-14 12:51:30.158023	2025-10-14 12:33:42.227736	2025-10-14 12:51:30.22818	\N
127	9	7	0	0	0	0	0	0	0	[]	25	2025-10-14 12:51:30.159645	2025-10-14 12:33:42.229564	2025-10-14 12:51:30.22818	\N
128	10	7	0	0	0	0	0	0	0	[]	26	2025-10-14 12:51:30.161545	2025-10-14 12:33:42.232354	2025-10-14 12:51:30.22818	\N
129	35	7	6	0	0	6	0	0	0	[]	17	2025-10-14 12:51:30.163103	2025-10-14 12:33:42.260776	2025-10-14 12:51:30.22818	\N
130	38	7	0	0	0	0	0	0	0	[]	27	2025-10-14 12:51:30.165121	2025-10-14 12:33:42.264318	2025-10-14 12:51:30.22818	\N
131	15	7	6	0	0	6	0	0	0	[]	18	2025-10-14 12:51:30.166671	2025-10-14 12:33:42.27186	2025-10-14 12:51:30.22818	\N
132	6	7	0	0	0	0	0	0	0	[]	28	2025-10-14 12:51:30.168251	2025-10-14 12:33:42.274084	2025-10-14 12:51:30.22818	\N
133	26	7	0	0	0	0	0	0	0	[]	29	2025-10-14 12:51:30.169759	2025-10-14 12:33:42.278919	2025-10-14 12:51:30.22818	\N
134	12	7	14	0	0	8	0	6	0	["2025 夏季赛季军"]	13	2025-10-14 12:51:30.171393	2025-10-14 12:33:42.281757	2025-10-14 12:51:30.22818	\N
135	39	7	0	0	0	0	0	0	0	[]	30	2025-10-14 12:51:30.173997	2025-10-14 12:33:42.284823	2025-10-14 12:51:30.22818	\N
102	21	1	32	0	0	22	4	6	0	["2025 夏季赛冠军", "S1 春季赛亚军"]	5	2025-10-14 12:51:58.214719	2025-10-14 12:33:36.650033	2025-10-14 12:51:58.289126	\N
103	14	1	32	0	0	12	20	0	0	["S1 MSI季中赛冠军", "S1 春季赛冠军"]	6	2025-10-14 12:51:58.217764	2025-10-14 12:33:36.652374	2025-10-14 12:51:58.289126	\N
104	3	1	6	0	0	6	0	0	0	[]	18	2025-10-14 12:51:58.221315	2025-10-14 12:33:36.656204	2025-10-14 12:51:58.289126	\N
105	17	1	0	0	0	0	0	0	0	[]	35	2025-10-14 12:51:58.224433	2025-10-14 12:33:36.658615	2025-10-14 12:51:58.289126	\N
106	22	1	36	0	0	20	12	4	0	["S1 春季赛冠军", "S1 MSI季中赛季军", "2025 夏季赛季军"]	3	2025-10-14 12:51:58.227858	2025-10-14 12:33:36.661219	2025-10-14 12:51:58.289126	\N
107	20	1	0	0	0	0	0	0	0	[]	36	2025-10-14 12:51:58.232465	2025-10-14 12:33:36.665557	2025-10-14 12:51:58.289126	\N
108	37	1	0	0	0	0	0	0	0	[]	37	2025-10-14 12:51:58.23567	2025-10-14 12:33:36.668329	2025-10-14 12:51:58.289126	\N
109	28	1	0	0	0	0	0	0	0	[]	38	2025-10-14 12:51:58.23918	2025-10-14 12:33:36.670773	2025-10-14 12:51:58.289126	\N
112	1	1	42	0	0	20	6	16	0	["S1 春季赛亚军", "2025 夏季赛亚军", "S1 全球总决赛亚军"]	1	2025-10-14 12:51:58.24913	2025-10-14 12:33:36.678648	2025-10-14 12:51:58.289126	\N
113	5	1	18	0	0	14	0	4	0	["2025 夏季赛季军"]	13	2025-10-14 12:51:58.252669	2025-10-14 12:33:36.682378	2025-10-14 12:51:58.289126	\N
114	18	1	0	0	0	0	0	0	0	[]	39	2025-10-14 12:51:58.257382	2025-10-14 12:33:36.685546	2025-10-14 12:51:58.289126	\N
115	2	1	26	0	0	20	0	6	0	["2025 夏季赛冠军", "S1 春季赛季军"]	11	2025-10-14 12:51:58.262674	2025-10-14 12:33:36.688229	2025-10-14 12:51:58.289126	\N
116	16	1	0	0	0	0	0	0	0	[]	40	2025-10-14 12:51:58.26748	2025-10-14 12:33:36.691248	2025-10-14 12:51:58.289126	\N
117	27	1	0	0	0	0	0	0	0	[]	20	2025-10-14 12:51:58.27407	2025-10-14 12:33:36.695878	2025-10-14 12:51:58.289126	\N
118	23	1	12	0	0	12	0	0	0	[]	17	2025-10-14 12:51:58.278834	2025-10-14 12:33:36.699603	2025-10-14 12:51:58.289126	\N
119	11	1	14	0	0	10	0	4	0	["2025 夏季赛亚军"]	15	2025-10-14 12:51:58.283696	2025-10-14 12:33:36.703216	2025-10-14 12:51:58.289126	\N
120	8	1	0	0	0	0	0	0	0	[]	22	2025-10-14 12:51:58.28809	2025-10-14 12:33:36.705648	2025-10-14 12:51:58.289126	\N
136	24	7	32	0	0	12	0	20	0	["2025 夏季赛冠军", "S2 世界赛冠军"]	7	2025-10-14 12:51:30.176961	2025-10-14 12:33:42.286879	2025-10-14 12:51:30.22818	\N
137	19	7	0	0	0	0	0	0	0	[]	31	2025-10-14 12:51:30.178574	2025-10-14 12:33:42.289406	2025-10-14 12:51:30.22818	\N
138	36	7	0	0	0	0	0	0	0	[]	32	2025-10-14 12:51:30.180091	2025-10-14 12:33:42.292766	2025-10-14 12:51:30.22818	\N
139	25	7	24	0	0	20	0	4	0	["S2 春季赛冠军", "2025 夏季赛季军"]	9	2025-10-14 12:51:30.182479	2025-10-14 12:33:42.294495	2025-10-14 12:51:30.22818	\N
140	31	7	60	0	0	24	20	16	0	["S2 MSI季中赛冠军", "S2 春季赛冠军", "2025 夏季赛冠军", "S2 世界赛亚军"]	1	2025-10-14 12:51:30.187187	2025-10-14 12:33:42.296483	2025-10-14 12:51:30.22818	\N
141	30	7	0	0	0	0	0	0	0	[]	33	2025-10-14 12:51:30.189428	2025-10-14 12:33:42.298391	2025-10-14 12:51:30.22818	\N
142	21	7	38	0	0	20	6	12	0	["S2 春季赛亚军", "2025 夏季赛亚军", "S2 世界赛季军"]	3	2025-10-14 12:51:30.191337	2025-10-14 12:33:42.300893	2025-10-14 12:51:30.22818	\N
143	14	7	18	0	0	14	4	0	0	["S2 春季赛季军"]	12	2025-10-14 12:51:30.192947	2025-10-14 12:33:42.302944	2025-10-14 12:51:30.22818	\N
145	17	7	0	0	0	0	0	0	0	[]	34	2025-10-14 12:51:30.19613	2025-10-14 12:33:42.307158	2025-10-14 12:51:30.22818	\N
\.


--
-- Data for Name: annual_rankings_backup; Type: TABLE DATA; Schema: public; Owner: postgres
--

COPY public.annual_rankings_backup (id, team_id, season_id, total_points, spring_points, summer_points, playoff_points, msi_points, worlds_points, intercontinental_points, achievements, "position", last_updated, created_at, updated_at) FROM stdin;
1	29	1	0	0	0	0	0	0	0	[]	1	2025-10-12 00:42:49.593624	2025-10-12 00:42:49.593624	2025-10-12 00:42:49.633259
2	4	1	0	0	0	0	0	0	0	[]	2	2025-10-12 00:42:49.596109	2025-10-12 00:42:49.596109	2025-10-12 00:42:49.633259
3	34	1	0	0	0	0	0	0	0	[]	3	2025-10-12 00:42:49.597161	2025-10-12 00:42:49.597161	2025-10-12 00:42:49.633259
4	40	1	0	0	0	0	0	0	0	[]	4	2025-10-12 00:42:49.598085	2025-10-12 00:42:49.598085	2025-10-12 00:42:49.633259
5	32	1	0	0	0	0	0	0	0	[]	5	2025-10-12 00:42:49.599816	2025-10-12 00:42:49.599816	2025-10-12 00:42:49.633259
6	7	1	0	0	0	0	0	0	0	[]	6	2025-10-12 00:42:49.601011	2025-10-12 00:42:49.601011	2025-10-12 00:42:49.633259
7	10	1	0	0	0	0	0	0	0	[]	7	2025-10-12 00:42:49.602042	2025-10-12 00:42:49.602042	2025-10-12 00:42:49.633259
8	9	1	0	0	0	0	0	0	0	[]	8	2025-10-12 00:42:49.602873	2025-10-12 00:42:49.602873	2025-10-12 00:42:49.633259
9	35	1	0	0	0	0	0	0	0	[]	9	2025-10-12 00:42:49.603946	2025-10-12 00:42:49.603946	2025-10-12 00:42:49.633259
10	38	1	0	0	0	0	0	0	0	[]	10	2025-10-12 00:42:49.605062	2025-10-12 00:42:49.605062	2025-10-12 00:42:49.633259
11	15	1	0	0	0	0	0	0	0	[]	11	2025-10-12 00:42:49.606551	2025-10-12 00:42:49.606551	2025-10-12 00:42:49.633259
12	6	1	0	0	0	0	0	0	0	[]	12	2025-10-12 00:42:49.607546	2025-10-12 00:42:49.607546	2025-10-12 00:42:49.633259
13	26	1	0	0	0	0	0	0	0	[]	13	2025-10-12 00:42:49.608399	2025-10-12 00:42:49.608399	2025-10-12 00:42:49.633259
14	12	1	0	0	0	0	0	0	0	[]	14	2025-10-12 00:42:49.609203	2025-10-12 00:42:49.609203	2025-10-12 00:42:49.633259
15	39	1	0	0	0	0	0	0	0	[]	15	2025-10-12 00:42:49.610036	2025-10-12 00:42:49.610036	2025-10-12 00:42:49.633259
16	24	1	0	0	0	0	0	0	0	[]	16	2025-10-12 00:42:49.611004	2025-10-12 00:42:49.611004	2025-10-12 00:42:49.633259
17	19	1	0	0	0	0	0	0	0	[]	17	2025-10-12 00:42:49.611858	2025-10-12 00:42:49.611858	2025-10-12 00:42:49.633259
18	36	1	0	0	0	0	0	0	0	[]	18	2025-10-12 00:42:49.612726	2025-10-12 00:42:49.612726	2025-10-12 00:42:49.633259
19	25	1	0	0	0	0	0	0	0	[]	19	2025-10-12 00:42:49.613976	2025-10-12 00:42:49.613976	2025-10-12 00:42:49.633259
20	31	1	0	0	0	0	0	0	0	[]	20	2025-10-12 00:42:49.614919	2025-10-12 00:42:49.614919	2025-10-12 00:42:49.633259
21	30	1	0	0	0	0	0	0	0	[]	21	2025-10-12 00:42:49.615795	2025-10-12 00:42:49.615795	2025-10-12 00:42:49.633259
22	21	1	0	0	0	0	0	0	0	[]	22	2025-10-12 00:42:49.616717	2025-10-12 00:42:49.616717	2025-10-12 00:42:49.633259
23	14	1	0	0	0	0	0	0	0	[]	23	2025-10-12 00:42:49.617651	2025-10-12 00:42:49.617651	2025-10-12 00:42:49.633259
24	3	1	0	0	0	0	0	0	0	[]	24	2025-10-12 00:42:49.61852	2025-10-12 00:42:49.61852	2025-10-12 00:42:49.633259
25	17	1	0	0	0	0	0	0	0	[]	25	2025-10-12 00:42:49.619344	2025-10-12 00:42:49.619344	2025-10-12 00:42:49.633259
26	37	1	0	0	0	0	0	0	0	[]	26	2025-10-12 00:42:49.620135	2025-10-12 00:42:49.620135	2025-10-12 00:42:49.633259
27	28	1	0	0	0	0	0	0	0	[]	27	2025-10-12 00:42:49.620921	2025-10-12 00:42:49.620921	2025-10-12 00:42:49.633259
28	22	1	0	0	0	0	0	0	0	[]	28	2025-10-12 00:42:49.621694	2025-10-12 00:42:49.621694	2025-10-12 00:42:49.633259
29	20	1	0	0	0	0	0	0	0	[]	29	2025-10-12 00:42:49.622489	2025-10-12 00:42:49.622489	2025-10-12 00:42:49.633259
30	33	1	0	0	0	0	0	0	0	[]	30	2025-10-12 00:42:49.623274	2025-10-12 00:42:49.623274	2025-10-12 00:42:49.633259
31	13	1	0	0	0	0	0	0	0	[]	31	2025-10-12 00:42:49.624324	2025-10-12 00:42:49.624324	2025-10-12 00:42:49.633259
32	1	1	0	0	0	0	0	0	0	[]	32	2025-10-12 00:42:49.625195	2025-10-12 00:42:49.625195	2025-10-12 00:42:49.633259
33	5	1	0	0	0	0	0	0	0	[]	33	2025-10-12 00:42:49.626125	2025-10-12 00:42:49.626125	2025-10-12 00:42:49.633259
34	18	1	0	0	0	0	0	0	0	[]	34	2025-10-12 00:42:49.627134	2025-10-12 00:42:49.627134	2025-10-12 00:42:49.633259
35	2	1	0	0	0	0	0	0	0	[]	35	2025-10-12 00:42:49.628121	2025-10-12 00:42:49.628121	2025-10-12 00:42:49.633259
36	16	1	0	0	0	0	0	0	0	[]	36	2025-10-12 00:42:49.629294	2025-10-12 00:42:49.629294	2025-10-12 00:42:49.633259
37	27	1	0	0	0	0	0	0	0	[]	37	2025-10-12 00:42:49.630252	2025-10-12 00:42:49.630252	2025-10-12 00:42:49.633259
38	23	1	0	0	0	0	0	0	0	[]	38	2025-10-12 00:42:49.631115	2025-10-12 00:42:49.631115	2025-10-12 00:42:49.633259
39	8	1	0	0	0	0	0	0	0	[]	39	2025-10-12 00:42:49.631908	2025-10-12 00:42:49.631908	2025-10-12 00:42:49.633259
40	11	1	0	0	0	0	0	0	0	[]	40	2025-10-12 00:42:49.632915	2025-10-12 00:42:49.632915	2025-10-12 00:42:49.633259
\.


--
-- Data for Name: competition_teams; Type: TABLE DATA; Schema: public; Owner: postgres
--

COPY public.competition_teams (id, competition_id, team_id, seed, group_name, joined_at) FROM stdin;
1	1	11	1	\N	2025-10-11 18:41:38.827974
2	1	12	2	\N	2025-10-11 18:41:38.827974
3	1	13	3	\N	2025-10-11 18:41:38.827974
4	1	14	4	\N	2025-10-11 18:41:38.827974
5	1	15	5	\N	2025-10-11 18:41:38.827974
6	1	16	6	\N	2025-10-11 18:41:38.827974
7	1	17	7	\N	2025-10-11 18:41:38.827974
8	1	18	8	\N	2025-10-11 18:41:38.827974
9	1	19	9	\N	2025-10-11 18:41:38.827974
10	1	20	10	\N	2025-10-11 18:41:38.827974
11	1	31	1	\N	2025-10-11 18:41:38.827974
12	1	32	2	\N	2025-10-11 18:41:38.827974
13	1	33	3	\N	2025-10-11 18:41:38.827974
14	1	34	4	\N	2025-10-11 18:41:38.827974
15	1	35	5	\N	2025-10-11 18:41:38.827974
16	1	36	6	\N	2025-10-11 18:41:38.827974
17	1	37	7	\N	2025-10-11 18:41:38.827974
18	1	38	8	\N	2025-10-11 18:41:38.827974
19	1	39	9	\N	2025-10-11 18:41:38.827974
20	1	40	10	\N	2025-10-11 18:41:38.827974
21	1	21	1	\N	2025-10-11 18:41:38.827974
22	1	22	2	\N	2025-10-11 18:41:38.827974
23	1	23	3	\N	2025-10-11 18:41:38.827974
24	1	24	4	\N	2025-10-11 18:41:38.827974
25	1	25	5	\N	2025-10-11 18:41:38.827974
26	1	26	6	\N	2025-10-11 18:41:38.827974
27	1	27	7	\N	2025-10-11 18:41:38.827974
28	1	28	8	\N	2025-10-11 18:41:38.827974
29	1	29	9	\N	2025-10-11 18:41:38.827974
30	1	30	10	\N	2025-10-11 18:41:38.827974
31	1	1	1	\N	2025-10-11 18:41:38.827974
32	1	2	2	\N	2025-10-11 18:41:38.827974
33	1	3	3	\N	2025-10-11 18:41:38.827974
34	1	4	4	\N	2025-10-11 18:41:38.827974
35	1	5	5	\N	2025-10-11 18:41:38.827974
36	1	6	6	\N	2025-10-11 18:41:38.827974
37	1	7	7	\N	2025-10-11 18:41:38.827974
38	1	8	8	\N	2025-10-11 18:41:38.827974
39	1	9	9	\N	2025-10-11 18:41:38.827974
40	1	10	10	\N	2025-10-11 18:41:38.827974
171	15	11	1	\N	2025-10-14 08:40:49.405165
172	15	1	2	\N	2025-10-14 08:40:49.415803
173	15	12	3	\N	2025-10-14 08:40:49.431495
174	15	2	4	\N	2025-10-14 08:40:49.439432
175	15	13	5	\N	2025-10-14 08:40:49.448948
176	15	21	6	\N	2025-10-14 08:40:49.462753
177	15	3	7	\N	2025-10-14 08:40:49.47357
178	15	31	8	\N	2025-10-14 08:40:49.48325
179	15	14	9	\N	2025-10-14 08:40:49.494659
180	15	22	10	\N	2025-10-14 08:40:49.506205
181	15	4	11	\N	2025-10-14 08:40:49.51722
182	15	15	12	\N	2025-10-14 08:40:49.528543
183	15	32	13	\N	2025-10-14 08:40:49.536609
184	15	23	14	\N	2025-10-14 08:40:49.545124
185	15	5	15	\N	2025-10-14 08:40:49.553084
186	15	16	16	\N	2025-10-14 08:40:49.562113
187	15	33	17	\N	2025-10-14 08:40:49.570419
188	15	24	18	\N	2025-10-14 08:40:49.577284
189	15	6	19	\N	2025-10-14 08:40:49.585072
190	15	40	20	\N	2025-10-14 08:40:49.591733
191	15	7	21	\N	2025-10-14 08:40:49.597918
192	15	17	22	\N	2025-10-14 08:40:49.605788
193	15	34	23	\N	2025-10-14 08:40:49.614241
194	15	25	24	\N	2025-10-14 08:40:49.620798
195	15	8	25	\N	2025-10-14 08:40:49.627517
196	15	18	26	\N	2025-10-14 08:40:49.635135
197	15	35	27	\N	2025-10-14 08:40:49.644247
198	15	26	28	\N	2025-10-14 08:40:49.655207
199	15	9	29	\N	2025-10-14 08:40:49.661722
200	15	36	30	\N	2025-10-14 08:40:49.669143
201	15	19	31	\N	2025-10-14 08:40:49.680182
202	15	27	32	\N	2025-10-14 08:40:49.688462
203	15	10	33	\N	2025-10-14 08:40:49.700079
204	15	37	34	\N	2025-10-14 08:40:49.708093
205	15	20	35	\N	2025-10-14 08:40:49.716795
206	15	28	36	\N	2025-10-14 08:40:49.726542
207	15	38	37	\N	2025-10-14 08:40:49.734378
208	15	29	38	\N	2025-10-14 08:40:49.740635
209	15	39	39	\N	2025-10-14 08:40:49.749073
210	15	30	40	\N	2025-10-14 08:40:49.757155
211	16	1	\N	\N	2025-10-14 09:04:58.340213
212	16	2	\N	\N	2025-10-14 09:04:58.340213
213	16	3	\N	\N	2025-10-14 09:04:58.340213
214	16	4	\N	\N	2025-10-14 09:04:58.340213
215	16	5	\N	\N	2025-10-14 09:04:58.340213
216	16	6	\N	\N	2025-10-14 09:04:58.340213
217	16	7	\N	\N	2025-10-14 09:04:58.340213
218	16	8	\N	\N	2025-10-14 09:04:58.340213
219	16	9	\N	\N	2025-10-14 09:04:58.340213
220	16	10	\N	\N	2025-10-14 09:04:58.340213
221	16	11	\N	\N	2025-10-14 09:04:58.340213
222	16	12	\N	\N	2025-10-14 09:04:58.340213
223	16	13	\N	\N	2025-10-14 09:04:58.340213
224	16	14	\N	\N	2025-10-14 09:04:58.340213
225	16	15	\N	\N	2025-10-14 09:04:58.340213
226	16	16	\N	\N	2025-10-14 09:04:58.340213
227	16	17	\N	\N	2025-10-14 09:04:58.340213
228	16	18	\N	\N	2025-10-14 09:04:58.340213
229	16	19	\N	\N	2025-10-14 09:04:58.340213
230	16	20	\N	\N	2025-10-14 09:04:58.340213
231	16	21	\N	\N	2025-10-14 09:04:58.340213
232	16	22	\N	\N	2025-10-14 09:04:58.340213
233	16	23	\N	\N	2025-10-14 09:04:58.340213
234	16	24	\N	\N	2025-10-14 09:04:58.340213
235	16	25	\N	\N	2025-10-14 09:04:58.340213
236	16	26	\N	\N	2025-10-14 09:04:58.340213
237	16	27	\N	\N	2025-10-14 09:04:58.340213
238	16	28	\N	\N	2025-10-14 09:04:58.340213
239	16	29	\N	\N	2025-10-14 09:04:58.340213
240	16	30	\N	\N	2025-10-14 09:04:58.340213
241	16	31	\N	\N	2025-10-14 09:04:58.340213
242	16	32	\N	\N	2025-10-14 09:04:58.340213
243	16	33	\N	\N	2025-10-14 09:04:58.340213
244	16	34	\N	\N	2025-10-14 09:04:58.340213
245	16	35	\N	\N	2025-10-14 09:04:58.340213
246	16	36	\N	\N	2025-10-14 09:04:58.340213
247	16	37	\N	\N	2025-10-14 09:04:58.340213
248	16	38	\N	\N	2025-10-14 09:04:58.340213
249	16	39	\N	\N	2025-10-14 09:04:58.340213
250	16	40	\N	\N	2025-10-14 09:04:58.340213
251	19	11	1	\N	2025-10-14 09:42:57.144787
252	19	1	2	\N	2025-10-14 09:42:57.155954
253	19	12	3	\N	2025-10-14 09:42:57.166221
254	19	2	4	\N	2025-10-14 09:42:57.175613
255	19	13	5	\N	2025-10-14 09:42:57.18339
256	19	21	6	\N	2025-10-14 09:42:57.192106
257	19	3	7	\N	2025-10-14 09:42:57.202401
258	19	14	8	\N	2025-10-14 09:42:57.22041
259	19	31	9	\N	2025-10-14 09:42:57.232695
260	19	22	10	\N	2025-10-14 09:42:57.244033
261	19	4	11	\N	2025-10-14 09:42:57.256022
262	19	32	12	\N	2025-10-14 09:42:57.285384
263	19	15	13	\N	2025-10-14 09:42:57.298312
264	19	23	14	\N	2025-10-14 09:42:57.307523
265	19	5	15	\N	2025-10-14 09:42:57.316438
266	19	16	16	\N	2025-10-14 09:42:57.325612
267	19	33	17	\N	2025-10-14 09:42:57.336758
268	19	24	18	\N	2025-10-14 09:42:57.344478
269	19	6	19	\N	2025-10-14 09:42:57.357547
270	19	7	20	\N	2025-10-14 09:42:57.367219
271	19	40	21	\N	2025-10-14 09:42:57.377544
272	19	34	22	\N	2025-10-14 09:42:57.386528
273	19	17	23	\N	2025-10-14 09:42:57.396282
274	19	25	24	\N	2025-10-14 09:42:57.409317
275	19	8	25	\N	2025-10-14 09:42:57.418922
276	19	35	26	\N	2025-10-14 09:42:57.433071
277	19	18	27	\N	2025-10-14 09:42:57.457624
278	19	9	28	\N	2025-10-14 09:42:57.477221
279	19	26	29	\N	2025-10-14 09:42:57.484948
280	19	36	30	\N	2025-10-14 09:42:57.493644
281	19	19	31	\N	2025-10-14 09:42:57.50312
282	19	10	32	\N	2025-10-14 09:42:57.513367
283	19	27	33	\N	2025-10-14 09:42:57.523081
284	19	20	34	\N	2025-10-14 09:42:57.53272
285	19	37	35	\N	2025-10-14 09:42:57.541739
286	19	28	36	\N	2025-10-14 09:42:57.552664
287	19	38	37	\N	2025-10-14 09:42:57.567221
288	19	29	38	\N	2025-10-14 09:42:57.579666
289	19	39	39	\N	2025-10-14 09:42:57.592413
290	19	30	40	\N	2025-10-14 09:42:57.601175
291	21	1	\N	\N	2025-10-14 15:13:46.761897
292	21	2	\N	\N	2025-10-14 15:13:46.761897
293	21	3	\N	\N	2025-10-14 15:13:46.761897
294	21	4	\N	\N	2025-10-14 15:13:46.761897
295	21	5	\N	\N	2025-10-14 15:13:46.761897
296	21	6	\N	\N	2025-10-14 15:13:46.761897
297	21	7	\N	\N	2025-10-14 15:13:46.761897
298	21	8	\N	\N	2025-10-14 15:13:46.761897
299	21	9	\N	\N	2025-10-14 15:13:46.761897
300	21	10	\N	\N	2025-10-14 15:13:46.761897
301	21	11	\N	\N	2025-10-14 15:13:46.761897
302	21	12	\N	\N	2025-10-14 15:13:46.761897
303	21	13	\N	\N	2025-10-14 15:13:46.761897
304	21	14	\N	\N	2025-10-14 15:13:46.761897
305	21	15	\N	\N	2025-10-14 15:13:46.761897
306	21	16	\N	\N	2025-10-14 15:13:46.761897
307	21	17	\N	\N	2025-10-14 15:13:46.761897
308	21	18	\N	\N	2025-10-14 15:13:46.761897
309	21	19	\N	\N	2025-10-14 15:13:46.761897
310	21	20	\N	\N	2025-10-14 15:13:46.761897
311	21	21	\N	\N	2025-10-14 15:13:46.761897
312	21	22	\N	\N	2025-10-14 15:13:46.761897
313	21	23	\N	\N	2025-10-14 15:13:46.761897
314	21	24	\N	\N	2025-10-14 15:13:46.761897
315	21	25	\N	\N	2025-10-14 15:13:46.761897
316	21	26	\N	\N	2025-10-14 15:13:46.761897
317	21	27	\N	\N	2025-10-14 15:13:46.761897
318	21	28	\N	\N	2025-10-14 15:13:46.761897
319	21	29	\N	\N	2025-10-14 15:13:46.761897
320	21	30	\N	\N	2025-10-14 15:13:46.761897
321	21	31	\N	\N	2025-10-14 15:13:46.761897
322	21	32	\N	\N	2025-10-14 15:13:46.761897
323	21	33	\N	\N	2025-10-14 15:13:46.761897
324	21	34	\N	\N	2025-10-14 15:13:46.761897
325	21	35	\N	\N	2025-10-14 15:13:46.761897
326	21	36	\N	\N	2025-10-14 15:13:46.761897
327	21	37	\N	\N	2025-10-14 15:13:46.761897
328	21	38	\N	\N	2025-10-14 15:13:46.761897
329	21	39	\N	\N	2025-10-14 15:13:46.761897
330	21	40	\N	\N	2025-10-14 15:13:46.761897
\.


--
-- Data for Name: competitions; Type: TABLE DATA; Schema: public; Owner: postgres
--

COPY public.competitions (id, season_id, type, name, format, scoring_rules, status, max_teams, start_date, end_date, description, created_at, updated_at, new_id, new_season_id, display_name, competition_code) FROM stdin;
1	1	spring	S1 春季赛	{"type": "league", "playoffs": {"format": "double_elimination", "match_format": "BO5"}, "regular_season": {"format": "double_round_robin", "match_format": "BO3"}}	{"regular": {"win_2_0": 3, "win_2_1": 2, "loss_0_2": 0, "loss_1_2": 1}, "playoffs": {"champion": 12, "runner_up": 10, "third_place": 8, "fourth_place": 6}}	completed	40	2024-01-15	2024-04-15	\N	2025-10-11 18:41:03.407488	2025-10-14 08:36:51.428242	S1-spring	S1	2024 春季赛	S1-spring
3	1	msi	S1 MSI季中赛	{"type": "international", "knockout": {"format": "single_elimination", "match_format": "BO5"}, "group_stage": {"format": "round_robin", "match_format": "BO1"}}	{"knockout": {"champion": 15, "runner_up": 12, "semifinal": 8, "quarterfinal": 4}, "group_stage": {"win": 2, "loss": 0}}	planning	12	2024-05-01	2024-05-20	\N	2025-10-11 18:41:39.048689	2025-10-13 17:46:47.086528	S1-msi	S1	2024 MSI季中赛	S1-msi
4	1	worlds	S1 全球总决赛	{"type": "international", "play_in": {"format": "round_robin", "match_format": "BO1"}, "knockout": {"format": "single_elimination", "match_format": "BO5"}, "group_stage": {"format": "round_robin", "match_format": "BO1"}}	{"play_in": {"advance": 1}, "knockout": {"champion": 20, "runner_up": 15, "semifinal": 10, "quarterfinal": 6}, "group_stage": {"win": 2, "loss": 0}}	planning	24	2024-10-01	2024-11-15	\N	2025-10-11 18:41:39.049058	2025-10-13 17:46:47.086528	S1-worlds	S1	2024 全球总决赛	S1-worlds
21	8	spring	S3 春季赛	{"type": "league", "regularSeason": {"format": "round-robin", "matchFormat": "BO3"}}	{"regular": {"0-2": 0, "1-2": 1, "2-0": 3, "2-1": 2}}	active	40	2025-10-14	2026-01-14	\N	2025-10-14 15:13:46.761897	2025-10-14 15:14:00.685649	\N	\N	\N	\N
15	1	summer	2025 夏季赛	{"type": "league", "regularSeason": {"format": "round-robin", "matchFormat": "BO3"}}	{"regular": {"0-2": 0, "1-2": 1, "2-0": 3, "2-1": 2}}	completed	40	2025-10-14	2026-01-12	\N	2025-10-14 08:40:49.371297	2025-10-14 08:42:52.353164	\N	\N	\N	\N
16	7	spring	S2 春季赛	{"type": "league", "regularSeason": {"format": "round-robin", "matchFormat": "BO3"}}	{"regular": {"0-2": 0, "1-2": 1, "2-0": 3, "2-1": 2}}	completed	40	2025-10-14	2026-01-14	\N	2025-10-14 09:04:58.340213	2025-10-14 09:11:14.55329	\N	\N	\N	\N
18	7	msi	S2 MSI季中赛	{"type": "double_elimination"}	{}	active	12	2025-10-14	2025-11-14	\N	2025-10-14 09:41:46.940706	2025-10-14 09:41:46.940706	\N	\N	\N	\N
19	7	summer	2025 夏季赛	{"type": "league", "regularSeason": {"format": "round-robin", "matchFormat": "BO3"}}	{"regular": {"0-2": 0, "1-2": 1, "2-0": 3, "2-1": 2}}	completed	40	2025-10-14	2026-01-12	\N	2025-10-14 09:42:57.113086	2025-10-14 09:44:48.997734	\N	\N	\N	\N
20	7	worlds	S2 世界赛	{"type": "worlds", "stages": ["play_in", "swiss", "knockout"]}	{}	active	12	2025-10-14	2025-12-14	\N	2025-10-14 11:56:57.162177	2025-10-14 11:56:57.162177	\N	\N	\N	\N
\.


--
-- Data for Name: competitions_backup; Type: TABLE DATA; Schema: public; Owner: postgres
--

COPY public.competitions_backup (id, season_id, type, name, format, scoring_rules, status, max_teams, start_date, end_date, description, created_at, updated_at) FROM stdin;
3	1	msi	S1季中冠军赛	{"type": "international", "knockout": {"format": "single_elimination", "match_format": "BO5"}, "group_stage": {"format": "round_robin", "match_format": "BO1"}}	{"knockout": {"champion": 15, "runner_up": 12, "semifinal": 8, "quarterfinal": 4}, "group_stage": {"win": 2, "loss": 0}}	planning	12	2024-05-01	2024-05-20	\N	2025-10-11 18:41:39.048689	2025-10-11 18:41:39.048689
4	1	worlds	S1全球总决赛	{"type": "international", "play_in": {"format": "round_robin", "match_format": "BO1"}, "knockout": {"format": "single_elimination", "match_format": "BO5"}, "group_stage": {"format": "round_robin", "match_format": "BO1"}}	{"play_in": {"advance": 1}, "knockout": {"champion": 20, "runner_up": 15, "semifinal": 10, "quarterfinal": 6}, "group_stage": {"win": 2, "loss": 0}}	planning	24	2024-10-01	2024-11-15	\N	2025-10-11 18:41:39.049058	2025-10-11 18:41:39.049058
1	1	spring	S1春季赛	{"type": "league", "playoffs": {"format": "double_elimination", "match_format": "BO5"}, "regular_season": {"format": "double_round_robin", "match_format": "BO3"}}	{"regular": {"win_2_0": 3, "win_2_1": 2, "loss_0_2": 0, "loss_1_2": 1}, "playoffs": {"champion": 12, "runner_up": 10, "third_place": 8, "fourth_place": 6}}	completed	40	2024-01-15	2024-04-15	\N	2025-10-11 18:41:03.407488	2025-10-12 08:55:08.246019
7	1	summer	2025 夏季赛	{"type": "league", "regularSeason": {"format": "round-robin", "matchFormat": "BO3"}}	{"regular": {"0-2": 0, "1-2": 1, "2-0": 3, "2-1": 2}}	active	40	2025-10-12	2026-01-10	\N	2025-10-13 00:52:52.834662	2025-10-13 00:52:53.287906
\.


--
-- Data for Name: head_to_head_records; Type: TABLE DATA; Schema: public; Owner: postgres
--

COPY public.head_to_head_records (id, team_a_id, team_b_id, total_matches, team_a_wins, team_b_wins, last_match_date, last_match_id) FROM stdin;
4812	28	29	10	3	7	2025-10-14	9035
4814	33	35	10	7	3	2025-10-14	9149
4631	35	36	15	8	7	2025-10-14	9115
4813	34	40	10	6	4	2025-10-14	9150
4825	13	15	10	7	3	2025-10-14	8942
4824	12	16	10	7	3	2025-10-14	8943
4823	11	17	10	9	1	2025-10-14	8944
4638	32	39	15	9	6	2025-10-14	9111
4806	2	4	11	8	3	2025-10-14	8847
4658	34	39	13	11	2	2025-10-14	9126
4657	31	33	13	11	2	2025-10-14	9112
4661	11	13	13	7	6	2025-10-14	8932
4655	22	30	13	9	4	2025-10-14	9021
4834	35	40	10	4	6	2025-10-14	9127
4810	1	5	11	9	2	2025-10-14	8848
4808	6	9	11	1	10	2025-10-14	8849
4809	3	10	11	11	0	2025-10-14	8846
4791	23	30	11	10	1	2025-10-14	9026
4843	15	20	10	9	1	2025-10-14	8946
4837	22	28	10	9	1	2025-10-14	9039
4835	23	27	10	8	2	2025-10-14	9038
4800	22	24	11	9	2	2025-10-14	9027
4807	7	8	11	8	3	2025-10-14	8850
4839	24	26	10	6	4	2025-10-14	9037
4836	25	30	10	10	0	2025-10-14	9036
4799	21	25	11	9	2	2025-10-14	9028
4838	21	29	10	8	2	2025-10-14	9040
4841	12	18	10	9	1	2025-10-14	8949
4803	17	18	11	6	5	2025-10-14	8940
4842	14	16	10	7	3	2025-10-14	8947
4833	34	36	10	9	1	2025-10-14	9132
4639	33	38	15	8	7	2025-10-14	9134
4795	36	39	11	10	1	2025-10-14	9136
4637	31	40	15	5	10	2025-10-14	9139
4670	1	3	13	11	2	2025-10-14	8842
4796	33	40	11	8	3	2025-10-14	9145
4840	31	39	10	10	0	2025-10-14	9106
4793	32	34	11	8	3	2025-10-14	9144
4832	33	37	10	8	2	2025-10-14	9108
4831	32	38	10	9	1	2025-10-14	9107
4666	4	9	13	10	3	2025-10-14	8843
4669	5	8	13	8	5	2025-10-14	8844
4633	24	27	15	6	9	2025-10-14	9019
4668	6	7	13	8	5	2025-10-14	8845
4665	12	20	13	11	2	2025-10-14	8931
4667	2	10	13	11	2	2025-10-14	8841
4794	31	35	11	6	5	2025-10-14	9143
4651	26	27	13	7	6	2025-10-14	9025
4652	25	28	13	8	5	2025-10-14	9024
4653	24	29	13	10	3	2025-10-14	9023
4654	21	23	13	10	3	2025-10-14	9022
4664	16	17	13	6	7	2025-10-14	8935
4804	16	19	11	5	6	2025-10-14	8939
4663	15	18	13	8	5	2025-10-14	8934
4801	11	15	11	6	5	2025-10-14	8938
4662	14	19	13	10	3	2025-10-14	8933
4805	12	14	11	10	1	2025-10-14	8937
4792	37	38	11	5	6	2025-10-14	9125
4632	25	26	15	2	13	2025-10-14	9020
4821	14	20	10	8	2	2025-10-14	8941
4822	18	19	10	5	5	2025-10-14	8945
4827	3	5	10	6	4	2025-10-14	8852
4828	2	6	10	10	0	2025-10-14	8853
4829	1	7	10	8	2	2025-10-14	8854
4647	2	9	15	7	8	2025-10-14	8837
4648	3	8	15	9	6	2025-10-14	8838
4830	8	9	10	6	4	2025-10-14	8855
4811	21	27	10	8	2	2025-10-14	9034
4818	24	30	10	9	1	2025-10-14	9031
4817	38	39	10	6	4	2025-10-14	9146
4820	22	26	10	6	4	2025-10-14	9033
4819	23	25	10	6	4	2025-10-14	9032
4826	4	10	10	9	1	2025-10-14	8851
4649	4	7	15	8	7	2025-10-14	8839
4646	5	6	15	5	10	2025-10-14	8840
4645	15	16	15	8	7	2025-10-14	8930
4644	14	17	15	7	8	2025-10-14	8929
4643	13	18	15	8	7	2025-10-14	8928
4642	11	20	15	9	6	2025-10-14	8926
4816	31	37	10	8	2	2025-10-14	9147
4660	36	37	13	10	3	2025-10-14	9120
4641	12	19	15	10	5	2025-10-14	8927
4650	1	10	15	9	6	2025-10-14	8836
4659	35	38	13	7	6	2025-10-14	9119
4636	21	30	15	7	8	2025-10-14	9016
4656	32	40	13	9	4	2025-10-14	9117
4635	22	29	15	9	6	2025-10-14	9017
4634	23	28	15	9	6	2025-10-14	9018
4802	13	20	11	11	0	2025-10-14	8936
4815	32	36	10	7	3	2025-10-14	9148
4798	26	29	11	8	3	2025-10-14	9029
4797	27	28	11	6	5	2025-10-14	9030
4640	34	37	15	5	10	2025-10-14	9114
4844	13	17	10	8	2	2025-10-14	8948
4846	3	7	10	6	4	2025-10-14	8858
4849	1	9	10	10	0	2025-10-14	8860
5200	33	36	8	6	2	2025-10-14	9128
5192	32	37	8	6	2	2025-10-14	9129
5198	31	38	8	6	2	2025-10-14	9130
4845	11	19	10	10	0	2025-10-14	8950
4850	5	10	10	8	2	2025-10-14	8856
4847	4	6	10	8	2	2025-10-14	8857
5164	17	20	8	6	2	2025-10-14	8956
4848	2	8	10	9	1	2025-10-14	8859
5152	35	39	8	5	3	2025-10-14	9131
5160	37	40	8	3	5	2025-10-14	9133
5170	2	3	8	4	4	2025-10-14	8870
5196	21	28	8	7	1	2025-10-14	9057
5169	1	4	8	6	2	2025-10-14	8869
5167	5	9	8	5	3	2025-10-14	8868
5195	22	27	8	6	2	2025-10-14	9058
5194	23	26	8	6	2	2025-10-14	9059
5193	24	25	8	6	2	2025-10-14	9060
5155	22	23	8	7	1	2025-10-14	9050
5168	6	8	8	4	4	2025-10-14	8867
5159	21	24	8	4	4	2025-10-14	9049
5158	25	29	8	8	0	2025-10-14	9048
5156	26	28	8	6	2	2025-10-14	9047
4951	31	32	9	5	4	2025-10-14	9135
5197	29	30	8	5	3	2025-10-14	9056
5209	1	8	8	5	3	2025-10-14	8877
5206	2	7	8	6	2	2025-10-14	8878
5210	3	6	8	6	2	2025-10-14	8879
5207	4	5	8	3	5	2025-10-14	8880
4958	26	30	9	9	0	2025-10-14	9041
5157	27	30	8	3	5	2025-10-14	9046
5151	36	38	8	6	2	2025-10-14	9142
5177	37	39	8	8	0	2025-10-14	9141
4963	15	17	9	6	3	2025-10-14	8952
4961	14	18	9	6	3	2025-10-14	8953
4964	13	19	9	8	1	2025-10-14	8954
4965	11	12	9	6	3	2025-10-14	8955
4962	16	20	9	9	0	2025-10-14	8951
4966	5	7	9	7	2	2025-10-14	8862
4970	4	8	9	7	2	2025-10-14	8863
4968	3	9	9	6	3	2025-10-14	8864
4967	1	2	9	7	2	2025-10-14	8865
4969	6	10	9	9	0	2025-10-14	8861
4956	21	22	9	5	4	2025-10-14	9045
5178	28	30	8	6	2	2025-10-14	9051
5189	7	9	8	7	1	2025-10-14	8872
5186	1	6	8	5	3	2025-10-14	8873
4957	23	29	9	8	1	2025-10-14	9044
4959	24	28	9	6	3	2025-10-14	9043
5190	2	5	8	6	2	2025-10-14	8874
4960	25	27	9	7	2	2025-10-14	9042
4954	35	37	9	8	1	2025-10-14	9137
4953	34	38	9	4	5	2025-10-14	9138
5154	32	33	8	4	4	2025-10-14	9140
5166	7	10	8	2	6	2025-10-14	8866
5161	12	13	8	3	5	2025-10-14	8960
5165	11	14	8	5	3	2025-10-14	8959
5162	15	19	8	5	3	2025-10-14	8958
5187	3	4	8	4	4	2025-10-14	8875
5184	18	20	8	4	4	2025-10-14	8961
5183	17	19	8	6	2	2025-10-14	8962
5163	16	18	8	4	4	2025-10-14	8957
5182	11	16	8	5	3	2025-10-14	8963
5181	12	15	8	4	4	2025-10-14	8964
5185	13	14	8	2	6	2025-10-14	8965
5188	8	10	8	5	3	2025-10-14	8871
5179	27	29	8	3	5	2025-10-14	9052
5180	21	26	8	7	1	2025-10-14	9053
5173	22	25	8	5	3	2025-10-14	9054
5174	23	24	8	5	3	2025-10-14	9055
5201	19	20	8	6	2	2025-10-14	8966
5205	11	18	8	7	1	2025-10-14	8967
5204	12	17	8	7	1	2025-10-14	8968
5203	13	16	8	6	2	2025-10-14	8969
5202	14	15	8	6	2	2025-10-14	8970
5208	9	10	8	4	4	2025-10-14	8876
5199	34	35	8	4	4	2025-10-14	9110
4955	36	40	9	3	6	2025-10-14	9109
5171	38	40	8	4	4	2025-10-14	9113
4952	33	39	9	8	1	2025-10-14	9116
5153	31	34	8	8	0	2025-10-14	9118
5175	33	34	8	6	2	2025-10-14	9122
5191	39	40	8	0	8	2025-10-14	9121
5172	31	36	8	6	2	2025-10-14	9124
5176	32	35	8	7	1	2025-10-14	9123
\.


--
-- Data for Name: honor_records; Type: TABLE DATA; Schema: public; Owner: postgres
--

COPY public.honor_records (id, season_id, competition_id, team_id, "position", points, achievement_date, special_record, created_at, updated_at, new_season_id, new_competition_id) FROM stdin;
109	1	1	4	1	12	2025-10-14 08:37:53.023004	\N	2025-10-14 08:37:53.023004	2025-10-14 08:37:53.023004	\N	\N
110	1	1	1	2	10	2025-10-14 08:37:53.031766	\N	2025-10-14 08:37:53.031766	2025-10-14 08:37:53.031766	\N	\N
111	1	1	2	3	8	2025-10-14 08:37:53.034346	\N	2025-10-14 08:37:53.034346	2025-10-14 08:37:53.034346	\N	\N
112	1	1	5	4	6	2025-10-14 08:37:53.036491	\N	2025-10-14 08:37:53.036491	2025-10-14 08:37:53.036491	\N	\N
113	1	1	14	1	12	2025-10-14 08:38:11.150145	\N	2025-10-14 08:38:11.150145	2025-10-14 08:38:11.150145	\N	\N
114	1	1	12	2	10	2025-10-14 08:38:11.151689	\N	2025-10-14 08:38:11.151689	2025-10-14 08:38:11.151689	\N	\N
115	1	1	13	3	8	2025-10-14 08:38:11.152788	\N	2025-10-14 08:38:11.152788	2025-10-14 08:38:11.152788	\N	\N
116	1	1	15	4	6	2025-10-14 08:38:11.153399	\N	2025-10-14 08:38:11.153399	2025-10-14 08:38:11.153399	\N	\N
117	1	1	22	1	12	2025-10-14 08:38:31.686605	\N	2025-10-14 08:38:31.686605	2025-10-14 08:38:31.686605	\N	\N
118	1	1	21	2	10	2025-10-14 08:38:31.691379	\N	2025-10-14 08:38:31.691379	2025-10-14 08:38:31.691379	\N	\N
119	1	1	25	3	8	2025-10-14 08:38:31.693504	\N	2025-10-14 08:38:31.693504	2025-10-14 08:38:31.693504	\N	\N
120	1	1	23	4	6	2025-10-14 08:38:31.695534	\N	2025-10-14 08:38:31.695534	2025-10-14 08:38:31.695534	\N	\N
121	1	1	33	1	12	2025-10-14 08:38:44.085571	\N	2025-10-14 08:38:44.085571	2025-10-14 08:38:44.085571	\N	\N
122	1	1	31	2	10	2025-10-14 08:38:44.087631	\N	2025-10-14 08:38:44.087631	2025-10-14 08:38:44.087631	\N	\N
123	1	1	32	3	8	2025-10-14 08:38:44.088868	\N	2025-10-14 08:38:44.088868	2025-10-14 08:38:44.088868	\N	\N
124	1	1	38	4	6	2025-10-14 08:38:44.089482	\N	2025-10-14 08:38:44.089482	2025-10-14 08:38:44.089482	\N	\N
125	1	3	14	1	20	2025-10-14 08:40:27.804014	\N	2025-10-14 08:40:27.804014	2025-10-14 08:40:27.804014	\N	\N
126	1	3	4	2	16	2025-10-14 08:40:27.812855	\N	2025-10-14 08:40:27.812855	2025-10-14 08:40:27.812855	\N	\N
127	1	3	22	3	12	2025-10-14 08:40:27.81455	\N	2025-10-14 08:40:27.81455	2025-10-14 08:40:27.81455	\N	\N
128	1	3	33	4	8	2025-10-14 08:40:27.815953	\N	2025-10-14 08:40:27.815953	2025-10-14 08:40:27.815953	\N	\N
129	1	15	2	1	12	2025-10-14 08:43:56.811397	\N	2025-10-14 08:43:56.811397	2025-10-14 08:43:56.811397	\N	\N
130	1	15	1	2	10	2025-10-14 08:43:56.819017	\N	2025-10-14 08:43:56.819017	2025-10-14 08:43:56.819017	\N	\N
131	1	15	5	3	8	2025-10-14 08:43:56.82074	\N	2025-10-14 08:43:56.82074	2025-10-14 08:43:56.82074	\N	\N
132	1	15	3	4	6	2025-10-14 08:43:56.824283	\N	2025-10-14 08:43:56.824283	2025-10-14 08:43:56.824283	\N	\N
133	1	15	12	1	12	2025-10-14 08:44:13.582569	\N	2025-10-14 08:44:13.582569	2025-10-14 08:44:13.582569	\N	\N
134	1	15	11	2	10	2025-10-14 08:44:13.585894	\N	2025-10-14 08:44:13.585894	2025-10-14 08:44:13.585894	\N	\N
135	1	15	13	3	8	2025-10-14 08:44:13.590208	\N	2025-10-14 08:44:13.590208	2025-10-14 08:44:13.590208	\N	\N
136	1	15	15	4	6	2025-10-14 08:44:13.592806	\N	2025-10-14 08:44:13.592806	2025-10-14 08:44:13.592806	\N	\N
137	1	15	21	1	12	2025-10-14 08:44:25.370282	\N	2025-10-14 08:44:25.370282	2025-10-14 08:44:25.370282	\N	\N
138	1	15	25	2	10	2025-10-14 08:44:25.374159	\N	2025-10-14 08:44:25.374159	2025-10-14 08:44:25.374159	\N	\N
139	1	15	22	3	8	2025-10-14 08:44:25.376172	\N	2025-10-14 08:44:25.376172	2025-10-14 08:44:25.376172	\N	\N
140	1	15	23	4	6	2025-10-14 08:44:25.378566	\N	2025-10-14 08:44:25.378566	2025-10-14 08:44:25.378566	\N	\N
141	1	15	32	1	12	2025-10-14 08:44:48.720228	\N	2025-10-14 08:44:48.720228	2025-10-14 08:44:48.720228	\N	\N
142	1	15	35	2	10	2025-10-14 08:44:48.723091	\N	2025-10-14 08:44:48.723091	2025-10-14 08:44:48.723091	\N	\N
143	1	15	33	3	8	2025-10-14 08:44:48.727073	\N	2025-10-14 08:44:48.727073	2025-10-14 08:44:48.727073	\N	\N
144	1	15	31	4	6	2025-10-14 08:44:48.72903	\N	2025-10-14 08:44:48.72903	2025-10-14 08:44:48.72903	\N	\N
145	1	4	32	1	20	2025-10-14 09:03:11.407052	\N	2025-10-14 09:03:11.407052	2025-10-14 09:03:11.407052	\N	\N
146	1	4	1	2	16	2025-10-14 09:03:11.418069	\N	2025-10-14 09:03:11.418069	2025-10-14 09:03:11.418069	\N	\N
147	1	4	35	3	12	2025-10-14 09:03:11.419533	\N	2025-10-14 09:03:11.419533	2025-10-14 09:03:11.419533	\N	\N
148	1	4	13	4	8	2025-10-14 09:03:11.420717	\N	2025-10-14 09:03:11.420717	2025-10-14 09:03:11.420717	\N	\N
149	7	16	2	1	12	2025-10-14 09:24:01.724982	\N	2025-10-14 09:24:01.724982	2025-10-14 09:24:01.724982	\N	\N
150	7	16	1	2	10	2025-10-14 09:24:01.733365	\N	2025-10-14 09:24:01.733365	2025-10-14 09:24:01.733365	\N	\N
151	7	16	3	3	8	2025-10-14 09:24:01.737254	\N	2025-10-14 09:24:01.737254	2025-10-14 09:24:01.737254	\N	\N
152	7	16	4	4	6	2025-10-14 09:24:01.739301	\N	2025-10-14 09:24:01.739301	2025-10-14 09:24:01.739301	\N	\N
153	7	16	13	1	12	2025-10-14 09:24:25.92139	\N	2025-10-14 09:24:25.92139	2025-10-14 09:24:25.92139	\N	\N
154	7	16	11	2	10	2025-10-14 09:24:25.927725	\N	2025-10-14 09:24:25.927725	2025-10-14 09:24:25.927725	\N	\N
155	7	16	14	3	8	2025-10-14 09:24:25.930157	\N	2025-10-14 09:24:25.930157	2025-10-14 09:24:25.930157	\N	\N
156	7	16	15	4	6	2025-10-14 09:24:25.932447	\N	2025-10-14 09:24:25.932447	2025-10-14 09:24:25.932447	\N	\N
157	7	16	25	1	12	2025-10-14 09:25:06.678329	\N	2025-10-14 09:25:06.678329	2025-10-14 09:25:06.678329	\N	\N
158	7	16	21	2	10	2025-10-14 09:25:06.685616	\N	2025-10-14 09:25:06.685616	2025-10-14 09:25:06.685616	\N	\N
159	7	16	22	3	8	2025-10-14 09:25:06.68879	\N	2025-10-14 09:25:06.68879	2025-10-14 09:25:06.68879	\N	\N
160	7	16	23	4	6	2025-10-14 09:25:06.690724	\N	2025-10-14 09:25:06.690724	2025-10-14 09:25:06.690724	\N	\N
161	7	16	31	1	12	2025-10-14 09:25:26.503201	\N	2025-10-14 09:25:26.503201	2025-10-14 09:25:26.503201	\N	\N
162	7	16	32	2	10	2025-10-14 09:25:26.507886	\N	2025-10-14 09:25:26.507886	2025-10-14 09:25:26.507886	\N	\N
163	7	16	40	3	8	2025-10-14 09:25:26.510808	\N	2025-10-14 09:25:26.510808	2025-10-14 09:25:26.510808	\N	\N
164	7	16	35	4	6	2025-10-14 09:25:26.513931	\N	2025-10-14 09:25:26.513931	2025-10-14 09:25:26.513931	\N	\N
165	7	18	31	1	20	2025-10-14 09:42:41.665591	\N	2025-10-14 09:42:41.665591	2025-10-14 09:42:41.665591	\N	\N
166	7	18	1	2	16	2025-10-14 09:42:41.675061	\N	2025-10-14 09:42:41.675061	2025-10-14 09:42:41.675061	\N	\N
167	7	18	2	3	12	2025-10-14 09:42:41.679178	\N	2025-10-14 09:42:41.679178	2025-10-14 09:42:41.679178	\N	\N
168	7	18	32	4	8	2025-10-14 09:42:41.682399	\N	2025-10-14 09:42:41.682399	2025-10-14 09:42:41.682399	\N	\N
169	7	19	2	1	12	2025-10-14 09:45:14.771605	\N	2025-10-14 09:45:14.771605	2025-10-14 09:45:14.771605	\N	\N
170	7	19	3	2	10	2025-10-14 09:45:14.776055	\N	2025-10-14 09:45:14.776055	2025-10-14 09:45:14.776055	\N	\N
171	7	19	1	3	8	2025-10-14 09:45:14.77855	\N	2025-10-14 09:45:14.77855	2025-10-14 09:45:14.77855	\N	\N
172	7	19	4	4	6	2025-10-14 09:45:14.780459	\N	2025-10-14 09:45:14.780459	2025-10-14 09:45:14.780459	\N	\N
173	7	19	13	1	12	2025-10-14 09:45:31.67987	\N	2025-10-14 09:45:31.67987	2025-10-14 09:45:31.67987	\N	\N
174	7	19	11	2	10	2025-10-14 09:45:31.686767	\N	2025-10-14 09:45:31.686767	2025-10-14 09:45:31.686767	\N	\N
175	7	19	12	3	8	2025-10-14 09:45:31.688809	\N	2025-10-14 09:45:31.688809	2025-10-14 09:45:31.688809	\N	\N
176	7	19	14	4	6	2025-10-14 09:45:31.691443	\N	2025-10-14 09:45:31.691443	2025-10-14 09:45:31.691443	\N	\N
177	7	19	24	1	12	2025-10-14 09:46:07.699431	\N	2025-10-14 09:46:07.699431	2025-10-14 09:46:07.699431	\N	\N
178	7	19	21	2	10	2025-10-14 09:46:07.709956	\N	2025-10-14 09:46:07.709956	2025-10-14 09:46:07.709956	\N	\N
179	7	19	25	3	8	2025-10-14 09:46:07.714405	\N	2025-10-14 09:46:07.714405	2025-10-14 09:46:07.714405	\N	\N
180	7	19	22	4	6	2025-10-14 09:46:07.719707	\N	2025-10-14 09:46:07.719707	2025-10-14 09:46:07.719707	\N	\N
181	7	19	31	1	12	2025-10-14 09:46:33.127273	\N	2025-10-14 09:46:33.127273	2025-10-14 09:46:33.127273	\N	\N
182	7	19	32	2	10	2025-10-14 09:46:33.128795	\N	2025-10-14 09:46:33.128795	2025-10-14 09:46:33.128795	\N	\N
183	7	19	33	3	8	2025-10-14 09:46:33.129697	\N	2025-10-14 09:46:33.129697	2025-10-14 09:46:33.129697	\N	\N
184	7	19	40	4	6	2025-10-14 09:46:33.13034	\N	2025-10-14 09:46:33.13034	2025-10-14 09:46:33.13034	\N	\N
185	7	20	24	1	20	2025-10-14 12:01:54.005407	\N	2025-10-14 12:01:54.005407	2025-10-14 12:01:54.005407	\N	\N
186	7	20	31	2	16	2025-10-14 12:01:54.018286	\N	2025-10-14 12:01:54.018286	2025-10-14 12:01:54.018286	\N	\N
187	7	20	21	3	12	2025-10-14 12:01:54.021517	\N	2025-10-14 12:01:54.021517	2025-10-14 12:01:54.021517	\N	\N
188	7	20	13	4	8	2025-10-14 12:01:54.024136	\N	2025-10-14 12:01:54.024136	2025-10-14 12:01:54.024136	\N	\N
\.


--
-- Data for Name: honor_records_backup; Type: TABLE DATA; Schema: public; Owner: postgres
--

COPY public.honor_records_backup (id, season_id, competition_id, team_id, "position", points, achievement_date, special_record, created_at, updated_at) FROM stdin;
\.


--
-- Data for Name: matches; Type: TABLE DATA; Schema: public; Owner: postgres
--

COPY public.matches (id, competition_id, team_a_id, team_b_id, score_a, score_b, winner_id, format, phase, round_number, match_number, status, scheduled_at, started_at, completed_at, notes, created_at, updated_at, new_id, new_competition_id, new_season_id, match_code, competition_code, season_code) FROM stdin;
7891	1	21	30	2	0	21	BO3	regular_season	1	181	completed	2025-10-14 01:50:55.865	\N	2025-10-14 02:24:39.389	\N	2025-10-14 01:50:55.871771	2025-10-14 02:24:39.400119	\N	\N	\N	\N	\N	\N
7894	1	24	27	2	0	24	BO3	regular_season	1	184	completed	2025-10-14 01:50:55.865	\N	2025-10-14 02:24:39.494	\N	2025-10-14 01:50:55.871771	2025-10-14 02:24:39.496438	\N	\N	\N	\N	\N	\N
7712	1	2	9	2	0	2	BO3	regular_season	1	2	completed	2025-10-14 01:50:55.863	\N	2025-10-14 02:24:39.561	\N	2025-10-14 01:50:55.871771	2025-10-14 02:24:39.56624	\N	\N	\N	\N	\N	\N
7990	1	36	37	2	1	36	BO3	regular_season	2	280	completed	2025-10-15 01:50:55.865	\N	2025-10-14 02:24:50.639	\N	2025-10-14 01:50:55.871771	2025-10-14 02:24:50.642371	\N	\N	\N	\N	\N	\N
7950	1	28	27	2	1	28	BO3	regular_season	12	240	completed	2025-10-25 01:50:55.865	\N	2025-10-14 08:35:35.219	\N	2025-10-14 01:50:55.871771	2025-10-14 08:35:35.223326	\N	\N	\N	\N	\N	\N
7862	1	13	15	2	0	13	BO3	regular_season	13	152	completed	2025-10-26 01:50:55.865	\N	2025-10-14 08:35:38.779	\N	2025-10-14 01:50:55.871771	2025-10-14 08:35:38.781474	\N	\N	\N	\N	\N	\N
7875	1	12	11	2	1	12	BO3	regular_season	15	165	completed	2025-10-28 01:50:55.865	\N	2025-10-14 08:35:48.09	\N	2025-10-14 01:50:55.871771	2025-10-14 08:35:48.093609	\N	\N	\N	\N	\N	\N
7968	1	25	29	2	1	25	BO3	regular_season	16	258	completed	2025-10-29 01:50:55.865	\N	2025-10-14 08:35:53.512	\N	2025-10-14 01:50:55.871771	2025-10-14 08:35:53.514664	\N	\N	\N	\N	\N	\N
7975	1	24	23	1	2	23	BO3	regular_season	17	265	completed	2025-10-30 01:50:55.865	\N	2025-10-14 08:36:00.886	\N	2025-10-14 01:50:55.871771	2025-10-14 08:36:00.892469	\N	\N	\N	\N	\N	\N
7813	1	15	11	2	1	15	BO3	regular_season	3	103	completed	2025-10-16 01:50:55.864	\N	2025-10-14 02:25:33.861	\N	2025-10-14 01:50:55.871771	2025-10-14 02:25:33.863658	\N	\N	\N	\N	\N	\N
7999	1	37	31	0	2	31	BO3	regular_season	4	289	completed	2025-10-17 01:50:55.865	\N	2025-10-14 08:34:12.728	\N	2025-10-14 01:50:55.871771	2025-10-14 08:34:12.730758	\N	\N	\N	\N	\N	\N
7817	1	15	13	0	2	13	BO3	regular_season	4	107	completed	2025-10-17 01:50:55.864	\N	2025-10-14 08:34:12.77	\N	2025-10-14 01:50:55.871771	2025-10-14 08:34:12.772553	\N	\N	\N	\N	\N	\N
7791	1	10	8	0	2	8	BO3	regular_season	17	81	completed	2025-10-30 01:50:55.863	\N	2025-10-14 08:36:00.934	\N	2025-10-14 01:50:55.871771	2025-10-14 08:36:00.936386	\N	\N	\N	\N	\N	\N
9151	21	1	10	0	0	\N	BO3	regular_season	1	1	scheduled	2025-10-14 15:14:00.631	\N	\N	\N	2025-10-14 15:14:00.640225	2025-10-14 15:14:00.640225	\N	\N	\N	\N	\N	\N
7914	1	28	22	0	2	22	BO3	regular_season	5	204	completed	2025-10-18 01:50:55.865	\N	2025-10-14 08:34:51.063	\N	2025-10-14 01:50:55.871771	2025-10-14 08:34:51.068029	\N	\N	\N	\N	\N	\N
8003	1	37	33	0	2	33	BO3	regular_season	5	293	completed	2025-10-18 01:50:55.865	\N	2025-10-14 08:34:51.072	\N	2025-10-14 01:50:55.871771	2025-10-14 08:34:51.07394	\N	\N	\N	\N	\N	\N
7824	1	18	12	0	2	12	BO3	regular_season	5	114	completed	2025-10-18 01:50:55.864	\N	2025-10-14 08:34:51.086	\N	2025-10-14 01:50:55.871771	2025-10-14 08:34:51.088363	\N	\N	\N	\N	\N	\N
8071	15	1	10	2	0	1	BO3	regular_season	1	1	completed	2025-10-14 08:40:49.768	\N	2025-10-14 08:41:06.212	\N	2025-10-14 08:40:49.771385	2025-10-14 08:41:06.215505	\N	\N	\N	\N	\N	\N
8073	15	3	8	2	0	3	BO3	regular_season	1	3	completed	2025-10-14 08:40:49.768	\N	2025-10-14 08:41:06.23	\N	2025-10-14 08:40:49.771385	2025-10-14 08:41:06.232506	\N	\N	\N	\N	\N	\N
8075	15	5	6	2	0	5	BO3	regular_season	1	5	completed	2025-10-14 08:40:49.768	\N	2025-10-14 08:41:06.244	\N	2025-10-14 08:40:49.771385	2025-10-14 08:41:06.245722	\N	\N	\N	\N	\N	\N
8072	15	2	9	2	1	2	BO3	regular_season	1	2	completed	2025-10-14 08:40:49.768	\N	2025-10-14 08:41:06.249	\N	2025-10-14 08:40:49.771385	2025-10-14 08:41:06.255265	\N	\N	\N	\N	\N	\N
8076	15	2	10	2	0	2	BO3	regular_season	2	6	completed	2025-10-15 08:40:49.768	\N	2025-10-14 08:41:22.528	\N	2025-10-14 08:40:49.771385	2025-10-14 08:41:22.534392	\N	\N	\N	\N	\N	\N
8079	15	5	8	2	0	5	BO3	regular_season	2	9	completed	2025-10-15 08:40:49.768	\N	2025-10-14 08:41:22.568	\N	2025-10-14 08:40:49.771385	2025-10-14 08:41:22.570353	\N	\N	\N	\N	\N	\N
8078	15	4	9	2	0	4	BO3	regular_season	2	8	completed	2025-10-15 08:40:49.768	\N	2025-10-14 08:41:22.578	\N	2025-10-14 08:40:49.771385	2025-10-14 08:41:22.581255	\N	\N	\N	\N	\N	\N
8080	15	6	7	2	0	6	BO3	regular_season	2	10	completed	2025-10-15 08:40:49.768	\N	2025-10-14 08:41:22.586	\N	2025-10-14 08:40:49.771385	2025-10-14 08:41:22.588063	\N	\N	\N	\N	\N	\N
8082	15	4	2	2	1	4	BO3	regular_season	3	12	completed	2025-10-16 08:40:49.768	\N	2025-10-14 08:41:26.81	\N	2025-10-14 08:40:49.771385	2025-10-14 08:41:26.814483	\N	\N	\N	\N	\N	\N
8084	15	6	9	1	2	9	BO3	regular_season	3	14	completed	2025-10-16 08:40:49.768	\N	2025-10-14 08:41:26.821	\N	2025-10-14 08:40:49.771385	2025-10-14 08:41:26.82362	\N	\N	\N	\N	\N	\N
8081	15	3	10	2	0	3	BO3	regular_season	3	11	completed	2025-10-16 08:40:49.768	\N	2025-10-14 08:41:26.842	\N	2025-10-14 08:40:49.771385	2025-10-14 08:41:26.845804	\N	\N	\N	\N	\N	\N
8083	15	5	1	2	1	5	BO3	regular_season	3	13	completed	2025-10-16 08:40:49.768	\N	2025-10-14 08:41:26.856	\N	2025-10-14 08:40:49.771385	2025-10-14 08:41:26.858627	\N	\N	\N	\N	\N	\N
8086	15	4	10	2	0	4	BO3	regular_season	4	16	completed	2025-10-17 08:40:49.768	\N	2025-10-14 08:41:30.579	\N	2025-10-14 08:40:49.771385	2025-10-14 08:41:30.58151	\N	\N	\N	\N	\N	\N
8089	15	7	1	1	2	1	BO3	regular_season	4	19	completed	2025-10-17 08:40:49.768	\N	2025-10-14 08:41:30.588	\N	2025-10-14 08:40:49.771385	2025-10-14 08:41:30.592294	\N	\N	\N	\N	\N	\N
8090	15	8	9	1	2	9	BO3	regular_season	4	20	completed	2025-10-17 08:40:49.768	\N	2025-10-14 08:41:30.606	\N	2025-10-14 08:40:49.771385	2025-10-14 08:41:30.608607	\N	\N	\N	\N	\N	\N
8088	15	6	2	1	2	2	BO3	regular_season	4	18	completed	2025-10-17 08:40:49.768	\N	2025-10-14 08:41:30.613	\N	2025-10-14 08:40:49.771385	2025-10-14 08:41:30.615958	\N	\N	\N	\N	\N	\N
8087	15	5	3	2	1	5	BO3	regular_season	4	17	completed	2025-10-17 08:40:49.768	\N	2025-10-14 08:41:30.657	\N	2025-10-14 08:40:49.771385	2025-10-14 08:41:30.65915	\N	\N	\N	\N	\N	\N
8095	15	9	1	0	2	1	BO3	regular_season	5	25	completed	2025-10-18 08:40:49.768	\N	2025-10-14 08:41:44.504	\N	2025-10-14 08:40:49.771385	2025-10-14 08:41:44.505784	\N	\N	\N	\N	\N	\N
8094	15	8	2	2	1	8	BO3	regular_season	5	24	completed	2025-10-18 08:40:49.768	\N	2025-10-14 08:41:44.511	\N	2025-10-14 08:40:49.771385	2025-10-14 08:41:44.515271	\N	\N	\N	\N	\N	\N
8093	15	7	3	1	2	3	BO3	regular_season	5	23	completed	2025-10-18 08:40:49.768	\N	2025-10-14 08:41:44.519	\N	2025-10-14 08:40:49.771385	2025-10-14 08:41:44.522905	\N	\N	\N	\N	\N	\N
8092	15	6	4	2	0	6	BO3	regular_season	5	22	completed	2025-10-18 08:40:49.768	\N	2025-10-14 08:41:44.531	\N	2025-10-14 08:40:49.771385	2025-10-14 08:41:44.534314	\N	\N	\N	\N	\N	\N
8096	15	6	10	2	0	6	BO3	regular_season	6	26	completed	2025-10-19 08:40:49.768	\N	2025-10-14 08:41:47.637	\N	2025-10-14 08:40:49.771385	2025-10-14 08:41:47.641403	\N	\N	\N	\N	\N	\N
8097	15	7	5	0	2	5	BO3	regular_season	6	27	completed	2025-10-19 08:40:49.768	\N	2025-10-14 08:41:47.68	\N	2025-10-14 08:40:49.771385	2025-10-14 08:41:47.683592	\N	\N	\N	\N	\N	\N
8099	15	9	3	2	1	9	BO3	regular_season	6	29	completed	2025-10-19 08:40:49.768	\N	2025-10-14 08:41:47.693	\N	2025-10-14 08:40:49.771385	2025-10-14 08:41:47.695109	\N	\N	\N	\N	\N	\N
8098	15	8	4	0	2	4	BO3	regular_season	6	28	completed	2025-10-19 08:40:49.768	\N	2025-10-14 08:41:47.699	\N	2025-10-14 08:40:49.771385	2025-10-14 08:41:47.707767	\N	\N	\N	\N	\N	\N
8102	15	8	6	0	2	6	BO3	regular_season	7	32	completed	2025-10-20 08:40:49.768	\N	2025-10-14 08:41:50.655	\N	2025-10-14 08:40:49.771385	2025-10-14 08:41:50.656506	\N	\N	\N	\N	\N	\N
8103	15	9	5	2	0	9	BO3	regular_season	7	33	completed	2025-10-20 08:40:49.768	\N	2025-10-14 08:41:50.661	\N	2025-10-14 08:40:49.771385	2025-10-14 08:41:50.664475	\N	\N	\N	\N	\N	\N
8104	15	1	4	2	0	1	BO3	regular_season	7	34	completed	2025-10-20 08:40:49.768	\N	2025-10-14 08:41:50.672	\N	2025-10-14 08:40:49.771385	2025-10-14 08:41:50.67684	\N	\N	\N	\N	\N	\N
8105	15	2	3	2	0	2	BO3	regular_season	7	35	completed	2025-10-20 08:40:49.768	\N	2025-10-14 08:41:50.691	\N	2025-10-14 08:40:49.771385	2025-10-14 08:41:50.693445	\N	\N	\N	\N	\N	\N
8107	15	9	7	2	1	9	BO3	regular_season	8	37	completed	2025-10-21 08:40:49.768	\N	2025-10-14 08:41:53.526	\N	2025-10-14 08:40:49.771385	2025-10-14 08:41:53.529601	\N	\N	\N	\N	\N	\N
8108	15	1	6	2	0	1	BO3	regular_season	8	38	completed	2025-10-21 08:40:49.768	\N	2025-10-14 08:41:53.535	\N	2025-10-14 08:40:49.771385	2025-10-14 08:41:53.540509	\N	\N	\N	\N	\N	\N
8109	15	2	5	2	1	2	BO3	regular_season	8	39	completed	2025-10-21 08:40:49.768	\N	2025-10-14 08:41:53.546	\N	2025-10-14 08:40:49.771385	2025-10-14 08:41:53.549122	\N	\N	\N	\N	\N	\N
8110	15	3	4	2	1	3	BO3	regular_season	8	40	completed	2025-10-21 08:40:49.768	\N	2025-10-14 08:41:53.555	\N	2025-10-14 08:40:49.771385	2025-10-14 08:41:53.557026	\N	\N	\N	\N	\N	\N
8106	15	8	10	2	0	8	BO3	regular_season	8	36	completed	2025-10-21 08:40:49.768	\N	2025-10-14 08:41:53.6	\N	2025-10-14 08:40:49.771385	2025-10-14 08:41:53.60364	\N	\N	\N	\N	\N	\N
8115	15	4	5	0	2	5	BO3	regular_season	9	45	completed	2025-10-22 08:40:49.768	\N	2025-10-14 08:41:56.206	\N	2025-10-14 08:40:49.771385	2025-10-14 08:41:56.208351	\N	\N	\N	\N	\N	\N
8113	15	2	7	2	0	2	BO3	regular_season	9	43	completed	2025-10-22 08:40:49.768	\N	2025-10-14 08:41:56.222	\N	2025-10-14 08:40:49.771385	2025-10-14 08:41:56.224255	\N	\N	\N	\N	\N	\N
8112	15	1	8	2	0	1	BO3	regular_season	9	42	completed	2025-10-22 08:40:49.768	\N	2025-10-14 08:41:56.229	\N	2025-10-14 08:40:49.771385	2025-10-14 08:41:56.231376	\N	\N	\N	\N	\N	\N
8111	15	9	10	2	0	9	BO3	regular_season	9	41	completed	2025-10-22 08:40:49.768	\N	2025-10-14 08:41:56.243	\N	2025-10-14 08:40:49.771385	2025-10-14 08:41:56.245797	\N	\N	\N	\N	\N	\N
8117	15	9	2	2	0	9	BO3	regular_season	10	47	completed	2025-10-23 08:40:49.768	\N	2025-10-14 08:41:59.899	\N	2025-10-14 08:40:49.771385	2025-10-14 08:41:59.902787	\N	\N	\N	\N	\N	\N
8116	15	10	1	0	2	1	BO3	regular_season	10	46	completed	2025-10-23 08:40:49.768	\N	2025-10-14 08:41:59.964	\N	2025-10-14 08:40:49.771385	2025-10-14 08:41:59.967551	\N	\N	\N	\N	\N	\N
7892	1	22	29	2	0	22	BO3	regular_season	1	182	completed	2025-10-14 01:50:55.865	\N	2025-10-14 02:24:39.42	\N	2025-10-14 01:50:55.871771	2025-10-14 02:24:39.42407	\N	\N	\N	\N	\N	\N
7893	1	23	28	2	0	23	BO3	regular_season	1	183	completed	2025-10-14 01:50:55.865	\N	2025-10-14 02:24:39.438	\N	2025-10-14 01:50:55.871771	2025-10-14 02:24:39.442271	\N	\N	\N	\N	\N	\N
7981	1	31	40	2	0	31	BO3	regular_season	1	271	completed	2025-10-14 01:50:55.865	\N	2025-10-14 02:24:39.447	\N	2025-10-14 01:50:55.871771	2025-10-14 02:24:39.450921	\N	\N	\N	\N	\N	\N
7804	1	14	17	1	2	17	BO3	regular_season	1	94	completed	2025-10-14 01:50:55.864	\N	2025-10-14 02:24:39.511	\N	2025-10-14 01:50:55.871771	2025-10-14 02:24:39.513754	\N	\N	\N	\N	\N	\N
7805	1	15	16	2	1	15	BO3	regular_season	1	95	completed	2025-10-14 01:50:55.864	\N	2025-10-14 02:24:39.535	\N	2025-10-14 01:50:55.871771	2025-10-14 02:24:39.537952	\N	\N	\N	\N	\N	\N
7801	1	11	20	2	0	11	BO3	regular_season	1	91	completed	2025-10-14 01:50:55.864	\N	2025-10-14 02:24:39.545	\N	2025-10-14 01:50:55.871771	2025-10-14 02:24:39.547625	\N	\N	\N	\N	\N	\N
7995	1	37	38	1	2	38	BO3	regular_season	3	285	completed	2025-10-16 01:50:55.865	\N	2025-10-14 02:25:33.853	\N	2025-10-14 01:50:55.871771	2025-10-14 02:25:33.855422	\N	\N	\N	\N	\N	\N
7811	1	13	20	2	0	13	BO3	regular_season	3	101	completed	2025-10-16 01:50:55.864	\N	2025-10-14 02:25:33.876	\N	2025-10-14 01:50:55.871771	2025-10-14 02:25:33.879156	\N	\N	\N	\N	\N	\N
7909	1	27	21	0	2	21	BO3	regular_season	4	199	completed	2025-10-17 01:50:55.865	\N	2025-10-14 08:34:12.694	\N	2025-10-14 01:50:55.871771	2025-10-14 08:34:12.696588	\N	\N	\N	\N	\N	\N
8040	1	38	37	2	0	38	BO3	regular_season	12	330	completed	2025-10-25 01:50:55.865	\N	2025-10-14 08:35:35.26	\N	2025-10-14 01:50:55.871771	2025-10-14 08:35:35.263403	\N	\N	\N	\N	\N	\N
8039	1	39	36	0	2	36	BO3	regular_season	12	329	completed	2025-10-25 01:50:55.865	\N	2025-10-14 08:35:35.279	\N	2025-10-14 01:50:55.871771	2025-10-14 08:35:35.281526	\N	\N	\N	\N	\N	\N
8038	1	31	35	2	1	31	BO3	regular_season	12	328	completed	2025-10-25 01:50:55.865	\N	2025-10-14 08:35:35.286	\N	2025-10-14 01:50:55.871771	2025-10-14 08:35:35.288244	\N	\N	\N	\N	\N	\N
7996	1	34	40	2	1	34	BO3	regular_season	4	286	completed	2025-10-17 01:50:55.865	\N	2025-10-14 08:34:12.701	\N	2025-10-14 01:50:55.871771	2025-10-14 08:34:12.706973	\N	\N	\N	\N	\N	\N
7913	1	27	23	2	0	27	BO3	regular_season	5	203	completed	2025-10-18 01:50:55.865	\N	2025-10-14 08:34:50.99	\N	2025-10-14 01:50:55.871771	2025-10-14 08:34:50.997541	\N	\N	\N	\N	\N	\N
8010	1	31	32	2	0	31	BO3	regular_season	6	300	completed	2025-10-19 01:50:55.865	\N	2025-10-14 08:34:57.038	\N	2025-10-14 01:50:55.871771	2025-10-14 08:34:57.040145	\N	\N	\N	\N	\N	\N
8006	1	36	40	0	2	40	BO3	regular_season	6	296	completed	2025-10-19 01:50:55.865	\N	2025-10-14 08:34:57.046	\N	2025-10-14 01:50:55.871771	2025-10-14 08:34:57.048754	\N	\N	\N	\N	\N	\N
8007	1	37	35	2	0	37	BO3	regular_season	6	297	completed	2025-10-19 01:50:55.865	\N	2025-10-14 08:34:57.055	\N	2025-10-14 01:50:55.871771	2025-10-14 08:34:57.059464	\N	\N	\N	\N	\N	\N
8008	1	38	34	2	0	38	BO3	regular_season	6	298	completed	2025-10-19 01:50:55.865	\N	2025-10-14 08:34:57.066	\N	2025-10-14 01:50:55.871771	2025-10-14 08:34:57.068819	\N	\N	\N	\N	\N	\N
8009	1	39	33	0	2	33	BO3	regular_season	6	299	completed	2025-10-19 01:50:55.865	\N	2025-10-14 08:34:57.073	\N	2025-10-14 01:50:55.871771	2025-10-14 08:34:57.076863	\N	\N	\N	\N	\N	\N
7736	1	6	10	2	1	6	BO3	regular_season	6	26	completed	2025-10-19 01:50:55.863	\N	2025-10-14 08:34:57.19	\N	2025-10-14 01:50:55.871771	2025-10-14 08:34:57.192829	\N	\N	\N	\N	\N	\N
8023	1	32	37	2	0	32	BO3	regular_season	9	313	completed	2025-10-22 01:50:55.865	\N	2025-10-14 08:35:23.898	\N	2025-10-14 01:50:55.871771	2025-10-14 08:35:23.900467	\N	\N	\N	\N	\N	\N
8025	1	34	35	0	2	35	BO3	regular_season	9	315	completed	2025-10-22 01:50:55.865	\N	2025-10-14 08:35:23.954	\N	2025-10-14 01:50:55.871771	2025-10-14 08:35:23.957271	\N	\N	\N	\N	\N	\N
8024	1	33	36	2	1	33	BO3	regular_season	9	314	completed	2025-10-22 01:50:55.865	\N	2025-10-14 08:35:23.961	\N	2025-10-14 01:50:55.871771	2025-10-14 08:35:23.963458	\N	\N	\N	\N	\N	\N
8028	1	38	33	0	2	33	BO3	regular_season	10	318	completed	2025-10-23 01:50:55.865	\N	2025-10-14 08:35:27.076	\N	2025-10-14 01:50:55.871771	2025-10-14 08:35:27.083384	\N	\N	\N	\N	\N	\N
8029	1	37	34	2	0	37	BO3	regular_season	10	319	completed	2025-10-23 01:50:55.865	\N	2025-10-14 08:35:27.141	\N	2025-10-14 01:50:55.871771	2025-10-14 08:35:27.143971	\N	\N	\N	\N	\N	\N
8027	1	39	32	2	0	39	BO3	regular_season	10	317	completed	2025-10-23 01:50:55.865	\N	2025-10-14 08:35:27.147	\N	2025-10-14 01:50:55.871771	2025-10-14 08:35:27.148981	\N	\N	\N	\N	\N	\N
8026	1	40	31	2	0	40	BO3	regular_season	10	316	completed	2025-10-23 01:50:55.865	\N	2025-10-14 08:35:27.153	\N	2025-10-14 01:50:55.871771	2025-10-14 08:35:27.154962	\N	\N	\N	\N	\N	\N
8030	1	36	35	0	2	35	BO3	regular_season	10	320	completed	2025-10-23 01:50:55.865	\N	2025-10-14 08:35:27.158	\N	2025-10-14 01:50:55.871771	2025-10-14 08:35:27.161958	\N	\N	\N	\N	\N	\N
8033	1	39	34	0	2	34	BO3	regular_season	11	323	completed	2025-10-24 01:50:55.865	\N	2025-10-14 08:35:30.628	\N	2025-10-14 01:50:55.871771	2025-10-14 08:35:30.630657	\N	\N	\N	\N	\N	\N
8035	1	37	36	1	2	36	BO3	regular_season	11	325	completed	2025-10-24 01:50:55.865	\N	2025-10-14 08:35:30.675	\N	2025-10-14 01:50:55.871771	2025-10-14 08:35:30.678884	\N	\N	\N	\N	\N	\N
8031	1	40	32	1	2	32	BO3	regular_season	11	321	completed	2025-10-24 01:50:55.865	\N	2025-10-14 08:35:30.683	\N	2025-10-14 01:50:55.871771	2025-10-14 08:35:30.687358	\N	\N	\N	\N	\N	\N
8034	1	38	35	0	2	35	BO3	regular_season	11	324	completed	2025-10-24 01:50:55.865	\N	2025-10-14 08:35:30.694	\N	2025-10-14 01:50:55.871771	2025-10-14 08:35:30.696431	\N	\N	\N	\N	\N	\N
8032	1	31	33	2	1	31	BO3	regular_season	11	322	completed	2025-10-24 01:50:55.865	\N	2025-10-14 08:35:30.706	\N	2025-10-14 01:50:55.871771	2025-10-14 08:35:30.711345	\N	\N	\N	\N	\N	\N
8036	1	40	33	0	2	33	BO3	regular_season	12	326	completed	2025-10-25 01:50:55.865	\N	2025-10-14 08:35:35.292	\N	2025-10-14 01:50:55.871771	2025-10-14 08:35:35.295929	\N	\N	\N	\N	\N	\N
8037	1	32	34	2	0	32	BO3	regular_season	12	327	completed	2025-10-25 01:50:55.865	\N	2025-10-14 08:35:35.301	\N	2025-10-14 01:50:55.871771	2025-10-14 08:35:35.30346	\N	\N	\N	\N	\N	\N
8042	1	33	35	2	1	33	BO3	regular_season	13	332	completed	2025-10-26 01:50:55.865	\N	2025-10-14 08:35:38.737	\N	2025-10-14 01:50:55.871771	2025-10-14 08:35:38.739977	\N	\N	\N	\N	\N	\N
8043	1	32	36	2	1	32	BO3	regular_season	13	333	completed	2025-10-26 01:50:55.865	\N	2025-10-14 08:35:38.743	\N	2025-10-14 01:50:55.871771	2025-10-14 08:35:38.746506	\N	\N	\N	\N	\N	\N
8041	1	40	34	1	2	34	BO3	regular_season	13	331	completed	2025-10-26 01:50:55.865	\N	2025-10-14 08:35:38.754	\N	2025-10-14 01:50:55.871771	2025-10-14 08:35:38.757792	\N	\N	\N	\N	\N	\N
8044	1	31	37	2	0	31	BO3	regular_season	13	334	completed	2025-10-26 01:50:55.865	\N	2025-10-14 08:35:38.761	\N	2025-10-14 01:50:55.871771	2025-10-14 08:35:38.763201	\N	\N	\N	\N	\N	\N
7774	1	1	7	2	0	1	BO3	regular_season	13	64	completed	2025-10-26 01:50:55.863	\N	2025-10-14 08:35:38.801	\N	2025-10-14 01:50:55.871771	2025-10-14 08:35:38.810363	\N	\N	\N	\N	\N	\N
7776	1	10	5	1	2	5	BO3	regular_season	14	66	completed	2025-10-27 01:50:55.863	\N	2025-10-14 08:35:44.113	\N	2025-10-14 01:50:55.871771	2025-10-14 08:35:44.115604	\N	\N	\N	\N	\N	\N
7883	1	16	11	2	1	16	BO3	regular_season	17	173	completed	2025-10-30 01:50:55.865	\N	2025-10-14 08:36:00.822	\N	2025-10-14 01:50:55.871771	2025-10-14 08:36:00.827741	\N	\N	\N	\N	\N	\N
9152	21	2	9	0	0	\N	BO3	regular_season	1	2	scheduled	2025-10-14 15:14:00.631	\N	\N	\N	2025-10-14 15:14:00.640225	2025-10-14 15:14:00.640225	\N	\N	\N	\N	\N	\N
9153	21	3	8	0	0	\N	BO3	regular_season	1	3	scheduled	2025-10-14 15:14:00.631	\N	\N	\N	2025-10-14 15:14:00.640225	2025-10-14 15:14:00.640225	\N	\N	\N	\N	\N	\N
8119	15	7	4	1	2	4	BO3	regular_season	10	49	completed	2025-10-23 08:40:49.768	\N	2025-10-14 08:41:59.988	\N	2025-10-14 08:40:49.771385	2025-10-14 08:41:59.990883	\N	\N	\N	\N	\N	\N
8118	15	8	3	0	2	3	BO3	regular_season	10	48	completed	2025-10-23 08:40:49.768	\N	2025-10-14 08:41:59.996	\N	2025-10-14 08:40:49.771385	2025-10-14 08:41:59.997649	\N	\N	\N	\N	\N	\N
8125	15	7	6	0	2	6	BO3	regular_season	11	55	completed	2025-10-24 08:40:49.768	\N	2025-10-14 08:42:03.151	\N	2025-10-14 08:40:49.771385	2025-10-14 08:42:03.153876	\N	\N	\N	\N	\N	\N
8124	15	8	5	2	1	8	BO3	regular_season	11	54	completed	2025-10-24 08:40:49.768	\N	2025-10-14 08:42:03.158	\N	2025-10-14 08:40:49.771385	2025-10-14 08:42:03.15989	\N	\N	\N	\N	\N	\N
8123	15	9	4	0	2	4	BO3	regular_season	11	53	completed	2025-10-24 08:40:49.768	\N	2025-10-14 08:42:03.166	\N	2025-10-14 08:40:49.771385	2025-10-14 08:42:03.167649	\N	\N	\N	\N	\N	\N
8122	15	1	3	2	1	1	BO3	regular_season	11	52	completed	2025-10-24 08:40:49.768	\N	2025-10-14 08:42:03.172	\N	2025-10-14 08:40:49.771385	2025-10-14 08:42:03.174771	\N	\N	\N	\N	\N	\N
8130	15	8	7	2	0	8	BO3	regular_season	12	60	completed	2025-10-25 08:40:49.768	\N	2025-10-14 08:42:05.891	\N	2025-10-14 08:40:49.771385	2025-10-14 08:42:05.893772	\N	\N	\N	\N	\N	\N
8126	15	10	3	1	2	3	BO3	regular_season	12	56	completed	2025-10-25 08:40:49.768	\N	2025-10-14 08:42:05.938	\N	2025-10-14 08:40:49.771385	2025-10-14 08:42:05.93981	\N	\N	\N	\N	\N	\N
8128	15	1	5	2	0	1	BO3	regular_season	12	58	completed	2025-10-25 08:40:49.768	\N	2025-10-14 08:42:05.947	\N	2025-10-14 08:40:49.771385	2025-10-14 08:42:05.949957	\N	\N	\N	\N	\N	\N
8129	15	9	6	2	0	9	BO3	regular_season	12	59	completed	2025-10-25 08:40:49.768	\N	2025-10-14 08:42:05.955	\N	2025-10-14 08:40:49.771385	2025-10-14 08:42:05.959962	\N	\N	\N	\N	\N	\N
8132	15	3	5	2	1	3	BO3	regular_season	13	62	completed	2025-10-26 08:40:49.768	\N	2025-10-14 08:42:09.557	\N	2025-10-14 08:40:49.771385	2025-10-14 08:42:09.559691	\N	\N	\N	\N	\N	\N
8131	15	10	4	2	1	10	BO3	regular_season	13	61	completed	2025-10-26 08:40:49.768	\N	2025-10-14 08:42:09.574	\N	2025-10-14 08:40:49.771385	2025-10-14 08:42:09.577	\N	\N	\N	\N	\N	\N
8135	15	9	8	1	2	8	BO3	regular_season	13	65	completed	2025-10-26 08:40:49.768	\N	2025-10-14 08:42:09.583	\N	2025-10-14 08:40:49.771385	2025-10-14 08:42:09.585014	\N	\N	\N	\N	\N	\N
8134	15	1	7	2	0	1	BO3	regular_season	13	64	completed	2025-10-26 08:40:49.768	\N	2025-10-14 08:42:09.592	\N	2025-10-14 08:40:49.771385	2025-10-14 08:42:09.595222	\N	\N	\N	\N	\N	\N
7911	1	25	30	2	0	25	BO3	regular_season	5	201	completed	2025-10-18 01:50:55.865	\N	2025-10-14 08:34:51.078	\N	2025-10-14 01:50:55.871771	2025-10-14 08:34:51.080834	\N	\N	\N	\N	\N	\N
7822	1	16	14	1	2	14	BO3	regular_season	5	112	completed	2025-10-18 01:50:55.864	\N	2025-10-14 08:34:51.095	\N	2025-10-14 01:50:55.871771	2025-10-14 08:34:51.097528	\N	\N	\N	\N	\N	\N
7826	1	16	20	2	1	16	BO3	regular_season	6	116	completed	2025-10-19 01:50:55.864	\N	2025-10-14 08:34:57.16	\N	2025-10-14 01:50:55.871771	2025-10-14 08:34:57.162825	\N	\N	\N	\N	\N	\N
7749	1	2	5	2	0	2	BO3	regular_season	8	39	completed	2025-10-21 01:50:55.863	\N	2025-10-14 08:35:10.207	\N	2025-10-14 01:50:55.871771	2025-10-14 08:35:10.210808	\N	\N	\N	\N	\N	\N
7755	1	4	5	0	2	5	BO3	regular_season	9	45	completed	2025-10-22 01:50:55.863	\N	2025-10-14 08:35:24.009	\N	2025-10-14 01:50:55.871771	2025-10-14 08:35:24.011714	\N	\N	\N	\N	\N	\N
7939	1	27	24	2	1	27	BO3	regular_season	10	229	completed	2025-10-23 01:50:55.865	\N	2025-10-14 08:35:27.126	\N	2025-10-14 01:50:55.871771	2025-10-14 08:35:27.128459	\N	\N	\N	\N	\N	\N
7848	1	18	13	2	1	18	BO3	regular_season	10	138	completed	2025-10-23 01:50:55.864	\N	2025-10-14 08:35:27.186	\N	2025-10-14 01:50:55.871771	2025-10-14 08:35:27.189525	\N	\N	\N	\N	\N	\N
7851	1	20	12	1	2	12	BO3	regular_season	11	141	completed	2025-10-24 01:50:55.864	\N	2025-10-14 08:35:30.754	\N	2025-10-14 01:50:55.871771	2025-10-14 08:35:30.756927	\N	\N	\N	\N	\N	\N
7765	1	7	6	2	0	7	BO3	regular_season	11	55	completed	2025-10-24 01:50:55.863	\N	2025-10-14 08:35:30.772	\N	2025-10-14 01:50:55.871771	2025-10-14 08:35:30.774276	\N	\N	\N	\N	\N	\N
8045	1	39	38	0	2	38	BO3	regular_season	13	335	completed	2025-10-26 01:50:55.865	\N	2025-10-14 08:35:38.727	\N	2025-10-14 01:50:55.871771	2025-10-14 08:35:38.730727	\N	\N	\N	\N	\N	\N
8047	1	34	36	2	0	34	BO3	regular_season	14	337	completed	2025-10-27 01:50:55.865	\N	2025-10-14 08:35:44.022	\N	2025-10-14 01:50:55.871771	2025-10-14 08:35:44.023994	\N	\N	\N	\N	\N	\N
8048	1	33	37	2	1	33	BO3	regular_season	14	338	completed	2025-10-27 01:50:55.865	\N	2025-10-14 08:35:44.028	\N	2025-10-14 01:50:55.871771	2025-10-14 08:35:44.030783	\N	\N	\N	\N	\N	\N
8046	1	40	35	2	1	40	BO3	regular_season	14	336	completed	2025-10-27 01:50:55.865	\N	2025-10-14 08:35:44.055	\N	2025-10-14 01:50:55.871771	2025-10-14 08:35:44.057184	\N	\N	\N	\N	\N	\N
8049	1	32	38	2	0	32	BO3	regular_season	14	339	completed	2025-10-27 01:50:55.865	\N	2025-10-14 08:35:44.062	\N	2025-10-14 01:50:55.871771	2025-10-14 08:35:44.063993	\N	\N	\N	\N	\N	\N
8050	1	31	39	2	0	31	BO3	regular_season	14	340	completed	2025-10-27 01:50:55.865	\N	2025-10-14 08:35:44.068	\N	2025-10-14 01:50:55.871771	2025-10-14 08:35:44.070936	\N	\N	\N	\N	\N	\N
8052	1	35	37	2	0	35	BO3	regular_season	15	342	completed	2025-10-28 01:50:55.865	\N	2025-10-14 08:35:48.063	\N	2025-10-14 01:50:55.871771	2025-10-14 08:35:48.067368	\N	\N	\N	\N	\N	\N
8051	1	40	36	1	2	36	BO3	regular_season	15	341	completed	2025-10-28 01:50:55.865	\N	2025-10-14 08:35:48.111	\N	2025-10-14 01:50:55.871771	2025-10-14 08:35:48.114938	\N	\N	\N	\N	\N	\N
8053	1	34	38	1	2	38	BO3	regular_season	15	343	completed	2025-10-28 01:50:55.865	\N	2025-10-14 08:35:48.192	\N	2025-10-14 01:50:55.871771	2025-10-14 08:35:48.196784	\N	\N	\N	\N	\N	\N
9154	21	4	7	0	0	\N	BO3	regular_season	1	4	scheduled	2025-10-14 15:14:00.631	\N	\N	\N	2025-10-14 15:14:00.640225	2025-10-14 15:14:00.640225	\N	\N	\N	\N	\N	\N
8162	15	12	19	2	0	12	BO3	regular_season	1	92	completed	2025-10-14 08:40:49.768	\N	2025-10-14 08:41:06.171	\N	2025-10-14 08:40:49.771385	2025-10-14 08:41:06.173738	\N	\N	\N	\N	\N	\N
8164	15	14	17	2	0	14	BO3	regular_season	1	94	completed	2025-10-14 08:40:49.768	\N	2025-10-14 08:41:06.177	\N	2025-10-14 08:40:49.771385	2025-10-14 08:41:06.179309	\N	\N	\N	\N	\N	\N
8165	15	15	16	2	0	15	BO3	regular_season	1	95	completed	2025-10-14 08:40:49.768	\N	2025-10-14 08:41:06.193	\N	2025-10-14 08:40:49.771385	2025-10-14 08:41:06.196804	\N	\N	\N	\N	\N	\N
8166	15	12	20	2	0	12	BO3	regular_season	2	96	completed	2025-10-15 08:40:49.768	\N	2025-10-14 08:41:22.543	\N	2025-10-14 08:40:49.771385	2025-10-14 08:41:22.547116	\N	\N	\N	\N	\N	\N
8167	15	13	11	2	1	13	BO3	regular_season	2	97	completed	2025-10-15 08:40:49.768	\N	2025-10-14 08:41:22.554	\N	2025-10-14 08:40:49.771385	2025-10-14 08:41:22.557153	\N	\N	\N	\N	\N	\N
8169	15	15	18	2	0	15	BO3	regular_season	2	99	completed	2025-10-15 08:40:49.768	\N	2025-10-14 08:41:22.592	\N	2025-10-14 08:40:49.771385	2025-10-14 08:41:22.59456	\N	\N	\N	\N	\N	\N
8170	15	16	17	2	1	16	BO3	regular_season	2	100	completed	2025-10-15 08:40:49.768	\N	2025-10-14 08:41:22.601	\N	2025-10-14 08:40:49.771385	2025-10-14 08:41:22.604306	\N	\N	\N	\N	\N	\N
8168	15	14	19	2	0	14	BO3	regular_season	2	98	completed	2025-10-15 08:40:49.768	\N	2025-10-14 08:41:22.609	\N	2025-10-14 08:40:49.771385	2025-10-14 08:41:22.611415	\N	\N	\N	\N	\N	\N
8172	15	14	12	0	2	12	BO3	regular_season	3	102	completed	2025-10-16 08:40:49.768	\N	2025-10-14 08:41:26.791	\N	2025-10-14 08:40:49.771385	2025-10-14 08:41:26.79293	\N	\N	\N	\N	\N	\N
8171	15	13	20	2	0	13	BO3	regular_season	3	101	completed	2025-10-16 08:40:49.768	\N	2025-10-14 08:41:26.804	\N	2025-10-14 08:40:49.771385	2025-10-14 08:41:26.80565	\N	\N	\N	\N	\N	\N
8173	15	15	11	0	2	11	BO3	regular_season	3	103	completed	2025-10-16 08:40:49.768	\N	2025-10-14 08:41:26.828	\N	2025-10-14 08:40:49.771385	2025-10-14 08:41:26.830871	\N	\N	\N	\N	\N	\N
8175	15	17	18	0	2	18	BO3	regular_season	3	105	completed	2025-10-16 08:40:49.768	\N	2025-10-14 08:41:26.835	\N	2025-10-14 08:40:49.771385	2025-10-14 08:41:26.837656	\N	\N	\N	\N	\N	\N
8179	15	17	11	0	2	11	BO3	regular_season	4	109	completed	2025-10-17 08:40:49.768	\N	2025-10-14 08:41:30.572	\N	2025-10-14 08:40:49.771385	2025-10-14 08:41:30.574364	\N	\N	\N	\N	\N	\N
8178	15	16	12	2	1	16	BO3	regular_season	4	108	completed	2025-10-17 08:40:49.768	\N	2025-10-14 08:41:30.598	\N	2025-10-14 08:40:49.771385	2025-10-14 08:41:30.600562	\N	\N	\N	\N	\N	\N
8176	15	14	20	2	1	14	BO3	regular_season	4	106	completed	2025-10-17 08:40:49.768	\N	2025-10-14 08:41:30.62	\N	2025-10-14 08:40:49.771385	2025-10-14 08:41:30.623115	\N	\N	\N	\N	\N	\N
8180	15	18	19	2	1	18	BO3	regular_season	4	110	completed	2025-10-17 08:40:49.768	\N	2025-10-14 08:41:30.663	\N	2025-10-14 08:40:49.771385	2025-10-14 08:41:30.664953	\N	\N	\N	\N	\N	\N
8137	15	4	6	2	1	4	BO3	regular_season	14	67	completed	2025-10-27 08:40:49.768	\N	2025-10-14 08:42:12.594	\N	2025-10-14 08:40:49.771385	2025-10-14 08:42:12.597474	\N	\N	\N	\N	\N	\N
8138	15	3	7	1	2	7	BO3	regular_season	14	68	completed	2025-10-27 08:40:49.768	\N	2025-10-14 08:42:12.604	\N	2025-10-14 08:40:49.771385	2025-10-14 08:42:12.606893	\N	\N	\N	\N	\N	\N
8139	15	2	8	2	0	2	BO3	regular_season	14	69	completed	2025-10-27 08:40:49.768	\N	2025-10-14 08:42:12.613	\N	2025-10-14 08:40:49.771385	2025-10-14 08:42:12.616213	\N	\N	\N	\N	\N	\N
8140	15	1	9	2	0	1	BO3	regular_season	14	70	completed	2025-10-27 08:40:49.768	\N	2025-10-14 08:42:12.622	\N	2025-10-14 08:40:49.771385	2025-10-14 08:42:12.625088	\N	\N	\N	\N	\N	\N
8136	15	10	5	1	2	5	BO3	regular_season	14	66	completed	2025-10-27 08:40:49.768	\N	2025-10-14 08:42:12.631	\N	2025-10-14 08:40:49.771385	2025-10-14 08:42:12.632623	\N	\N	\N	\N	\N	\N
8145	15	2	1	0	2	1	BO3	regular_season	15	75	completed	2025-10-28 08:40:49.768	\N	2025-10-14 08:42:17.618	\N	2025-10-14 08:40:49.771385	2025-10-14 08:42:17.621723	\N	\N	\N	\N	\N	\N
8144	15	3	9	2	0	3	BO3	regular_season	15	74	completed	2025-10-28 08:40:49.768	\N	2025-10-14 08:42:17.628	\N	2025-10-14 08:40:49.771385	2025-10-14 08:42:17.630872	\N	\N	\N	\N	\N	\N
8143	15	4	8	0	2	8	BO3	regular_season	15	73	completed	2025-10-28 08:40:49.768	\N	2025-10-14 08:42:17.636	\N	2025-10-14 08:40:49.771385	2025-10-14 08:42:17.639176	\N	\N	\N	\N	\N	\N
8142	15	5	7	2	0	5	BO3	regular_season	15	72	completed	2025-10-28 08:40:49.768	\N	2025-10-14 08:42:17.645	\N	2025-10-14 08:40:49.771385	2025-10-14 08:42:17.648161	\N	\N	\N	\N	\N	\N
8146	15	10	7	2	1	10	BO3	regular_season	16	76	completed	2025-10-29 08:40:49.768	\N	2025-10-14 08:42:20.579	\N	2025-10-14 08:40:49.771385	2025-10-14 08:42:20.581373	\N	\N	\N	\N	\N	\N
8150	15	3	2	0	2	2	BO3	regular_season	16	80	completed	2025-10-29 08:40:49.768	\N	2025-10-14 08:42:20.63	\N	2025-10-14 08:40:49.771385	2025-10-14 08:42:20.633419	\N	\N	\N	\N	\N	\N
8148	15	5	9	2	0	5	BO3	regular_season	16	78	completed	2025-10-29 08:40:49.768	\N	2025-10-14 08:42:20.65	\N	2025-10-14 08:40:49.771385	2025-10-14 08:42:20.65175	\N	\N	\N	\N	\N	\N
8147	15	6	8	2	0	6	BO3	regular_season	16	77	completed	2025-10-29 08:40:49.768	\N	2025-10-14 08:42:20.657	\N	2025-10-14 08:40:49.771385	2025-10-14 08:42:20.659646	\N	\N	\N	\N	\N	\N
8155	15	4	3	2	0	4	BO3	regular_season	17	85	completed	2025-10-30 08:40:49.768	\N	2025-10-14 08:42:23.33	\N	2025-10-14 08:40:49.771385	2025-10-14 08:42:23.332754	\N	\N	\N	\N	\N	\N
8154	15	5	2	1	2	2	BO3	regular_season	17	84	completed	2025-10-30 08:40:49.768	\N	2025-10-14 08:42:23.34	\N	2025-10-14 08:40:49.771385	2025-10-14 08:42:23.342037	\N	\N	\N	\N	\N	\N
8153	15	6	1	0	2	1	BO3	regular_season	17	83	completed	2025-10-30 08:40:49.768	\N	2025-10-14 08:42:23.346	\N	2025-10-14 08:40:49.771385	2025-10-14 08:42:23.349877	\N	\N	\N	\N	\N	\N
8152	15	7	9	2	1	7	BO3	regular_season	17	82	completed	2025-10-30 08:40:49.768	\N	2025-10-14 08:42:23.356	\N	2025-10-14 08:40:49.771385	2025-10-14 08:42:23.35781	\N	\N	\N	\N	\N	\N
8156	15	10	9	0	2	9	BO3	regular_season	18	86	completed	2025-10-31 08:40:49.768	\N	2025-10-14 08:42:27.287	\N	2025-10-14 08:40:49.771385	2025-10-14 08:42:27.291231	\N	\N	\N	\N	\N	\N
8157	15	8	1	2	0	8	BO3	regular_season	18	87	completed	2025-10-31 08:40:49.768	\N	2025-10-14 08:42:27.295	\N	2025-10-14 08:40:49.771385	2025-10-14 08:42:27.29968	\N	\N	\N	\N	\N	\N
8158	15	7	2	1	2	2	BO3	regular_season	18	88	completed	2025-10-31 08:40:49.768	\N	2025-10-14 08:42:27.304	\N	2025-10-14 08:40:49.771385	2025-10-14 08:42:27.30928	\N	\N	\N	\N	\N	\N
8159	15	6	3	1	2	3	BO3	regular_season	18	89	completed	2025-10-31 08:40:49.768	\N	2025-10-14 08:42:27.316	\N	2025-10-14 08:40:49.771385	2025-10-14 08:42:27.31943	\N	\N	\N	\N	\N	\N
8160	15	5	4	2	0	5	BO3	regular_season	18	90	completed	2025-10-31 08:40:49.768	\N	2025-10-14 08:42:27.324	\N	2025-10-14 08:40:49.771385	2025-10-14 08:42:27.328682	\N	\N	\N	\N	\N	\N
7922	1	28	26	1	2	26	BO3	regular_season	7	212	completed	2025-10-20 01:50:55.865	\N	2025-10-14 08:35:02.27	\N	2025-10-14 01:50:55.871771	2025-10-14 08:35:02.272976	\N	\N	\N	\N	\N	\N
7926	1	28	30	2	0	28	BO3	regular_season	8	216	completed	2025-10-21 01:50:55.865	\N	2025-10-14 08:35:10.122	\N	2025-10-14 01:50:55.871771	2025-10-14 08:35:10.124579	\N	\N	\N	\N	\N	\N
7841	1	19	20	2	1	19	BO3	regular_season	9	131	completed	2025-10-22 01:50:55.864	\N	2025-10-14 08:35:23.969	\N	2025-10-14 01:50:55.871771	2025-10-14 08:35:23.971243	\N	\N	\N	\N	\N	\N
7763	1	9	4	1	2	4	BO3	regular_season	11	53	completed	2025-10-24 01:50:55.863	\N	2025-10-14 08:35:30.824	\N	2025-10-14 01:50:55.871771	2025-10-14 08:35:30.831007	\N	\N	\N	\N	\N	\N
8054	1	33	39	1	2	39	BO3	regular_season	15	344	completed	2025-10-28 01:50:55.865	\N	2025-10-14 08:35:48.183	\N	2025-10-14 01:50:55.871771	2025-10-14 08:35:48.186727	\N	\N	\N	\N	\N	\N
9155	21	5	6	0	0	\N	BO3	regular_season	1	5	scheduled	2025-10-14 15:14:00.631	\N	\N	\N	2025-10-14 15:14:00.640225	2025-10-14 15:14:00.640225	\N	\N	\N	\N	\N	\N
8181	15	15	20	2	0	15	BO3	regular_season	5	111	completed	2025-10-18 08:40:49.768	\N	2025-10-14 08:41:44.538	\N	2025-10-14 08:40:49.771385	2025-10-14 08:41:44.541161	\N	\N	\N	\N	\N	\N
8185	15	19	11	0	2	11	BO3	regular_season	5	115	completed	2025-10-18 08:40:49.768	\N	2025-10-14 08:41:44.553	\N	2025-10-14 08:40:49.771385	2025-10-14 08:41:44.555193	\N	\N	\N	\N	\N	\N
8184	15	18	12	1	2	12	BO3	regular_season	5	114	completed	2025-10-18 08:40:49.768	\N	2025-10-14 08:41:44.56	\N	2025-10-14 08:40:49.771385	2025-10-14 08:41:44.562193	\N	\N	\N	\N	\N	\N
8186	15	16	20	2	1	16	BO3	regular_season	6	116	completed	2025-10-19 08:40:49.768	\N	2025-10-14 08:41:47.645	\N	2025-10-14 08:40:49.771385	2025-10-14 08:41:47.647192	\N	\N	\N	\N	\N	\N
8187	15	17	15	0	2	15	BO3	regular_season	6	117	completed	2025-10-19 08:40:49.768	\N	2025-10-14 08:41:47.652	\N	2025-10-14 08:40:49.771385	2025-10-14 08:41:47.656098	\N	\N	\N	\N	\N	\N
8188	15	18	14	0	2	14	BO3	regular_season	6	118	completed	2025-10-19 08:40:49.768	\N	2025-10-14 08:41:47.661	\N	2025-10-14 08:40:49.771385	2025-10-14 08:41:47.663334	\N	\N	\N	\N	\N	\N
8189	15	19	13	0	2	13	BO3	regular_season	6	119	completed	2025-10-19 08:40:49.768	\N	2025-10-14 08:41:47.668	\N	2025-10-14 08:40:49.771385	2025-10-14 08:41:47.669778	\N	\N	\N	\N	\N	\N
8191	15	17	20	2	1	17	BO3	regular_season	7	121	completed	2025-10-20 08:40:49.768	\N	2025-10-14 08:41:50.703	\N	2025-10-14 08:40:49.771385	2025-10-14 08:41:50.705021	\N	\N	\N	\N	\N	\N
8195	15	12	13	2	0	12	BO3	regular_season	7	125	completed	2025-10-20 08:40:49.768	\N	2025-10-14 08:41:50.728	\N	2025-10-14 08:40:49.771385	2025-10-14 08:41:50.732493	\N	\N	\N	\N	\N	\N
8194	15	11	14	2	1	11	BO3	regular_season	7	124	completed	2025-10-20 08:40:49.768	\N	2025-10-14 08:41:50.737	\N	2025-10-14 08:40:49.771385	2025-10-14 08:41:50.74009	\N	\N	\N	\N	\N	\N
8193	15	19	15	2	0	19	BO3	regular_season	7	123	completed	2025-10-20 08:40:49.768	\N	2025-10-14 08:41:50.745	\N	2025-10-14 08:40:49.771385	2025-10-14 08:41:50.747712	\N	\N	\N	\N	\N	\N
8192	15	18	16	1	2	16	BO3	regular_season	7	122	completed	2025-10-20 08:40:49.768	\N	2025-10-14 08:41:50.754	\N	2025-10-14 08:40:49.771385	2025-10-14 08:41:50.756021	\N	\N	\N	\N	\N	\N
8196	15	18	20	2	1	18	BO3	regular_season	8	126	completed	2025-10-21 08:40:49.768	\N	2025-10-14 08:41:53.564	\N	2025-10-14 08:40:49.771385	2025-10-14 08:41:53.567093	\N	\N	\N	\N	\N	\N
8198	15	11	16	2	0	11	BO3	regular_season	8	128	completed	2025-10-21 08:40:49.768	\N	2025-10-14 08:41:53.58	\N	2025-10-14 08:40:49.771385	2025-10-14 08:41:53.583274	\N	\N	\N	\N	\N	\N
8199	15	12	15	1	2	15	BO3	regular_season	8	129	completed	2025-10-21 08:40:49.768	\N	2025-10-14 08:41:53.587	\N	2025-10-14 08:40:49.771385	2025-10-14 08:41:53.590258	\N	\N	\N	\N	\N	\N
8200	15	13	14	0	2	14	BO3	regular_season	8	130	completed	2025-10-21 08:40:49.768	\N	2025-10-14 08:41:53.593	\N	2025-10-14 08:40:49.771385	2025-10-14 08:41:53.5959	\N	\N	\N	\N	\N	\N
8203	15	12	17	0	2	17	BO3	regular_season	9	133	completed	2025-10-22 08:40:49.768	\N	2025-10-14 08:41:56.193	\N	2025-10-14 08:40:49.771385	2025-10-14 08:41:56.195787	\N	\N	\N	\N	\N	\N
8205	15	14	15	0	2	15	BO3	regular_season	9	135	completed	2025-10-22 08:40:49.768	\N	2025-10-14 08:41:56.199	\N	2025-10-14 08:40:49.771385	2025-10-14 08:41:56.201665	\N	\N	\N	\N	\N	\N
8201	15	19	20	2	1	19	BO3	regular_season	9	131	completed	2025-10-22 08:40:49.768	\N	2025-10-14 08:41:56.236	\N	2025-10-14 08:40:49.771385	2025-10-14 08:41:56.238693	\N	\N	\N	\N	\N	\N
8204	15	13	16	2	1	13	BO3	regular_season	9	134	completed	2025-10-22 08:40:49.768	\N	2025-10-14 08:41:56.256	\N	2025-10-14 08:40:49.771385	2025-10-14 08:41:56.258547	\N	\N	\N	\N	\N	\N
8210	15	16	15	2	0	16	BO3	regular_season	10	140	completed	2025-10-23 08:40:49.768	\N	2025-10-14 08:41:59.911	\N	2025-10-14 08:40:49.771385	2025-10-14 08:41:59.914138	\N	\N	\N	\N	\N	\N
8209	15	17	14	1	2	14	BO3	regular_season	10	139	completed	2025-10-23 08:40:49.768	\N	2025-10-14 08:41:59.922	\N	2025-10-14 08:40:49.771385	2025-10-14 08:41:59.925356	\N	\N	\N	\N	\N	\N
8208	15	18	13	0	2	13	BO3	regular_season	10	138	completed	2025-10-23 08:40:49.768	\N	2025-10-14 08:41:59.931	\N	2025-10-14 08:40:49.771385	2025-10-14 08:41:59.93357	\N	\N	\N	\N	\N	\N
8207	15	19	12	0	2	12	BO3	regular_season	10	137	completed	2025-10-23 08:40:49.768	\N	2025-10-14 08:41:59.941	\N	2025-10-14 08:40:49.771385	2025-10-14 08:41:59.943216	\N	\N	\N	\N	\N	\N
8206	15	20	11	0	2	11	BO3	regular_season	10	136	completed	2025-10-23 08:40:49.768	\N	2025-10-14 08:41:59.949	\N	2025-10-14 08:40:49.771385	2025-10-14 08:41:59.954038	\N	\N	\N	\N	\N	\N
8211	15	20	12	0	2	12	BO3	regular_season	11	141	completed	2025-10-24 08:40:49.768	\N	2025-10-14 08:42:03.142	\N	2025-10-14 08:40:49.771385	2025-10-14 08:42:03.143877	\N	\N	\N	\N	\N	\N
8215	15	17	16	0	2	16	BO3	regular_season	11	145	completed	2025-10-24 08:40:49.768	\N	2025-10-14 08:42:03.179	\N	2025-10-14 08:40:49.771385	2025-10-14 08:42:03.181366	\N	\N	\N	\N	\N	\N
8214	15	18	15	0	2	15	BO3	regular_season	11	144	completed	2025-10-24 08:40:49.768	\N	2025-10-14 08:42:03.185	\N	2025-10-14 08:40:49.771385	2025-10-14 08:42:03.190571	\N	\N	\N	\N	\N	\N
8213	15	19	14	1	2	14	BO3	regular_season	11	143	completed	2025-10-24 08:40:49.768	\N	2025-10-14 08:42:03.195	\N	2025-10-14 08:40:49.771385	2025-10-14 08:42:03.198001	\N	\N	\N	\N	\N	\N
8220	15	18	17	2	1	18	BO3	regular_season	12	150	completed	2025-10-25 08:40:49.768	\N	2025-10-14 08:42:05.898	\N	2025-10-14 08:40:49.771385	2025-10-14 08:42:05.90191	\N	\N	\N	\N	\N	\N
8219	15	19	16	2	1	19	BO3	regular_season	12	149	completed	2025-10-25 08:40:49.768	\N	2025-10-14 08:42:05.906	\N	2025-10-14 08:40:49.771385	2025-10-14 08:42:05.909124	\N	\N	\N	\N	\N	\N
8217	15	12	14	2	1	12	BO3	regular_season	12	147	completed	2025-10-25 08:40:49.768	\N	2025-10-14 08:42:05.923	\N	2025-10-14 08:40:49.771385	2025-10-14 08:42:05.927304	\N	\N	\N	\N	\N	\N
8216	15	20	13	1	2	13	BO3	regular_season	12	146	completed	2025-10-25 08:40:49.768	\N	2025-10-14 08:42:05.933	\N	2025-10-14 08:40:49.771385	2025-10-14 08:42:05.935213	\N	\N	\N	\N	\N	\N
8222	15	13	15	2	0	13	BO3	regular_season	13	152	completed	2025-10-26 08:40:49.768	\N	2025-10-14 08:42:09.521	\N	2025-10-14 08:40:49.771385	2025-10-14 08:42:09.523132	\N	\N	\N	\N	\N	\N
8223	15	12	16	2	0	12	BO3	regular_season	13	153	completed	2025-10-26 08:40:49.768	\N	2025-10-14 08:42:09.527	\N	2025-10-14 08:40:49.771385	2025-10-14 08:42:09.529842	\N	\N	\N	\N	\N	\N
8224	15	11	17	2	1	11	BO3	regular_season	13	154	completed	2025-10-26 08:40:49.768	\N	2025-10-14 08:42:09.534	\N	2025-10-14 08:40:49.771385	2025-10-14 08:42:09.538363	\N	\N	\N	\N	\N	\N
8225	15	19	18	2	0	19	BO3	regular_season	13	155	completed	2025-10-26 08:40:49.768	\N	2025-10-14 08:42:09.544	\N	2025-10-14 08:40:49.771385	2025-10-14 08:42:09.548568	\N	\N	\N	\N	\N	\N
8226	15	20	15	2	1	20	BO3	regular_season	14	156	completed	2025-10-27 08:40:49.768	\N	2025-10-14 08:42:12.588	\N	2025-10-14 08:40:49.771385	2025-10-14 08:42:12.590722	\N	\N	\N	\N	\N	\N
8230	15	11	19	2	1	11	BO3	regular_season	14	160	completed	2025-10-27 08:40:49.768	\N	2025-10-14 08:42:12.638	\N	2025-10-14 08:40:49.771385	2025-10-14 08:42:12.643392	\N	\N	\N	\N	\N	\N
8229	15	12	18	2	0	12	BO3	regular_season	14	159	completed	2025-10-27 08:40:49.768	\N	2025-10-14 08:42:12.648	\N	2025-10-14 08:40:49.771385	2025-10-14 08:42:12.650267	\N	\N	\N	\N	\N	\N
8228	15	13	17	2	0	13	BO3	regular_season	14	158	completed	2025-10-27 08:40:49.768	\N	2025-10-14 08:42:12.653	\N	2025-10-14 08:40:49.771385	2025-10-14 08:42:12.65517	\N	\N	\N	\N	\N	\N
8227	15	14	16	2	1	14	BO3	regular_season	14	157	completed	2025-10-27 08:40:49.768	\N	2025-10-14 08:42:12.66	\N	2025-10-14 08:40:49.771385	2025-10-14 08:42:12.663492	\N	\N	\N	\N	\N	\N
8231	15	20	16	0	2	16	BO3	regular_season	15	161	completed	2025-10-28 08:40:49.768	\N	2025-10-14 08:42:17.561	\N	2025-10-14 08:40:49.771385	2025-10-14 08:42:17.563492	\N	\N	\N	\N	\N	\N
8233	15	14	18	2	1	14	BO3	regular_season	15	163	completed	2025-10-28 08:40:49.768	\N	2025-10-14 08:42:17.58	\N	2025-10-14 08:40:49.771385	2025-10-14 08:42:17.582631	\N	\N	\N	\N	\N	\N
8234	15	13	19	2	0	13	BO3	regular_season	15	164	completed	2025-10-28 08:40:49.768	\N	2025-10-14 08:42:17.592	\N	2025-10-14 08:40:49.771385	2025-10-14 08:42:17.595516	\N	\N	\N	\N	\N	\N
8235	15	12	11	1	2	11	BO3	regular_season	15	165	completed	2025-10-28 08:40:49.768	\N	2025-10-14 08:42:17.601	\N	2025-10-14 08:40:49.771385	2025-10-14 08:42:17.604245	\N	\N	\N	\N	\N	\N
8240	15	13	12	1	2	12	BO3	regular_season	16	170	completed	2025-10-29 08:40:49.768	\N	2025-10-14 08:42:20.585	\N	2025-10-14 08:40:49.771385	2025-10-14 08:42:20.589248	\N	\N	\N	\N	\N	\N
8239	15	14	11	1	2	11	BO3	regular_season	16	169	completed	2025-10-29 08:40:49.768	\N	2025-10-14 08:42:20.594	\N	2025-10-14 08:40:49.771385	2025-10-14 08:42:20.597359	\N	\N	\N	\N	\N	\N
8238	15	15	19	2	0	15	BO3	regular_season	16	168	completed	2025-10-29 08:40:49.768	\N	2025-10-14 08:42:20.602	\N	2025-10-14 08:40:49.771385	2025-10-14 08:42:20.604633	\N	\N	\N	\N	\N	\N
8236	15	20	17	1	2	17	BO3	regular_season	16	166	completed	2025-10-29 08:40:49.768	\N	2025-10-14 08:42:20.618	\N	2025-10-14 08:40:49.771385	2025-10-14 08:42:20.623115	\N	\N	\N	\N	\N	\N
8055	1	32	31	1	2	31	BO3	regular_season	15	345	completed	2025-10-28 01:50:55.865	\N	2025-10-14 08:35:48.174	\N	2025-10-14 01:50:55.871771	2025-10-14 08:35:48.177571	\N	\N	\N	\N	\N	\N
8058	1	35	39	0	2	39	BO3	regular_season	16	348	completed	2025-10-29 01:50:55.865	\N	2025-10-14 08:35:53.422	\N	2025-10-14 01:50:55.871771	2025-10-14 08:35:53.42462	\N	\N	\N	\N	\N	\N
8057	1	36	38	2	1	36	BO3	regular_season	16	347	completed	2025-10-29 01:50:55.865	\N	2025-10-14 08:35:53.428	\N	2025-10-14 01:50:55.871771	2025-10-14 08:35:53.431402	\N	\N	\N	\N	\N	\N
8059	1	34	31	0	2	31	BO3	regular_season	16	349	completed	2025-10-29 01:50:55.865	\N	2025-10-14 08:35:53.483	\N	2025-10-14 01:50:55.871771	2025-10-14 08:35:53.486271	\N	\N	\N	\N	\N	\N
8056	1	40	37	1	2	37	BO3	regular_season	16	346	completed	2025-10-29 01:50:55.865	\N	2025-10-14 08:35:53.557	\N	2025-10-14 01:50:55.871771	2025-10-14 08:35:53.560179	\N	\N	\N	\N	\N	\N
9156	21	2	10	0	0	\N	BO3	regular_season	2	6	scheduled	2025-10-15 15:14:00.631	\N	\N	\N	2025-10-14 15:14:00.640225	2025-10-14 15:14:00.640225	\N	\N	\N	\N	\N	\N
8251	15	21	30	1	2	30	BO3	regular_season	1	181	completed	2025-10-14 08:40:49.768	\N	2025-10-14 08:41:06.164	\N	2025-10-14 08:40:49.771385	2025-10-14 08:41:06.166526	\N	\N	\N	\N	\N	\N
8253	15	23	28	2	0	23	BO3	regular_season	1	183	completed	2025-10-14 08:40:49.768	\N	2025-10-14 08:41:06.224	\N	2025-10-14 08:40:49.771385	2025-10-14 08:41:06.225839	\N	\N	\N	\N	\N	\N
8252	15	22	29	2	0	22	BO3	regular_season	1	182	completed	2025-10-14 08:40:49.768	\N	2025-10-14 08:41:06.239	\N	2025-10-14 08:40:49.771385	2025-10-14 08:41:06.240692	\N	\N	\N	\N	\N	\N
8257	15	23	21	0	2	21	BO3	regular_season	2	187	completed	2025-10-15 08:40:49.769	\N	2025-10-14 08:41:22.454	\N	2025-10-14 08:40:49.771385	2025-10-14 08:41:22.458318	\N	\N	\N	\N	\N	\N
8259	15	25	28	2	1	25	BO3	regular_season	2	189	completed	2025-10-15 08:40:49.769	\N	2025-10-14 08:41:22.463	\N	2025-10-14 08:40:49.771385	2025-10-14 08:41:22.466415	\N	\N	\N	\N	\N	\N
8258	15	24	29	2	0	24	BO3	regular_season	2	188	completed	2025-10-15 08:40:49.769	\N	2025-10-14 08:41:22.482	\N	2025-10-14 08:40:49.771385	2025-10-14 08:41:22.484448	\N	\N	\N	\N	\N	\N
8256	15	22	30	2	0	22	BO3	regular_season	2	186	completed	2025-10-15 08:40:49.769	\N	2025-10-14 08:41:22.496	\N	2025-10-14 08:40:49.771385	2025-10-14 08:41:22.498138	\N	\N	\N	\N	\N	\N
8262	15	24	22	2	0	24	BO3	regular_season	3	192	completed	2025-10-16 08:40:49.769	\N	2025-10-14 08:41:26.715	\N	2025-10-14 08:40:49.771385	2025-10-14 08:41:26.717536	\N	\N	\N	\N	\N	\N
8261	15	23	30	2	0	23	BO3	regular_season	3	191	completed	2025-10-16 08:40:49.769	\N	2025-10-14 08:41:26.747	\N	2025-10-14 08:40:49.771385	2025-10-14 08:41:26.749516	\N	\N	\N	\N	\N	\N
8264	15	26	29	2	0	26	BO3	regular_season	3	194	completed	2025-10-16 08:40:49.769	\N	2025-10-14 08:41:26.754	\N	2025-10-14 08:40:49.771385	2025-10-14 08:41:26.756472	\N	\N	\N	\N	\N	\N
8263	15	25	21	0	2	21	BO3	regular_season	3	193	completed	2025-10-16 08:40:49.769	\N	2025-10-14 08:41:26.77	\N	2025-10-14 08:40:49.771385	2025-10-14 08:41:26.772436	\N	\N	\N	\N	\N	\N
8265	15	27	28	1	2	28	BO3	regular_season	3	195	completed	2025-10-16 08:40:49.769	\N	2025-10-14 08:41:26.783	\N	2025-10-14 08:40:49.771385	2025-10-14 08:41:26.786739	\N	\N	\N	\N	\N	\N
8269	15	27	21	1	2	21	BO3	regular_season	4	199	completed	2025-10-17 08:40:49.769	\N	2025-10-14 08:41:30.516	\N	2025-10-14 08:40:49.771385	2025-10-14 08:41:30.519906	\N	\N	\N	\N	\N	\N
8266	15	24	30	2	1	24	BO3	regular_season	4	196	completed	2025-10-17 08:40:49.769	\N	2025-10-14 08:41:30.531	\N	2025-10-14 08:40:49.771385	2025-10-14 08:41:30.53354	\N	\N	\N	\N	\N	\N
8270	15	28	29	2	0	28	BO3	regular_season	4	200	completed	2025-10-17 08:40:49.769	\N	2025-10-14 08:41:30.538	\N	2025-10-14 08:40:49.771385	2025-10-14 08:41:30.542135	\N	\N	\N	\N	\N	\N
8267	15	25	23	0	2	23	BO3	regular_season	4	197	completed	2025-10-17 08:40:49.769	\N	2025-10-14 08:41:30.547	\N	2025-10-14 08:40:49.771385	2025-10-14 08:41:30.551542	\N	\N	\N	\N	\N	\N
8272	15	26	24	2	0	26	BO3	regular_season	5	202	completed	2025-10-18 08:40:49.769	\N	2025-10-14 08:41:44.408	\N	2025-10-14 08:40:49.771385	2025-10-14 08:41:44.412454	\N	\N	\N	\N	\N	\N
8271	15	25	30	2	0	25	BO3	regular_season	5	201	completed	2025-10-18 08:40:49.769	\N	2025-10-14 08:41:44.424	\N	2025-10-14 08:40:49.771385	2025-10-14 08:41:44.426488	\N	\N	\N	\N	\N	\N
8275	15	29	21	1	2	21	BO3	regular_season	5	205	completed	2025-10-18 08:40:49.769	\N	2025-10-14 08:41:44.468	\N	2025-10-14 08:40:49.771385	2025-10-14 08:41:44.470218	\N	\N	\N	\N	\N	\N
8273	15	27	23	2	1	27	BO3	regular_season	5	203	completed	2025-10-18 08:40:49.769	\N	2025-10-14 08:41:44.483	\N	2025-10-14 08:40:49.771385	2025-10-14 08:41:44.485878	\N	\N	\N	\N	\N	\N
8279	15	29	23	0	2	23	BO3	regular_season	6	209	completed	2025-10-19 08:40:49.769	\N	2025-10-14 08:41:47.563	\N	2025-10-14 08:40:49.771385	2025-10-14 08:41:47.566005	\N	\N	\N	\N	\N	\N
8276	15	26	30	2	0	26	BO3	regular_season	6	206	completed	2025-10-19 08:40:49.769	\N	2025-10-14 08:41:47.609	\N	2025-10-14 08:40:49.771385	2025-10-14 08:41:47.61195	\N	\N	\N	\N	\N	\N
8277	15	27	25	1	2	25	BO3	regular_season	6	207	completed	2025-10-19 08:40:49.769	\N	2025-10-14 08:41:47.616	\N	2025-10-14 08:40:49.771385	2025-10-14 08:41:47.617925	\N	\N	\N	\N	\N	\N
8278	15	28	24	0	2	24	BO3	regular_season	6	208	completed	2025-10-19 08:40:49.769	\N	2025-10-14 08:41:47.621	\N	2025-10-14 08:40:49.771385	2025-10-14 08:41:47.624553	\N	\N	\N	\N	\N	\N
8280	15	21	22	2	0	21	BO3	regular_season	6	210	completed	2025-10-19 08:40:49.769	\N	2025-10-14 08:41:47.629	\N	2025-10-14 08:40:49.771385	2025-10-14 08:41:47.630956	\N	\N	\N	\N	\N	\N
8284	15	21	24	2	0	21	BO3	regular_season	7	214	completed	2025-10-20 08:40:49.769	\N	2025-10-14 08:41:50.63	\N	2025-10-14 08:40:49.771385	2025-10-14 08:41:50.632811	\N	\N	\N	\N	\N	\N
8283	15	29	25	1	2	25	BO3	regular_season	7	213	completed	2025-10-20 08:40:49.769	\N	2025-10-14 08:41:50.637	\N	2025-10-14 08:40:49.771385	2025-10-14 08:41:50.639376	\N	\N	\N	\N	\N	\N
8282	15	28	26	2	0	28	BO3	regular_season	7	212	completed	2025-10-20 08:40:49.769	\N	2025-10-14 08:41:50.643	\N	2025-10-14 08:40:49.771385	2025-10-14 08:41:50.645316	\N	\N	\N	\N	\N	\N
8281	15	27	30	2	0	27	BO3	regular_season	7	211	completed	2025-10-20 08:40:49.769	\N	2025-10-14 08:41:50.648	\N	2025-10-14 08:40:49.771385	2025-10-14 08:41:50.650624	\N	\N	\N	\N	\N	\N
8290	15	23	24	2	0	23	BO3	regular_season	8	220	completed	2025-10-21 08:40:49.769	\N	2025-10-14 08:41:53.442	\N	2025-10-14 08:40:49.771385	2025-10-14 08:41:53.445137	\N	\N	\N	\N	\N	\N
8286	15	28	30	0	2	30	BO3	regular_season	8	216	completed	2025-10-21 08:40:49.769	\N	2025-10-14 08:41:53.475	\N	2025-10-14 08:40:49.771385	2025-10-14 08:41:53.479139	\N	\N	\N	\N	\N	\N
8288	15	21	26	2	0	21	BO3	regular_season	8	218	completed	2025-10-21 08:40:49.769	\N	2025-10-14 08:41:53.496	\N	2025-10-14 08:40:49.771385	2025-10-14 08:41:53.499228	\N	\N	\N	\N	\N	\N
8289	15	22	25	2	1	22	BO3	regular_season	8	219	completed	2025-10-21 08:40:49.769	\N	2025-10-14 08:41:53.505	\N	2025-10-14 08:40:49.771385	2025-10-14 08:41:53.507029	\N	\N	\N	\N	\N	\N
8292	15	21	28	2	0	21	BO3	regular_season	9	222	completed	2025-10-22 08:40:49.769	\N	2025-10-14 08:41:56.108	\N	2025-10-14 08:40:49.771385	2025-10-14 08:41:56.111356	\N	\N	\N	\N	\N	\N
8291	15	29	30	2	1	29	BO3	regular_season	9	221	completed	2025-10-22 08:40:49.769	\N	2025-10-14 08:41:56.143	\N	2025-10-14 08:40:49.771385	2025-10-14 08:41:56.146274	\N	\N	\N	\N	\N	\N
8295	15	24	25	2	0	24	BO3	regular_season	9	225	completed	2025-10-22 08:40:49.769	\N	2025-10-14 08:41:56.16	\N	2025-10-14 08:40:49.771385	2025-10-14 08:41:56.164422	\N	\N	\N	\N	\N	\N
8294	15	23	26	2	0	23	BO3	regular_season	9	224	completed	2025-10-22 08:40:49.769	\N	2025-10-14 08:41:56.179	\N	2025-10-14 08:40:49.771385	2025-10-14 08:41:56.180717	\N	\N	\N	\N	\N	\N
8299	15	27	24	1	2	24	BO3	regular_season	10	229	completed	2025-10-23 08:40:49.769	\N	2025-10-14 08:41:59.799	\N	2025-10-14 08:40:49.771385	2025-10-14 08:41:59.801779	\N	\N	\N	\N	\N	\N
8296	15	30	21	0	2	21	BO3	regular_season	10	226	completed	2025-10-23 08:40:49.769	\N	2025-10-14 08:41:59.848	\N	2025-10-14 08:40:49.771385	2025-10-14 08:41:59.851628	\N	\N	\N	\N	\N	\N
8297	15	29	22	1	2	22	BO3	regular_season	10	227	completed	2025-10-23 08:40:49.769	\N	2025-10-14 08:41:59.86	\N	2025-10-14 08:40:49.771385	2025-10-14 08:41:59.864897	\N	\N	\N	\N	\N	\N
8298	15	28	23	0	2	23	BO3	regular_season	10	228	completed	2025-10-23 08:40:49.769	\N	2025-10-14 08:41:59.874	\N	2025-10-14 08:40:49.771385	2025-10-14 08:41:59.87983	\N	\N	\N	\N	\N	\N
8300	15	26	25	2	1	26	BO3	regular_season	10	230	completed	2025-10-23 08:40:49.769	\N	2025-10-14 08:41:59.889	\N	2025-10-14 08:40:49.771385	2025-10-14 08:41:59.892174	\N	\N	\N	\N	\N	\N
8241	15	20	18	2	0	20	BO3	regular_season	17	171	completed	2025-10-30 08:40:49.768	\N	2025-10-14 08:42:23.321	\N	2025-10-14 08:40:49.771385	2025-10-14 08:42:23.323195	\N	\N	\N	\N	\N	\N
8244	15	15	12	2	0	15	BO3	regular_season	17	174	completed	2025-10-30 08:40:49.768	\N	2025-10-14 08:42:23.375	\N	2025-10-14 08:40:49.771385	2025-10-14 08:42:23.378141	\N	\N	\N	\N	\N	\N
8243	15	16	11	1	2	11	BO3	regular_season	17	173	completed	2025-10-30 08:40:49.768	\N	2025-10-14 08:42:23.382	\N	2025-10-14 08:40:49.771385	2025-10-14 08:42:23.385325	\N	\N	\N	\N	\N	\N
8242	15	17	19	2	1	17	BO3	regular_season	17	172	completed	2025-10-30 08:40:49.768	\N	2025-10-14 08:42:23.39	\N	2025-10-14 08:40:49.771385	2025-10-14 08:42:23.392763	\N	\N	\N	\N	\N	\N
8246	15	20	19	1	2	19	BO3	regular_season	18	176	completed	2025-10-31 08:40:49.768	\N	2025-10-14 08:42:27.336	\N	2025-10-14 08:40:49.771385	2025-10-14 08:42:27.339766	\N	\N	\N	\N	\N	\N
8247	15	18	11	0	2	11	BO3	regular_season	18	177	completed	2025-10-31 08:40:49.768	\N	2025-10-14 08:42:27.347	\N	2025-10-14 08:40:49.771385	2025-10-14 08:42:27.349519	\N	\N	\N	\N	\N	\N
8248	15	17	12	0	2	12	BO3	regular_season	18	178	completed	2025-10-31 08:40:49.768	\N	2025-10-14 08:42:27.353	\N	2025-10-14 08:40:49.771385	2025-10-14 08:42:27.356425	\N	\N	\N	\N	\N	\N
8250	15	15	14	2	0	15	BO3	regular_season	18	180	completed	2025-10-31 08:40:49.768	\N	2025-10-14 08:42:27.38	\N	2025-10-14 08:40:49.771385	2025-10-14 08:42:27.385666	\N	\N	\N	\N	\N	\N
7803	1	13	18	0	2	18	BO3	regular_season	1	93	completed	2025-10-14 01:50:55.864	\N	2025-10-14 02:24:39.553	\N	2025-10-14 01:50:55.871771	2025-10-14 02:24:39.555553	\N	\N	\N	\N	\N	\N
7997	1	35	33	0	2	33	BO3	regular_season	4	287	completed	2025-10-17 01:50:55.865	\N	2025-10-14 08:34:12.663	\N	2025-10-14 01:50:55.871771	2025-10-14 08:34:12.667485	\N	\N	\N	\N	\N	\N
7998	1	36	32	1	2	32	BO3	regular_season	4	288	completed	2025-10-17 01:50:55.865	\N	2025-10-14 08:34:12.672	\N	2025-10-14 01:50:55.871771	2025-10-14 08:34:12.673659	\N	\N	\N	\N	\N	\N
8000	1	38	39	2	1	38	BO3	regular_season	4	290	completed	2025-10-17 01:50:55.865	\N	2025-10-14 08:34:12.677	\N	2025-10-14 01:50:55.871771	2025-10-14 08:34:12.680319	\N	\N	\N	\N	\N	\N
8005	1	39	31	0	2	31	BO3	regular_season	5	295	completed	2025-10-18 01:50:55.865	\N	2025-10-14 08:34:51.013	\N	2025-10-14 01:50:55.871771	2025-10-14 08:34:51.015104	\N	\N	\N	\N	\N	\N
8002	1	36	34	1	2	34	BO3	regular_season	5	292	completed	2025-10-18 01:50:55.865	\N	2025-10-14 08:34:51.025	\N	2025-10-14 01:50:55.871771	2025-10-14 08:34:51.026924	\N	\N	\N	\N	\N	\N
8001	1	35	40	2	1	35	BO3	regular_season	5	291	completed	2025-10-18 01:50:55.865	\N	2025-10-14 08:34:51.032	\N	2025-10-14 01:50:55.871771	2025-10-14 08:34:51.034361	\N	\N	\N	\N	\N	\N
8004	1	38	32	0	2	32	BO3	regular_season	5	294	completed	2025-10-18 01:50:55.865	\N	2025-10-14 08:34:51.039	\N	2025-10-14 01:50:55.871771	2025-10-14 08:34:51.041028	\N	\N	\N	\N	\N	\N
7733	1	7	3	0	2	3	BO3	regular_season	5	23	completed	2025-10-18 01:50:55.863	\N	2025-10-14 08:34:51.14	\N	2025-10-14 01:50:55.871771	2025-10-14 08:34:51.14293	\N	\N	\N	\N	\N	\N
8060	1	33	32	0	2	32	BO3	regular_season	16	350	completed	2025-10-29 01:50:55.865	\N	2025-10-14 08:35:53.414	\N	2025-10-14 01:50:55.871771	2025-10-14 08:35:53.416644	\N	\N	\N	\N	\N	\N
8062	1	37	39	2	0	37	BO3	regular_season	17	352	completed	2025-10-30 01:50:55.865	\N	2025-10-14 08:36:00.769	\N	2025-10-14 01:50:55.871771	2025-10-14 08:36:00.771033	\N	\N	\N	\N	\N	\N
8063	1	36	31	1	2	31	BO3	regular_season	17	353	completed	2025-10-30 01:50:55.865	\N	2025-10-14 08:36:00.776	\N	2025-10-14 01:50:55.871771	2025-10-14 08:36:00.778817	\N	\N	\N	\N	\N	\N
8064	1	35	32	1	2	32	BO3	regular_season	17	354	completed	2025-10-30 01:50:55.865	\N	2025-10-14 08:36:00.783	\N	2025-10-14 01:50:55.871771	2025-10-14 08:36:00.785488	\N	\N	\N	\N	\N	\N
8065	1	34	33	0	2	33	BO3	regular_season	17	355	completed	2025-10-30 01:50:55.865	\N	2025-10-14 08:36:00.791	\N	2025-10-14 01:50:55.871771	2025-10-14 08:36:00.794845	\N	\N	\N	\N	\N	\N
8061	1	40	38	1	2	38	BO3	regular_season	17	351	completed	2025-10-30 01:50:55.865	\N	2025-10-14 08:36:00.811	\N	2025-10-14 01:50:55.871771	2025-10-14 08:36:00.813481	\N	\N	\N	\N	\N	\N
8067	1	38	31	2	0	38	BO3	regular_season	18	357	completed	2025-10-31 01:50:55.865	\N	2025-10-14 08:36:03.547	\N	2025-10-14 01:50:55.871771	2025-10-14 08:36:03.551454	\N	\N	\N	\N	\N	\N
8068	1	37	32	2	0	37	BO3	regular_season	18	358	completed	2025-10-31 01:50:55.865	\N	2025-10-14 08:36:03.555	\N	2025-10-14 01:50:55.871771	2025-10-14 08:36:03.558303	\N	\N	\N	\N	\N	\N
8069	1	36	33	1	2	33	BO3	regular_season	18	359	completed	2025-10-31 01:50:55.865	\N	2025-10-14 08:36:03.564	\N	2025-10-14 01:50:55.871771	2025-10-14 08:36:03.5676	\N	\N	\N	\N	\N	\N
8070	1	35	34	1	2	34	BO3	regular_season	18	360	completed	2025-10-31 01:50:55.865	\N	2025-10-14 08:36:03.573	\N	2025-10-14 01:50:55.871771	2025-10-14 08:36:03.575431	\N	\N	\N	\N	\N	\N
8066	1	40	39	2	0	40	BO3	regular_season	18	356	completed	2025-10-31 01:50:55.865	\N	2025-10-14 08:36:03.63	\N	2025-10-14 01:50:55.871771	2025-10-14 08:36:03.632646	\N	\N	\N	\N	\N	\N
9157	21	3	1	0	0	\N	BO3	regular_season	2	7	scheduled	2025-10-15 15:14:00.631	\N	\N	\N	2025-10-14 15:14:00.640225	2025-10-14 15:14:00.640225	\N	\N	\N	\N	\N	\N
8342	15	32	38	2	0	32	BO3	regular_season	1	272	completed	2025-10-14 08:40:49.769	\N	2025-10-14 08:41:06.104	\N	2025-10-14 08:40:49.771385	2025-10-14 08:41:06.106582	\N	\N	\N	\N	\N	\N
8301	15	30	22	0	2	22	BO3	regular_season	11	231	completed	2025-10-24 08:40:49.769	\N	2025-10-14 08:42:03.004	\N	2025-10-14 08:40:49.771385	2025-10-14 08:42:03.006854	\N	\N	\N	\N	\N	\N
8305	15	27	26	0	2	26	BO3	regular_season	11	235	completed	2025-10-24 08:40:49.769	\N	2025-10-14 08:42:03.033	\N	2025-10-14 08:40:49.771385	2025-10-14 08:42:03.036728	\N	\N	\N	\N	\N	\N
8304	15	28	25	2	1	28	BO3	regular_season	11	234	completed	2025-10-24 08:40:49.769	\N	2025-10-14 08:42:03.04	\N	2025-10-14 08:40:49.771385	2025-10-14 08:42:03.042992	\N	\N	\N	\N	\N	\N
8303	15	29	24	1	2	24	BO3	regular_season	11	233	completed	2025-10-24 08:40:49.769	\N	2025-10-14 08:42:03.047	\N	2025-10-14 08:40:49.771385	2025-10-14 08:42:03.05067	\N	\N	\N	\N	\N	\N
8302	15	21	23	2	0	21	BO3	regular_season	11	232	completed	2025-10-24 08:40:49.769	\N	2025-10-14 08:42:03.055	\N	2025-10-14 08:40:49.771385	2025-10-14 08:42:03.057055	\N	\N	\N	\N	\N	\N
8306	15	30	23	1	2	23	BO3	regular_season	12	236	completed	2025-10-25 08:40:49.769	\N	2025-10-14 08:42:05.813	\N	2025-10-14 08:40:49.771385	2025-10-14 08:42:05.81705	\N	\N	\N	\N	\N	\N
8308	15	21	25	0	2	25	BO3	regular_season	12	238	completed	2025-10-25 08:40:49.769	\N	2025-10-14 08:42:05.838	\N	2025-10-14 08:40:49.771385	2025-10-14 08:42:05.839803	\N	\N	\N	\N	\N	\N
8309	15	29	26	2	0	29	BO3	regular_season	12	239	completed	2025-10-25 08:40:49.769	\N	2025-10-14 08:42:05.844	\N	2025-10-14 08:40:49.771385	2025-10-14 08:42:05.846182	\N	\N	\N	\N	\N	\N
8310	15	28	27	1	2	27	BO3	regular_season	12	240	completed	2025-10-25 08:40:49.769	\N	2025-10-14 08:42:05.85	\N	2025-10-14 08:40:49.771385	2025-10-14 08:42:05.853351	\N	\N	\N	\N	\N	\N
8311	15	30	24	2	1	30	BO3	regular_season	13	241	completed	2025-10-26 08:40:49.769	\N	2025-10-14 08:42:09.432	\N	2025-10-14 08:40:49.771385	2025-10-14 08:42:09.434421	\N	\N	\N	\N	\N	\N
8315	15	29	28	2	1	29	BO3	regular_season	13	245	completed	2025-10-26 08:40:49.769	\N	2025-10-14 08:42:09.442	\N	2025-10-14 08:40:49.771385	2025-10-14 08:42:09.446805	\N	\N	\N	\N	\N	\N
8314	15	21	27	1	2	27	BO3	regular_season	13	244	completed	2025-10-26 08:40:49.769	\N	2025-10-14 08:42:09.464	\N	2025-10-14 08:40:49.771385	2025-10-14 08:42:09.466064	\N	\N	\N	\N	\N	\N
8312	15	23	25	2	0	23	BO3	regular_season	13	242	completed	2025-10-26 08:40:49.769	\N	2025-10-14 08:42:09.48	\N	2025-10-14 08:40:49.771385	2025-10-14 08:42:09.482398	\N	\N	\N	\N	\N	\N
8316	15	30	25	0	2	25	BO3	regular_season	14	246	completed	2025-10-27 08:40:49.769	\N	2025-10-14 08:42:12.51	\N	2025-10-14 08:40:49.771385	2025-10-14 08:42:12.513442	\N	\N	\N	\N	\N	\N
8320	15	21	29	2	0	21	BO3	regular_season	14	250	completed	2025-10-27 08:40:49.769	\N	2025-10-14 08:42:12.556	\N	2025-10-14 08:40:49.771385	2025-10-14 08:42:12.558559	\N	\N	\N	\N	\N	\N
8319	15	22	28	2	0	22	BO3	regular_season	14	249	completed	2025-10-27 08:40:49.769	\N	2025-10-14 08:42:12.563	\N	2025-10-14 08:40:49.771385	2025-10-14 08:42:12.56584	\N	\N	\N	\N	\N	\N
8318	15	23	27	2	0	23	BO3	regular_season	14	248	completed	2025-10-27 08:40:49.769	\N	2025-10-14 08:42:12.57	\N	2025-10-14 08:40:49.771385	2025-10-14 08:42:12.572303	\N	\N	\N	\N	\N	\N
8317	15	24	26	2	1	24	BO3	regular_season	14	247	completed	2025-10-27 08:40:49.769	\N	2025-10-14 08:42:12.58	\N	2025-10-14 08:40:49.771385	2025-10-14 08:42:12.583423	\N	\N	\N	\N	\N	\N
8322	15	25	27	2	0	25	BO3	regular_season	15	252	completed	2025-10-28 08:40:49.769	\N	2025-10-14 08:42:17.459	\N	2025-10-14 08:40:49.771385	2025-10-14 08:42:17.461324	\N	\N	\N	\N	\N	\N
8323	15	24	28	0	2	28	BO3	regular_season	15	253	completed	2025-10-28 08:40:49.769	\N	2025-10-14 08:42:17.466	\N	2025-10-14 08:40:49.771385	2025-10-14 08:42:17.470061	\N	\N	\N	\N	\N	\N
8324	15	23	29	2	1	23	BO3	regular_season	15	254	completed	2025-10-28 08:40:49.769	\N	2025-10-14 08:42:17.475	\N	2025-10-14 08:40:49.771385	2025-10-14 08:42:17.47877	\N	\N	\N	\N	\N	\N
8325	15	22	21	2	0	22	BO3	regular_season	15	255	completed	2025-10-28 08:40:49.769	\N	2025-10-14 08:42:17.484	\N	2025-10-14 08:40:49.771385	2025-10-14 08:42:17.488432	\N	\N	\N	\N	\N	\N
8330	15	23	22	2	0	23	BO3	regular_season	16	260	completed	2025-10-29 08:40:49.769	\N	2025-10-14 08:42:20.508	\N	2025-10-14 08:40:49.771385	2025-10-14 08:42:20.510585	\N	\N	\N	\N	\N	\N
8329	15	24	21	2	1	24	BO3	regular_season	16	259	completed	2025-10-29 08:40:49.769	\N	2025-10-14 08:42:20.514	\N	2025-10-14 08:40:49.771385	2025-10-14 08:42:20.517573	\N	\N	\N	\N	\N	\N
8327	15	26	28	2	1	26	BO3	regular_season	16	257	completed	2025-10-29 08:40:49.769	\N	2025-10-14 08:42:20.527	\N	2025-10-14 08:40:49.771385	2025-10-14 08:42:20.530139	\N	\N	\N	\N	\N	\N
8326	15	30	27	2	1	30	BO3	regular_season	16	256	completed	2025-10-29 08:40:49.769	\N	2025-10-14 08:42:20.534	\N	2025-10-14 08:40:49.771385	2025-10-14 08:42:20.535621	\N	\N	\N	\N	\N	\N
8331	15	30	28	0	2	28	BO3	regular_season	17	261	completed	2025-10-30 08:40:49.769	\N	2025-10-14 08:42:23.232	\N	2025-10-14 08:40:49.771385	2025-10-14 08:42:23.23624	\N	\N	\N	\N	\N	\N
8332	15	27	29	1	2	29	BO3	regular_season	17	262	completed	2025-10-30 08:40:49.769	\N	2025-10-14 08:42:23.242	\N	2025-10-14 08:40:49.771385	2025-10-14 08:42:23.24499	\N	\N	\N	\N	\N	\N
8333	15	26	21	1	2	21	BO3	regular_season	17	263	completed	2025-10-30 08:40:49.769	\N	2025-10-14 08:42:23.251	\N	2025-10-14 08:40:49.771385	2025-10-14 08:42:23.254918	\N	\N	\N	\N	\N	\N
8334	15	25	22	2	1	25	BO3	regular_season	17	264	completed	2025-10-30 08:40:49.769	\N	2025-10-14 08:42:23.259	\N	2025-10-14 08:40:49.771385	2025-10-14 08:42:23.261295	\N	\N	\N	\N	\N	\N
8336	15	30	29	2	1	30	BO3	regular_season	18	266	completed	2025-10-31 08:40:49.769	\N	2025-10-14 08:42:27.217	\N	2025-10-14 08:40:49.771385	2025-10-14 08:42:27.21919	\N	\N	\N	\N	\N	\N
8337	15	28	21	0	2	21	BO3	regular_season	18	267	completed	2025-10-31 08:40:49.769	\N	2025-10-14 08:42:27.225	\N	2025-10-14 08:40:49.771385	2025-10-14 08:42:27.228249	\N	\N	\N	\N	\N	\N
8338	15	27	22	0	2	22	BO3	regular_season	18	268	completed	2025-10-31 08:40:49.769	\N	2025-10-14 08:42:27.232	\N	2025-10-14 08:40:49.771385	2025-10-14 08:42:27.235486	\N	\N	\N	\N	\N	\N
8339	15	26	23	2	0	26	BO3	regular_season	18	269	completed	2025-10-31 08:40:49.769	\N	2025-10-14 08:42:27.239	\N	2025-10-14 08:40:49.771385	2025-10-14 08:42:27.242586	\N	\N	\N	\N	\N	\N
8340	15	25	24	2	0	25	BO3	regular_season	18	270	completed	2025-10-31 08:40:49.769	\N	2025-10-14 08:42:27.248	\N	2025-10-14 08:40:49.771385	2025-10-14 08:42:27.251039	\N	\N	\N	\N	\N	\N
7897	1	23	21	2	1	23	BO3	regular_season	2	187	completed	2025-10-15 01:50:55.865	\N	2025-10-14 02:24:50.597	\N	2025-10-14 01:50:55.871771	2025-10-14 02:24:50.599817	\N	\N	\N	\N	\N	\N
7896	1	22	30	2	0	22	BO3	regular_season	2	186	completed	2025-10-15 01:50:55.865	\N	2025-10-14 02:24:50.606	\N	2025-10-14 01:50:55.871771	2025-10-14 02:24:50.609083	\N	\N	\N	\N	\N	\N
7898	1	24	29	2	0	24	BO3	regular_season	2	188	completed	2025-10-15 01:50:55.865	\N	2025-10-14 02:24:50.615	\N	2025-10-14 01:50:55.871771	2025-10-14 02:24:50.617405	\N	\N	\N	\N	\N	\N
7809	1	15	18	1	2	18	BO3	regular_season	2	99	completed	2025-10-15 01:50:55.864	\N	2025-10-14 02:24:50.678	\N	2025-10-14 01:50:55.871771	2025-10-14 02:24:50.682769	\N	\N	\N	\N	\N	\N
7810	1	16	17	0	2	17	BO3	regular_season	2	100	completed	2025-10-15 01:50:55.864	\N	2025-10-14 02:24:50.686	\N	2025-10-14 01:50:55.871771	2025-10-14 02:24:50.693999	\N	\N	\N	\N	\N	\N
7807	1	13	11	2	0	13	BO3	regular_season	2	97	completed	2025-10-15 01:50:55.864	\N	2025-10-14 02:24:50.698	\N	2025-10-14 01:50:55.871771	2025-10-14 02:24:50.701183	\N	\N	\N	\N	\N	\N
7779	1	2	8	2	0	2	BO3	regular_season	14	69	completed	2025-10-27 01:50:55.863	\N	2025-10-14 08:35:44.122	\N	2025-10-14 01:50:55.871771	2025-10-14 08:35:44.126473	\N	\N	\N	\N	\N	\N
7778	1	3	7	2	0	3	BO3	regular_season	14	68	completed	2025-10-27 01:50:55.863	\N	2025-10-14 08:35:44.131	\N	2025-10-14 01:50:55.871771	2025-10-14 08:35:44.133794	\N	\N	\N	\N	\N	\N
7780	1	1	9	2	0	1	BO3	regular_season	14	70	completed	2025-10-27 01:50:55.863	\N	2025-10-14 08:35:44.141	\N	2025-10-14 01:50:55.871771	2025-10-14 08:35:44.142758	\N	\N	\N	\N	\N	\N
7785	1	2	1	0	2	1	BO3	regular_season	15	75	completed	2025-10-28 01:50:55.863	\N	2025-10-14 08:35:48.222	\N	2025-10-14 01:50:55.871771	2025-10-14 08:35:48.225493	\N	\N	\N	\N	\N	\N
7781	1	10	6	0	2	6	BO3	regular_season	15	71	completed	2025-10-28 01:50:55.863	\N	2025-10-14 08:35:48.233	\N	2025-10-14 01:50:55.871771	2025-10-14 08:35:48.238313	\N	\N	\N	\N	\N	\N
7782	1	5	7	2	0	5	BO3	regular_season	15	72	completed	2025-10-28 01:50:55.863	\N	2025-10-14 08:35:48.246	\N	2025-10-14 01:50:55.871771	2025-10-14 08:35:48.249175	\N	\N	\N	\N	\N	\N
7783	1	4	8	2	0	4	BO3	regular_season	15	73	completed	2025-10-28 01:50:55.863	\N	2025-10-14 08:35:48.262	\N	2025-10-14 01:50:55.871771	2025-10-14 08:35:48.264779	\N	\N	\N	\N	\N	\N
7784	1	3	9	0	2	9	BO3	regular_season	15	74	completed	2025-10-28 01:50:55.863	\N	2025-10-14 08:35:48.268	\N	2025-10-14 01:50:55.871771	2025-10-14 08:35:48.270478	\N	\N	\N	\N	\N	\N
7787	1	6	8	2	1	6	BO3	regular_season	16	77	completed	2025-10-29 01:50:55.863	\N	2025-10-14 08:35:53.575	\N	2025-10-14 01:50:55.871771	2025-10-14 08:35:53.578522	\N	\N	\N	\N	\N	\N
7790	1	3	2	0	2	2	BO3	regular_season	16	80	completed	2025-10-29 01:50:55.863	\N	2025-10-14 08:35:53.584	\N	2025-10-14 01:50:55.871771	2025-10-14 08:35:53.587391	\N	\N	\N	\N	\N	\N
7786	1	10	7	2	1	10	BO3	regular_season	16	76	completed	2025-10-29 01:50:55.863	\N	2025-10-14 08:35:53.594	\N	2025-10-14 01:50:55.871771	2025-10-14 08:35:53.597656	\N	\N	\N	\N	\N	\N
7788	1	5	9	0	2	9	BO3	regular_season	16	78	completed	2025-10-29 01:50:55.863	\N	2025-10-14 08:35:53.604	\N	2025-10-14 01:50:55.871771	2025-10-14 08:35:53.607	\N	\N	\N	\N	\N	\N
9158	21	4	9	0	0	\N	BO3	regular_season	2	8	scheduled	2025-10-15 15:14:00.631	\N	\N	\N	2025-10-14 15:14:00.640225	2025-10-14 15:14:00.640225	\N	\N	\N	\N	\N	\N
7716	1	2	10	2	0	2	BO3	regular_season	2	6	completed	2025-10-15 01:50:55.863	\N	2025-10-14 02:24:50.756	\N	2025-10-14 01:50:55.871771	2025-10-14 02:24:50.759825	\N	\N	\N	\N	\N	\N
7812	1	14	12	2	0	14	BO3	regular_season	3	102	completed	2025-10-16 01:50:55.864	\N	2025-10-14 02:25:33.868	\N	2025-10-14 01:50:55.871771	2025-10-14 02:25:33.870935	\N	\N	\N	\N	\N	\N
7789	1	4	1	1	2	1	BO3	regular_season	16	79	completed	2025-10-29 01:50:55.863	\N	2025-10-14 08:35:53.613	\N	2025-10-14 01:50:55.871771	2025-10-14 08:35:53.616438	\N	\N	\N	\N	\N	\N
7795	1	4	3	1	2	3	BO3	regular_season	17	85	completed	2025-10-30 01:50:55.863	\N	2025-10-14 08:36:00.897	\N	2025-10-14 01:50:55.871771	2025-10-14 08:36:00.900227	\N	\N	\N	\N	\N	\N
7794	1	5	2	2	1	5	BO3	regular_season	17	84	completed	2025-10-30 01:50:55.863	\N	2025-10-14 08:36:00.905	\N	2025-10-14 01:50:55.871771	2025-10-14 08:36:00.907456	\N	\N	\N	\N	\N	\N
7793	1	6	1	0	2	1	BO3	regular_season	17	83	completed	2025-10-30 01:50:55.863	\N	2025-10-14 08:36:00.911	\N	2025-10-14 01:50:55.871771	2025-10-14 08:36:00.917133	\N	\N	\N	\N	\N	\N
7792	1	7	9	2	0	7	BO3	regular_season	17	82	completed	2025-10-30 01:50:55.863	\N	2025-10-14 08:36:00.925	\N	2025-10-14 01:50:55.871771	2025-10-14 08:36:00.927856	\N	\N	\N	\N	\N	\N
7797	1	8	1	0	2	1	BO3	regular_season	18	87	completed	2025-10-31 01:50:55.863	\N	2025-10-14 08:36:03.67	\N	2025-10-14 01:50:55.871771	2025-10-14 08:36:03.672133	\N	\N	\N	\N	\N	\N
7798	1	7	2	0	2	2	BO3	regular_season	18	88	completed	2025-10-31 01:50:55.863	\N	2025-10-14 08:36:03.676	\N	2025-10-14 01:50:55.871771	2025-10-14 08:36:03.678912	\N	\N	\N	\N	\N	\N
7799	1	6	3	2	0	6	BO3	regular_season	18	89	completed	2025-10-31 01:50:55.863	\N	2025-10-14 08:36:03.684	\N	2025-10-14 01:50:55.871771	2025-10-14 08:36:03.686946	\N	\N	\N	\N	\N	\N
7800	1	5	4	1	2	4	BO3	regular_season	18	90	completed	2025-10-31 01:50:55.863	\N	2025-10-14 08:36:03.692	\N	2025-10-14 01:50:55.871771	2025-10-14 08:36:03.694406	\N	\N	\N	\N	\N	\N
7722	1	4	2	0	2	2	BO3	regular_season	3	12	completed	2025-10-16 01:50:55.863	\N	2025-10-14 02:25:33.901	\N	2025-10-14 01:50:55.871771	2025-10-14 02:25:33.904365	\N	\N	\N	\N	\N	\N
7724	1	6	9	1	2	9	BO3	regular_season	3	14	completed	2025-10-16 01:50:55.863	\N	2025-10-14 02:25:33.909	\N	2025-10-14 01:50:55.871771	2025-10-14 02:25:33.911245	\N	\N	\N	\N	\N	\N
7723	1	5	1	1	2	1	BO3	regular_season	3	13	completed	2025-10-16 01:50:55.863	\N	2025-10-14 02:25:33.914	\N	2025-10-14 01:50:55.871771	2025-10-14 02:25:33.917416	\N	\N	\N	\N	\N	\N
7725	1	7	8	2	1	7	BO3	regular_season	3	15	completed	2025-10-16 01:50:55.863	\N	2025-10-14 02:25:33.921	\N	2025-10-14 01:50:55.871771	2025-10-14 02:25:33.923421	\N	\N	\N	\N	\N	\N
7721	1	3	10	2	0	3	BO3	regular_season	3	11	completed	2025-10-16 01:50:55.863	\N	2025-10-14 02:25:33.928	\N	2025-10-14 01:50:55.871771	2025-10-14 02:25:33.930661	\N	\N	\N	\N	\N	\N
7727	1	5	3	2	1	5	BO3	regular_season	4	17	completed	2025-10-17 01:50:55.863	\N	2025-10-14 08:34:12.784	\N	2025-10-14 01:50:55.871771	2025-10-14 08:34:12.786679	\N	\N	\N	\N	\N	\N
7726	1	4	10	2	0	4	BO3	regular_season	4	16	completed	2025-10-17 01:50:55.863	\N	2025-10-14 08:34:12.79	\N	2025-10-14 01:50:55.871771	2025-10-14 08:34:12.792686	\N	\N	\N	\N	\N	\N
7730	1	8	9	2	0	8	BO3	regular_season	4	20	completed	2025-10-17 01:50:55.863	\N	2025-10-14 08:34:12.796	\N	2025-10-14 01:50:55.871771	2025-10-14 08:34:12.798547	\N	\N	\N	\N	\N	\N
7729	1	7	1	0	2	1	BO3	regular_season	4	19	completed	2025-10-17 01:50:55.863	\N	2025-10-14 08:34:12.802	\N	2025-10-14 01:50:55.871771	2025-10-14 08:34:12.804313	\N	\N	\N	\N	\N	\N
7728	1	6	2	1	2	2	BO3	regular_season	4	18	completed	2025-10-17 01:50:55.863	\N	2025-10-14 08:34:12.81	\N	2025-10-14 01:50:55.871771	2025-10-14 08:34:12.813056	\N	\N	\N	\N	\N	\N
7735	1	9	1	1	2	1	BO3	regular_season	5	25	completed	2025-10-18 01:50:55.863	\N	2025-10-14 08:34:51.131	\N	2025-10-14 01:50:55.871771	2025-10-14 08:34:51.135164	\N	\N	\N	\N	\N	\N
7734	1	8	2	0	2	2	BO3	regular_season	5	24	completed	2025-10-18 01:50:55.863	\N	2025-10-14 08:34:51.148	\N	2025-10-14 01:50:55.871771	2025-10-14 08:34:51.152095	\N	\N	\N	\N	\N	\N
7732	1	6	4	0	2	4	BO3	regular_season	5	22	completed	2025-10-18 01:50:55.863	\N	2025-10-14 08:34:51.157	\N	2025-10-14 01:50:55.871771	2025-10-14 08:34:51.16104	\N	\N	\N	\N	\N	\N
7731	1	5	10	2	0	5	BO3	regular_season	5	21	completed	2025-10-18 01:50:55.863	\N	2025-10-14 08:34:51.168	\N	2025-10-14 01:50:55.871771	2025-10-14 08:34:51.170242	\N	\N	\N	\N	\N	\N
7738	1	8	4	0	2	4	BO3	regular_season	6	28	completed	2025-10-19 01:50:55.863	\N	2025-10-14 08:34:57.181	\N	2025-10-14 01:50:55.871771	2025-10-14 08:34:57.183574	\N	\N	\N	\N	\N	\N
7737	1	7	5	2	1	7	BO3	regular_season	6	27	completed	2025-10-19 01:50:55.863	\N	2025-10-14 08:34:57.199	\N	2025-10-14 01:50:55.871771	2025-10-14 08:34:57.202725	\N	\N	\N	\N	\N	\N
7740	1	1	2	0	2	2	BO3	regular_season	6	30	completed	2025-10-19 01:50:55.863	\N	2025-10-14 08:34:57.211	\N	2025-10-14 01:50:55.871771	2025-10-14 08:34:57.214772	\N	\N	\N	\N	\N	\N
7739	1	9	3	0	2	3	BO3	regular_season	6	29	completed	2025-10-19 01:50:55.863	\N	2025-10-14 08:34:57.223	\N	2025-10-14 01:50:55.871771	2025-10-14 08:34:57.225326	\N	\N	\N	\N	\N	\N
7835	1	12	13	0	2	13	BO3	regular_season	7	125	completed	2025-10-20 01:50:55.864	\N	2025-10-14 08:35:02.316	\N	2025-10-14 01:50:55.871771	2025-10-14 08:35:02.318976	\N	\N	\N	\N	\N	\N
7833	1	19	15	0	2	15	BO3	regular_season	7	123	completed	2025-10-20 01:50:55.864	\N	2025-10-14 08:35:02.324	\N	2025-10-14 01:50:55.871771	2025-10-14 08:35:02.328429	\N	\N	\N	\N	\N	\N
7832	1	18	16	2	1	18	BO3	regular_season	7	122	completed	2025-10-20 01:50:55.864	\N	2025-10-14 08:35:02.336	\N	2025-10-14 01:50:55.871771	2025-10-14 08:35:02.33966	\N	\N	\N	\N	\N	\N
7831	1	17	20	0	2	20	BO3	regular_season	7	121	completed	2025-10-20 01:50:55.864	\N	2025-10-14 08:35:02.346	\N	2025-10-14 01:50:55.871771	2025-10-14 08:35:02.3485	\N	\N	\N	\N	\N	\N
7834	1	11	14	1	2	14	BO3	regular_season	7	124	completed	2025-10-20 01:50:55.864	\N	2025-10-14 08:35:02.352	\N	2025-10-14 01:50:55.871771	2025-10-14 08:35:02.354542	\N	\N	\N	\N	\N	\N
7741	1	7	10	0	2	10	BO3	regular_season	7	31	completed	2025-10-20 01:50:55.863	\N	2025-10-14 08:35:02.358	\N	2025-10-14 01:50:55.871771	2025-10-14 08:35:02.361317	\N	\N	\N	\N	\N	\N
7742	1	8	6	2	0	8	BO3	regular_season	7	32	completed	2025-10-20 01:50:55.863	\N	2025-10-14 08:35:02.373	\N	2025-10-14 01:50:55.871771	2025-10-14 08:35:02.375118	\N	\N	\N	\N	\N	\N
7837	1	19	17	2	0	19	BO3	regular_season	8	127	completed	2025-10-21 01:50:55.864	\N	2025-10-14 08:35:10.157	\N	2025-10-14 01:50:55.871771	2025-10-14 08:35:10.159895	\N	\N	\N	\N	\N	\N
7836	1	18	20	2	1	18	BO3	regular_season	8	126	completed	2025-10-21 01:50:55.864	\N	2025-10-14 08:35:10.164	\N	2025-10-14 01:50:55.871771	2025-10-14 08:35:10.166184	\N	\N	\N	\N	\N	\N
7806	1	12	20	2	0	12	BO3	regular_season	2	96	completed	2025-10-15 01:50:55.864	\N	2025-10-14 02:24:50.668	\N	2025-10-14 01:50:55.871771	2025-10-14 02:24:50.672553	\N	\N	\N	\N	\N	\N
7858	1	11	15	0	2	15	BO3	regular_season	12	148	completed	2025-10-25 01:50:55.865	\N	2025-10-14 08:35:35.228	\N	2025-10-14 01:50:55.871771	2025-10-14 08:35:35.230159	\N	\N	\N	\N	\N	\N
7857	1	12	14	2	1	12	BO3	regular_season	12	147	completed	2025-10-25 01:50:55.865	\N	2025-10-14 08:35:35.236	\N	2025-10-14 01:50:55.871771	2025-10-14 08:35:35.240765	\N	\N	\N	\N	\N	\N
7856	1	20	13	0	2	13	BO3	regular_season	12	146	completed	2025-10-25 01:50:55.865	\N	2025-10-14 08:35:35.25	\N	2025-10-14 01:50:55.871771	2025-10-14 08:35:35.252789	\N	\N	\N	\N	\N	\N
7860	1	18	17	0	2	17	BO3	regular_season	12	150	completed	2025-10-25 01:50:55.865	\N	2025-10-14 08:35:35.308	\N	2025-10-14 01:50:55.871771	2025-10-14 08:35:35.310051	\N	\N	\N	\N	\N	\N
7859	1	19	16	2	1	19	BO3	regular_season	12	149	completed	2025-10-25 01:50:55.865	\N	2025-10-14 08:35:35.316	\N	2025-10-14 01:50:55.871771	2025-10-14 08:35:35.318155	\N	\N	\N	\N	\N	\N
7863	1	12	16	2	0	12	BO3	regular_season	13	153	completed	2025-10-26 01:50:55.865	\N	2025-10-14 08:35:38.652	\N	2025-10-14 01:50:55.871771	2025-10-14 08:35:38.656104	\N	\N	\N	\N	\N	\N
7861	1	20	14	0	2	14	BO3	regular_season	13	151	completed	2025-10-26 01:50:55.865	\N	2025-10-14 08:35:38.661	\N	2025-10-14 01:50:55.871771	2025-10-14 08:35:38.664759	\N	\N	\N	\N	\N	\N
7864	1	11	17	1	2	17	BO3	regular_season	13	154	completed	2025-10-26 01:50:55.865	\N	2025-10-14 08:35:38.773	\N	2025-10-14 01:50:55.871771	2025-10-14 08:35:38.774979	\N	\N	\N	\N	\N	\N
7870	1	11	19	2	1	11	BO3	regular_season	14	160	completed	2025-10-27 01:50:55.865	\N	2025-10-14 08:35:43.982	\N	2025-10-14 01:50:55.871771	2025-10-14 08:35:43.984366	\N	\N	\N	\N	\N	\N
7869	1	12	18	2	0	12	BO3	regular_season	14	159	completed	2025-10-27 01:50:55.865	\N	2025-10-14 08:35:43.99	\N	2025-10-14 01:50:55.871771	2025-10-14 08:35:43.991637	\N	\N	\N	\N	\N	\N
7868	1	13	17	2	0	13	BO3	regular_season	14	158	completed	2025-10-27 01:50:55.865	\N	2025-10-14 08:35:43.996	\N	2025-10-14 01:50:55.871771	2025-10-14 08:35:43.998536	\N	\N	\N	\N	\N	\N
7867	1	14	16	2	0	14	BO3	regular_season	14	157	completed	2025-10-27 01:50:55.865	\N	2025-10-14 08:35:44.003	\N	2025-10-14 01:50:55.871771	2025-10-14 08:35:44.007197	\N	\N	\N	\N	\N	\N
7866	1	20	15	1	2	15	BO3	regular_season	14	156	completed	2025-10-27 01:50:55.865	\N	2025-10-14 08:35:44.012	\N	2025-10-14 01:50:55.871771	2025-10-14 08:35:44.015934	\N	\N	\N	\N	\N	\N
7873	1	14	18	0	2	18	BO3	regular_season	15	163	completed	2025-10-28 01:50:55.865	\N	2025-10-14 08:35:48.072	\N	2025-10-14 01:50:55.871771	2025-10-14 08:35:48.075788	\N	\N	\N	\N	\N	\N
7874	1	13	19	2	0	13	BO3	regular_season	15	164	completed	2025-10-28 01:50:55.865	\N	2025-10-14 08:35:48.08	\N	2025-10-14 01:50:55.871771	2025-10-14 08:35:48.082935	\N	\N	\N	\N	\N	\N
7871	1	20	16	1	2	16	BO3	regular_season	15	161	completed	2025-10-28 01:50:55.865	\N	2025-10-14 08:35:48.1	\N	2025-10-14 01:50:55.871771	2025-10-14 08:35:48.104067	\N	\N	\N	\N	\N	\N
7872	1	15	17	2	1	15	BO3	regular_season	15	162	completed	2025-10-28 01:50:55.865	\N	2025-10-14 08:35:48.208	\N	2025-10-14 01:50:55.871771	2025-10-14 08:35:48.213342	\N	\N	\N	\N	\N	\N
7877	1	16	18	2	0	16	BO3	regular_season	16	167	completed	2025-10-29 01:50:55.865	\N	2025-10-14 08:35:53.436	\N	2025-10-14 01:50:55.871771	2025-10-14 08:35:53.44199	\N	\N	\N	\N	\N	\N
7878	1	15	19	2	1	15	BO3	regular_season	16	168	completed	2025-10-29 01:50:55.865	\N	2025-10-14 08:35:53.447	\N	2025-10-14 01:50:55.871771	2025-10-14 08:35:53.449341	\N	\N	\N	\N	\N	\N
9159	21	5	8	0	0	\N	BO3	regular_season	2	9	scheduled	2025-10-15 15:14:00.631	\N	\N	\N	2025-10-14 15:14:00.640225	2025-10-14 15:14:00.640225	\N	\N	\N	\N	\N	\N
7879	1	14	11	1	2	11	BO3	regular_season	16	169	completed	2025-10-29 01:50:55.865	\N	2025-10-14 08:35:53.457	\N	2025-10-14 01:50:55.871771	2025-10-14 08:35:53.459445	\N	\N	\N	\N	\N	\N
7876	1	20	17	0	2	17	BO3	regular_season	16	166	completed	2025-10-29 01:50:55.865	\N	2025-10-14 08:35:53.566	\N	2025-10-14 01:50:55.871771	2025-10-14 08:35:53.569641	\N	\N	\N	\N	\N	\N
7717	1	3	1	0	2	1	BO3	regular_season	2	7	completed	2025-10-15 01:50:55.863	\N	2025-10-14 02:24:50.731	\N	2025-10-14 01:50:55.871771	2025-10-14 02:24:50.733825	\N	\N	\N	\N	\N	\N
7718	1	4	9	1	2	9	BO3	regular_season	2	8	completed	2025-10-15 01:50:55.863	\N	2025-10-14 02:24:50.737	\N	2025-10-14 01:50:55.871771	2025-10-14 02:24:50.739652	\N	\N	\N	\N	\N	\N
7720	1	6	7	2	0	6	BO3	regular_season	2	10	completed	2025-10-15 01:50:55.863	\N	2025-10-14 02:24:50.743	\N	2025-10-14 01:50:55.871771	2025-10-14 02:24:50.745405	\N	\N	\N	\N	\N	\N
7719	1	5	8	1	2	8	BO3	regular_season	2	9	completed	2025-10-15 01:50:55.863	\N	2025-10-14 02:24:50.749	\N	2025-10-14 01:50:55.871771	2025-10-14 02:24:50.750993	\N	\N	\N	\N	\N	\N
7814	1	16	19	2	0	16	BO3	regular_season	3	104	completed	2025-10-16 01:50:55.864	\N	2025-10-14 02:25:33.885	\N	2025-10-14 01:50:55.871771	2025-10-14 02:25:33.886891	\N	\N	\N	\N	\N	\N
7815	1	17	18	0	2	18	BO3	regular_season	3	105	completed	2025-10-16 01:50:55.864	\N	2025-10-14 02:25:33.892	\N	2025-10-14 01:50:55.871771	2025-10-14 02:25:33.894818	\N	\N	\N	\N	\N	\N
7820	1	18	19	2	1	18	BO3	regular_season	4	110	completed	2025-10-17 01:50:55.864	\N	2025-10-14 08:34:12.736	\N	2025-10-14 01:50:55.871771	2025-10-14 08:34:12.740874	\N	\N	\N	\N	\N	\N
7818	1	16	12	2	0	16	BO3	regular_season	4	108	completed	2025-10-17 01:50:55.864	\N	2025-10-14 08:34:12.747	\N	2025-10-14 01:50:55.871771	2025-10-14 08:34:12.754204	\N	\N	\N	\N	\N	\N
7816	1	14	20	2	1	14	BO3	regular_season	4	106	completed	2025-10-17 01:50:55.864	\N	2025-10-14 08:34:12.758	\N	2025-10-14 01:50:55.871771	2025-10-14 08:34:12.760072	\N	\N	\N	\N	\N	\N
7819	1	17	11	0	2	11	BO3	regular_season	4	109	completed	2025-10-17 01:50:55.864	\N	2025-10-14 08:34:12.763	\N	2025-10-14 01:50:55.871771	2025-10-14 08:34:12.766262	\N	\N	\N	\N	\N	\N
7825	1	19	11	1	2	11	BO3	regular_season	5	115	completed	2025-10-18 01:50:55.864	\N	2025-10-14 08:34:51.103	\N	2025-10-14 01:50:55.871771	2025-10-14 08:34:51.105686	\N	\N	\N	\N	\N	\N
7823	1	17	13	1	2	13	BO3	regular_season	5	113	completed	2025-10-18 01:50:55.864	\N	2025-10-14 08:34:51.111	\N	2025-10-14 01:50:55.871771	2025-10-14 08:34:51.113206	\N	\N	\N	\N	\N	\N
7821	1	15	20	2	0	15	BO3	regular_season	5	111	completed	2025-10-18 01:50:55.864	\N	2025-10-14 08:34:51.119	\N	2025-10-14 01:50:55.871771	2025-10-14 08:34:51.123106	\N	\N	\N	\N	\N	\N
7830	1	11	12	2	1	11	BO3	regular_season	6	120	completed	2025-10-19 01:50:55.864	\N	2025-10-14 08:34:57.129	\N	2025-10-14 01:50:55.871771	2025-10-14 08:34:57.134006	\N	\N	\N	\N	\N	\N
7829	1	19	13	2	1	19	BO3	regular_season	6	119	completed	2025-10-19 01:50:55.864	\N	2025-10-14 08:34:57.141	\N	2025-10-14 01:50:55.871771	2025-10-14 08:34:57.143811	\N	\N	\N	\N	\N	\N
7827	1	17	15	1	2	15	BO3	regular_season	6	117	completed	2025-10-19 01:50:55.864	\N	2025-10-14 08:34:57.152	\N	2025-10-14 01:50:55.871771	2025-10-14 08:34:57.153912	\N	\N	\N	\N	\N	\N
7828	1	18	14	0	2	14	BO3	regular_season	6	118	completed	2025-10-19 01:50:55.864	\N	2025-10-14 08:34:57.17	\N	2025-10-14 01:50:55.871771	2025-10-14 08:34:57.173695	\N	\N	\N	\N	\N	\N
7743	1	9	5	0	2	5	BO3	regular_season	7	33	completed	2025-10-20 01:50:55.863	\N	2025-10-14 08:35:02.365	\N	2025-10-14 01:50:55.871771	2025-10-14 08:35:02.368752	\N	\N	\N	\N	\N	\N
7744	1	1	4	2	0	1	BO3	regular_season	7	34	completed	2025-10-20 01:50:55.863	\N	2025-10-14 08:35:02.38	\N	2025-10-14 01:50:55.871771	2025-10-14 08:35:02.382336	\N	\N	\N	\N	\N	\N
7839	1	12	15	2	1	12	BO3	regular_season	8	129	completed	2025-10-21 01:50:55.864	\N	2025-10-14 08:35:10.144	\N	2025-10-14 01:50:55.871771	2025-10-14 08:35:10.146435	\N	\N	\N	\N	\N	\N
7838	1	11	16	2	1	11	BO3	regular_season	8	128	completed	2025-10-21 01:50:55.864	\N	2025-10-14 08:35:10.151	\N	2025-10-14 01:50:55.871771	2025-10-14 08:35:10.153431	\N	\N	\N	\N	\N	\N
7840	1	13	14	1	2	14	BO3	regular_season	8	130	completed	2025-10-21 01:50:55.864	\N	2025-10-14 08:35:10.171	\N	2025-10-14 01:50:55.871771	2025-10-14 08:35:10.172868	\N	\N	\N	\N	\N	\N
7845	1	14	15	2	0	14	BO3	regular_season	9	135	completed	2025-10-22 01:50:55.864	\N	2025-10-14 08:35:23.976	\N	2025-10-14 01:50:55.871771	2025-10-14 08:35:23.977979	\N	\N	\N	\N	\N	\N
7844	1	13	16	2	0	13	BO3	regular_season	9	134	completed	2025-10-22 01:50:55.864	\N	2025-10-14 08:35:23.982	\N	2025-10-14 01:50:55.871771	2025-10-14 08:35:23.984344	\N	\N	\N	\N	\N	\N
7843	1	12	17	2	1	12	BO3	regular_season	9	133	completed	2025-10-22 01:50:55.864	\N	2025-10-14 08:35:23.989	\N	2025-10-14 01:50:55.871771	2025-10-14 08:35:23.991726	\N	\N	\N	\N	\N	\N
7842	1	11	18	2	0	11	BO3	regular_season	9	132	completed	2025-10-22 01:50:55.864	\N	2025-10-14 08:35:23.996	\N	2025-10-14 01:50:55.871771	2025-10-14 08:35:23.999157	\N	\N	\N	\N	\N	\N
7850	1	16	15	0	2	15	BO3	regular_season	10	140	completed	2025-10-23 01:50:55.864	\N	2025-10-14 08:35:27.167	\N	2025-10-14 01:50:55.871771	2025-10-14 08:35:27.169288	\N	\N	\N	\N	\N	\N
7847	1	19	12	1	2	12	BO3	regular_season	10	137	completed	2025-10-23 01:50:55.864	\N	2025-10-14 08:35:27.173	\N	2025-10-14 01:50:55.871771	2025-10-14 08:35:27.176623	\N	\N	\N	\N	\N	\N
7849	1	17	14	1	2	14	BO3	regular_season	10	139	completed	2025-10-23 01:50:55.864	\N	2025-10-14 08:35:27.195	\N	2025-10-14 01:50:55.871771	2025-10-14 08:35:27.197832	\N	\N	\N	\N	\N	\N
7846	1	20	11	0	2	11	BO3	regular_season	10	136	completed	2025-10-23 01:50:55.864	\N	2025-10-14 08:35:27.203	\N	2025-10-14 01:50:55.871771	2025-10-14 08:35:27.205367	\N	\N	\N	\N	\N	\N
7855	1	17	16	2	0	17	BO3	regular_season	11	145	completed	2025-10-24 01:50:55.865	\N	2025-10-14 08:35:30.719	\N	2025-10-14 01:50:55.871771	2025-10-14 08:35:30.721525	\N	\N	\N	\N	\N	\N
7854	1	18	15	0	2	15	BO3	regular_season	11	144	completed	2025-10-24 01:50:55.864	\N	2025-10-14 08:35:30.726	\N	2025-10-14 01:50:55.871771	2025-10-14 08:35:30.729205	\N	\N	\N	\N	\N	\N
7853	1	19	14	0	2	14	BO3	regular_season	11	143	completed	2025-10-24 01:50:55.864	\N	2025-10-14 08:35:30.732	\N	2025-10-14 01:50:55.871771	2025-10-14 08:35:30.735928	\N	\N	\N	\N	\N	\N
7852	1	11	13	1	2	13	BO3	regular_season	11	142	completed	2025-10-24 01:50:55.864	\N	2025-10-14 08:35:30.741	\N	2025-10-14 01:50:55.871771	2025-10-14 08:35:30.74761	\N	\N	\N	\N	\N	\N
7901	1	23	30	2	0	23	BO3	regular_season	3	191	completed	2025-10-16 01:50:55.865	\N	2025-10-14 02:25:33.729	\N	2025-10-14 01:50:55.871771	2025-10-14 02:25:33.737033	\N	\N	\N	\N	\N	\N
7946	1	30	23	0	2	23	BO3	regular_season	12	236	completed	2025-10-25 01:50:55.865	\N	2025-10-14 08:35:35.328	\N	2025-10-14 01:50:55.871771	2025-10-14 08:35:35.331437	\N	\N	\N	\N	\N	\N
7948	1	21	25	2	0	21	BO3	regular_season	12	238	completed	2025-10-25 01:50:55.865	\N	2025-10-14 08:35:35.337	\N	2025-10-14 01:50:55.871771	2025-10-14 08:35:35.341523	\N	\N	\N	\N	\N	\N
7949	1	29	26	0	2	26	BO3	regular_season	12	239	completed	2025-10-25 01:50:55.865	\N	2025-10-14 08:35:35.355	\N	2025-10-14 01:50:55.871771	2025-10-14 08:35:35.357476	\N	\N	\N	\N	\N	\N
7951	1	30	24	0	2	24	BO3	regular_season	13	241	completed	2025-10-26 01:50:55.865	\N	2025-10-14 08:35:38.671	\N	2025-10-14 01:50:55.871771	2025-10-14 08:35:38.678969	\N	\N	\N	\N	\N	\N
7952	1	23	25	2	0	23	BO3	regular_season	13	242	completed	2025-10-26 01:50:55.865	\N	2025-10-14 08:35:38.688	\N	2025-10-14 01:50:55.871771	2025-10-14 08:35:38.690965	\N	\N	\N	\N	\N	\N
9160	21	6	7	0	0	\N	BO3	regular_season	2	10	scheduled	2025-10-15 15:14:00.631	\N	\N	\N	2025-10-14 15:14:00.640225	2025-10-14 15:14:00.640225	\N	\N	\N	\N	\N	\N
7880	1	13	12	0	2	12	BO3	regular_season	16	170	completed	2025-10-29 01:50:55.865	\N	2025-10-14 08:35:53.473	\N	2025-10-14 01:50:55.871771	2025-10-14 08:35:53.476419	\N	\N	\N	\N	\N	\N
7882	1	17	19	0	2	19	BO3	regular_season	17	172	completed	2025-10-30 01:50:55.865	\N	2025-10-14 08:36:00.756	\N	2025-10-14 01:50:55.871771	2025-10-14 08:36:00.761562	\N	\N	\N	\N	\N	\N
7881	1	20	18	2	1	20	BO3	regular_season	17	171	completed	2025-10-30 01:50:55.865	\N	2025-10-14 08:36:00.8	\N	2025-10-14 01:50:55.871771	2025-10-14 08:36:00.804732	\N	\N	\N	\N	\N	\N
7884	1	15	12	1	2	12	BO3	regular_season	17	174	completed	2025-10-30 01:50:55.865	\N	2025-10-14 08:36:00.839	\N	2025-10-14 01:50:55.871771	2025-10-14 08:36:00.841899	\N	\N	\N	\N	\N	\N
7885	1	14	13	2	0	14	BO3	regular_season	17	175	completed	2025-10-30 01:50:55.865	\N	2025-10-14 08:36:00.849	\N	2025-10-14 01:50:55.871771	2025-10-14 08:36:00.852379	\N	\N	\N	\N	\N	\N
7886	1	20	19	1	2	19	BO3	regular_season	18	176	completed	2025-10-31 01:50:55.865	\N	2025-10-14 08:36:03.639	\N	2025-10-14 01:50:55.871771	2025-10-14 08:36:03.64114	\N	\N	\N	\N	\N	\N
7887	1	18	11	2	1	18	BO3	regular_season	18	177	completed	2025-10-31 01:50:55.865	\N	2025-10-14 08:36:03.644	\N	2025-10-14 01:50:55.871771	2025-10-14 08:36:03.64642	\N	\N	\N	\N	\N	\N
7888	1	17	12	1	2	12	BO3	regular_season	18	178	completed	2025-10-31 01:50:55.865	\N	2025-10-14 08:36:03.653	\N	2025-10-14 01:50:55.871771	2025-10-14 08:36:03.654851	\N	\N	\N	\N	\N	\N
7889	1	16	13	2	1	16	BO3	regular_season	18	179	completed	2025-10-31 01:50:55.865	\N	2025-10-14 08:36:03.659	\N	2025-10-14 01:50:55.871771	2025-10-14 08:36:03.660615	\N	\N	\N	\N	\N	\N
7890	1	15	14	0	2	14	BO3	regular_season	18	180	completed	2025-10-31 01:50:55.865	\N	2025-10-14 08:36:03.663	\N	2025-10-14 01:50:55.871771	2025-10-14 08:36:03.66637	\N	\N	\N	\N	\N	\N
7903	1	25	21	0	2	21	BO3	regular_season	3	193	completed	2025-10-16 01:50:55.865	\N	2025-10-14 02:25:33.766	\N	2025-10-14 01:50:55.871771	2025-10-14 02:25:33.770562	\N	\N	\N	\N	\N	\N
7905	1	27	28	2	0	27	BO3	regular_season	3	195	completed	2025-10-16 01:50:55.865	\N	2025-10-14 02:25:33.793	\N	2025-10-14 01:50:55.871771	2025-10-14 02:25:33.796062	\N	\N	\N	\N	\N	\N
7904	1	26	29	2	0	26	BO3	regular_season	3	194	completed	2025-10-16 01:50:55.865	\N	2025-10-14 02:25:33.803	\N	2025-10-14 01:50:55.871771	2025-10-14 02:25:33.805547	\N	\N	\N	\N	\N	\N
7902	1	24	22	0	2	22	BO3	regular_season	3	192	completed	2025-10-16 01:50:55.865	\N	2025-10-14 02:25:33.812	\N	2025-10-14 01:50:55.871771	2025-10-14 02:25:33.815168	\N	\N	\N	\N	\N	\N
7917	1	27	25	0	2	25	BO3	regular_season	6	207	completed	2025-10-19 01:50:55.865	\N	2025-10-14 08:34:57.082	\N	2025-10-14 01:50:55.871771	2025-10-14 08:34:57.084687	\N	\N	\N	\N	\N	\N
7918	1	28	24	2	0	28	BO3	regular_season	6	208	completed	2025-10-19 01:50:55.865	\N	2025-10-14 08:34:57.09	\N	2025-10-14 01:50:55.871771	2025-10-14 08:34:57.092567	\N	\N	\N	\N	\N	\N
7916	1	26	30	2	0	26	BO3	regular_season	6	206	completed	2025-10-19 01:50:55.865	\N	2025-10-14 08:34:57.101	\N	2025-10-14 01:50:55.871771	2025-10-14 08:34:57.103782	\N	\N	\N	\N	\N	\N
7919	1	29	23	1	2	23	BO3	regular_season	6	209	completed	2025-10-19 01:50:55.865	\N	2025-10-14 08:34:57.111	\N	2025-10-14 01:50:55.871771	2025-10-14 08:34:57.1178	\N	\N	\N	\N	\N	\N
7920	1	21	22	2	1	21	BO3	regular_season	6	210	completed	2025-10-19 01:50:55.865	\N	2025-10-14 08:34:57.123	\N	2025-10-14 01:50:55.871771	2025-10-14 08:34:57.125167	\N	\N	\N	\N	\N	\N
7925	1	22	23	2	0	22	BO3	regular_season	7	215	completed	2025-10-20 01:50:55.865	\N	2025-10-14 08:35:02.262	\N	2025-10-14 01:50:55.871771	2025-10-14 08:35:02.265511	\N	\N	\N	\N	\N	\N
7921	1	27	30	1	2	30	BO3	regular_season	7	211	completed	2025-10-20 01:50:55.865	\N	2025-10-14 08:35:02.282	\N	2025-10-14 01:50:55.871771	2025-10-14 08:35:02.288516	\N	\N	\N	\N	\N	\N
7923	1	29	25	1	2	25	BO3	regular_season	7	213	completed	2025-10-20 01:50:55.865	\N	2025-10-14 08:35:02.293	\N	2025-10-14 01:50:55.871771	2025-10-14 08:35:02.295573	\N	\N	\N	\N	\N	\N
7924	1	21	24	2	1	21	BO3	regular_season	7	214	completed	2025-10-20 01:50:55.865	\N	2025-10-14 08:35:02.299	\N	2025-10-14 01:50:55.871771	2025-10-14 08:35:02.302622	\N	\N	\N	\N	\N	\N
7745	1	2	3	2	0	2	BO3	regular_season	7	35	completed	2025-10-20 01:50:55.863	\N	2025-10-14 08:35:02.387	\N	2025-10-14 01:50:55.871771	2025-10-14 08:35:02.390234	\N	\N	\N	\N	\N	\N
7929	1	22	25	2	0	22	BO3	regular_season	8	219	completed	2025-10-21 01:50:55.865	\N	2025-10-14 08:35:10.081	\N	2025-10-14 01:50:55.871771	2025-10-14 08:35:10.083468	\N	\N	\N	\N	\N	\N
7930	1	23	24	2	1	23	BO3	regular_season	8	220	completed	2025-10-21 01:50:55.865	\N	2025-10-14 08:35:10.089	\N	2025-10-14 01:50:55.871771	2025-10-14 08:35:10.091328	\N	\N	\N	\N	\N	\N
7927	1	29	27	1	2	27	BO3	regular_season	8	217	completed	2025-10-21 01:50:55.865	\N	2025-10-14 08:35:10.129	\N	2025-10-14 01:50:55.871771	2025-10-14 08:35:10.131778	\N	\N	\N	\N	\N	\N
7928	1	21	26	2	1	21	BO3	regular_season	8	218	completed	2025-10-21 01:50:55.865	\N	2025-10-14 08:35:10.137	\N	2025-10-14 01:50:55.871771	2025-10-14 08:35:10.139497	\N	\N	\N	\N	\N	\N
7748	1	1	6	1	2	6	BO3	regular_season	8	38	completed	2025-10-21 01:50:55.863	\N	2025-10-14 08:35:10.179	\N	2025-10-14 01:50:55.871771	2025-10-14 08:35:10.181563	\N	\N	\N	\N	\N	\N
7750	1	3	4	0	2	4	BO3	regular_season	8	40	completed	2025-10-21 01:50:55.863	\N	2025-10-14 08:35:10.187	\N	2025-10-14 01:50:55.871771	2025-10-14 08:35:10.189578	\N	\N	\N	\N	\N	\N
7746	1	8	10	2	1	8	BO3	regular_season	8	36	completed	2025-10-21 01:50:55.863	\N	2025-10-14 08:35:10.195	\N	2025-10-14 01:50:55.871771	2025-10-14 08:35:10.19703	\N	\N	\N	\N	\N	\N
7747	1	9	7	1	2	7	BO3	regular_season	8	37	completed	2025-10-21 01:50:55.863	\N	2025-10-14 08:35:10.202	\N	2025-10-14 01:50:55.871771	2025-10-14 08:35:10.204732	\N	\N	\N	\N	\N	\N
7935	1	24	25	2	0	24	BO3	regular_season	9	225	completed	2025-10-22 01:50:55.865	\N	2025-10-14 08:35:23.904	\N	2025-10-14 01:50:55.871771	2025-10-14 08:35:23.908308	\N	\N	\N	\N	\N	\N
7934	1	23	26	2	0	23	BO3	regular_season	9	224	completed	2025-10-22 01:50:55.865	\N	2025-10-14 08:35:23.915	\N	2025-10-14 01:50:55.871771	2025-10-14 08:35:23.917339	\N	\N	\N	\N	\N	\N
7933	1	22	27	2	0	22	BO3	regular_season	9	223	completed	2025-10-22 01:50:55.865	\N	2025-10-14 08:35:23.922	\N	2025-10-14 01:50:55.871771	2025-10-14 08:35:23.925252	\N	\N	\N	\N	\N	\N
7932	1	21	28	2	0	21	BO3	regular_season	9	222	completed	2025-10-22 01:50:55.865	\N	2025-10-14 08:35:23.932	\N	2025-10-14 01:50:55.871771	2025-10-14 08:35:23.934574	\N	\N	\N	\N	\N	\N
7931	1	29	30	0	2	30	BO3	regular_season	9	221	completed	2025-10-22 01:50:55.865	\N	2025-10-14 08:35:23.939	\N	2025-10-14 01:50:55.871771	2025-10-14 08:35:23.942376	\N	\N	\N	\N	\N	\N
7753	1	2	7	2	0	2	BO3	regular_season	9	43	completed	2025-10-22 01:50:55.863	\N	2025-10-14 08:35:24.003	\N	2025-10-14 01:50:55.871771	2025-10-14 08:35:24.0057	\N	\N	\N	\N	\N	\N
7751	1	9	10	1	2	10	BO3	regular_season	9	41	completed	2025-10-22 01:50:55.863	\N	2025-10-14 08:35:24.017	\N	2025-10-14 01:50:55.871771	2025-10-14 08:35:24.019044	\N	\N	\N	\N	\N	\N
7752	1	1	8	2	1	1	BO3	regular_season	9	42	completed	2025-10-22 01:50:55.863	\N	2025-10-14 08:35:24.024	\N	2025-10-14 01:50:55.871771	2025-10-14 08:35:24.025812	\N	\N	\N	\N	\N	\N
7754	1	3	6	2	0	3	BO3	regular_season	9	44	completed	2025-10-22 01:50:55.863	\N	2025-10-14 08:35:24.031	\N	2025-10-14 01:50:55.871771	2025-10-14 08:35:24.0329	\N	\N	\N	\N	\N	\N
7936	1	30	21	0	2	21	BO3	regular_season	10	226	completed	2025-10-23 01:50:55.865	\N	2025-10-14 08:35:27.089	\N	2025-10-14 01:50:55.871771	2025-10-14 08:35:27.09139	\N	\N	\N	\N	\N	\N
7937	1	29	22	1	2	22	BO3	regular_season	10	227	completed	2025-10-23 01:50:55.865	\N	2025-10-14 08:35:27.1	\N	2025-10-14 01:50:55.871771	2025-10-14 08:35:27.103133	\N	\N	\N	\N	\N	\N
7938	1	28	23	2	0	28	BO3	regular_season	10	228	completed	2025-10-23 01:50:55.865	\N	2025-10-14 08:35:27.108	\N	2025-10-14 01:50:55.871771	2025-10-14 08:35:27.119671	\N	\N	\N	\N	\N	\N
7940	1	26	25	2	1	26	BO3	regular_season	10	230	completed	2025-10-23 01:50:55.865	\N	2025-10-14 08:35:27.132	\N	2025-10-14 01:50:55.871771	2025-10-14 08:35:27.135791	\N	\N	\N	\N	\N	\N
7945	1	27	26	2	1	27	BO3	regular_season	11	235	completed	2025-10-24 01:50:55.865	\N	2025-10-14 08:35:30.636	\N	2025-10-14 01:50:55.871771	2025-10-14 08:35:30.638642	\N	\N	\N	\N	\N	\N
7944	1	28	25	0	2	25	BO3	regular_season	11	234	completed	2025-10-24 01:50:55.865	\N	2025-10-14 08:35:30.644	\N	2025-10-14 01:50:55.871771	2025-10-14 08:35:30.647046	\N	\N	\N	\N	\N	\N
7943	1	29	24	1	2	24	BO3	regular_season	11	233	completed	2025-10-24 01:50:55.865	\N	2025-10-14 08:35:30.651	\N	2025-10-14 01:50:55.871771	2025-10-14 08:35:30.653835	\N	\N	\N	\N	\N	\N
7942	1	21	23	0	2	23	BO3	regular_season	11	232	completed	2025-10-24 01:50:55.865	\N	2025-10-14 08:35:30.657	\N	2025-10-14 01:50:55.871771	2025-10-14 08:35:30.661408	\N	\N	\N	\N	\N	\N
7941	1	30	22	2	0	30	BO3	regular_season	11	231	completed	2025-10-24 01:50:55.865	\N	2025-10-14 08:35:30.666	\N	2025-10-14 01:50:55.871771	2025-10-14 08:35:30.670665	\N	\N	\N	\N	\N	\N
9161	21	3	10	0	0	\N	BO3	regular_season	3	11	scheduled	2025-10-16 15:14:00.631	\N	\N	\N	2025-10-14 15:14:00.640225	2025-10-14 15:14:00.640225	\N	\N	\N	\N	\N	\N
7947	1	22	24	2	1	22	BO3	regular_season	12	237	completed	2025-10-25 01:50:55.865	\N	2025-10-14 08:35:35.27	\N	2025-10-14 01:50:55.871771	2025-10-14 08:35:35.273009	\N	\N	\N	\N	\N	\N
7767	1	2	4	2	1	2	BO3	regular_season	12	57	completed	2025-10-25 01:50:55.863	\N	2025-10-14 08:35:35.362	\N	2025-10-14 01:50:55.871771	2025-10-14 08:35:35.366533	\N	\N	\N	\N	\N	\N
7766	1	10	3	1	2	3	BO3	regular_season	12	56	completed	2025-10-25 01:50:55.863	\N	2025-10-14 08:35:35.375	\N	2025-10-14 01:50:55.871771	2025-10-14 08:35:35.378128	\N	\N	\N	\N	\N	\N
7770	1	8	7	0	2	7	BO3	regular_season	12	60	completed	2025-10-25 01:50:55.863	\N	2025-10-14 08:35:35.387	\N	2025-10-14 01:50:55.871771	2025-10-14 08:35:35.40094	\N	\N	\N	\N	\N	\N
7769	1	9	6	2	0	9	BO3	regular_season	12	59	completed	2025-10-25 01:50:55.863	\N	2025-10-14 08:35:35.412	\N	2025-10-14 01:50:55.871771	2025-10-14 08:35:35.415301	\N	\N	\N	\N	\N	\N
7768	1	1	5	2	1	1	BO3	regular_season	12	58	completed	2025-10-25 01:50:55.863	\N	2025-10-14 08:35:35.419	\N	2025-10-14 01:50:55.871771	2025-10-14 08:35:35.42148	\N	\N	\N	\N	\N	\N
7953	1	22	26	2	0	22	BO3	regular_season	13	243	completed	2025-10-26 01:50:55.865	\N	2025-10-14 08:35:38.701	\N	2025-10-14 01:50:55.871771	2025-10-14 08:35:38.707677	\N	\N	\N	\N	\N	\N
7954	1	21	27	2	0	21	BO3	regular_season	13	244	completed	2025-10-26 01:50:55.865	\N	2025-10-14 08:35:38.711	\N	2025-10-14 01:50:55.871771	2025-10-14 08:35:38.714968	\N	\N	\N	\N	\N	\N
7955	1	29	28	2	0	29	BO3	regular_season	13	245	completed	2025-10-26 01:50:55.865	\N	2025-10-14 08:35:38.72	\N	2025-10-14 01:50:55.871771	2025-10-14 08:35:38.724157	\N	\N	\N	\N	\N	\N
7865	1	19	18	2	1	19	BO3	regular_season	13	155	completed	2025-10-26 01:50:55.865	\N	2025-10-14 08:35:38.768	\N	2025-10-14 01:50:55.871771	2025-10-14 08:35:38.76995	\N	\N	\N	\N	\N	\N
7771	1	10	4	0	2	4	BO3	regular_season	13	61	completed	2025-10-26 01:50:55.863	\N	2025-10-14 08:35:38.786	\N	2025-10-14 01:50:55.871771	2025-10-14 08:35:38.789771	\N	\N	\N	\N	\N	\N
7775	1	9	8	1	2	8	BO3	regular_season	13	65	completed	2025-10-26 01:50:55.863	\N	2025-10-14 08:35:38.795	\N	2025-10-14 01:50:55.871771	2025-10-14 08:35:38.797645	\N	\N	\N	\N	\N	\N
7773	1	2	6	2	0	2	BO3	regular_season	13	63	completed	2025-10-26 01:50:55.863	\N	2025-10-14 08:35:38.817	\N	2025-10-14 01:50:55.871771	2025-10-14 08:35:38.820332	\N	\N	\N	\N	\N	\N
7772	1	3	5	2	0	3	BO3	regular_season	13	62	completed	2025-10-26 01:50:55.863	\N	2025-10-14 08:35:38.827	\N	2025-10-14 01:50:55.871771	2025-10-14 08:35:38.82987	\N	\N	\N	\N	\N	\N
7958	1	23	27	2	1	23	BO3	regular_season	14	248	completed	2025-10-27 01:50:55.865	\N	2025-10-14 08:35:44.035	\N	2025-10-14 01:50:55.871771	2025-10-14 08:35:44.037345	\N	\N	\N	\N	\N	\N
7960	1	21	29	2	0	21	BO3	regular_season	14	250	completed	2025-10-27 01:50:55.865	\N	2025-10-14 08:35:44.042	\N	2025-10-14 01:50:55.871771	2025-10-14 08:35:44.045998	\N	\N	\N	\N	\N	\N
7956	1	30	25	1	2	25	BO3	regular_season	14	246	completed	2025-10-27 01:50:55.865	\N	2025-10-14 08:35:44.074	\N	2025-10-14 01:50:55.871771	2025-10-14 08:35:44.079258	\N	\N	\N	\N	\N	\N
7957	1	24	26	2	0	24	BO3	regular_season	14	247	completed	2025-10-27 01:50:55.865	\N	2025-10-14 08:35:44.085	\N	2025-10-14 01:50:55.871771	2025-10-14 08:35:44.088147	\N	\N	\N	\N	\N	\N
7959	1	22	28	2	1	22	BO3	regular_season	14	249	completed	2025-10-27 01:50:55.865	\N	2025-10-14 08:35:44.094	\N	2025-10-14 01:50:55.871771	2025-10-14 08:35:44.098373	\N	\N	\N	\N	\N	\N
7777	1	4	6	2	0	4	BO3	regular_season	14	67	completed	2025-10-27 01:50:55.863	\N	2025-10-14 08:35:44.106	\N	2025-10-14 01:50:55.871771	2025-10-14 08:35:44.1093	\N	\N	\N	\N	\N	\N
7961	1	30	26	0	2	26	BO3	regular_season	15	251	completed	2025-10-28 01:50:55.865	\N	2025-10-14 08:35:48.122	\N	2025-10-14 01:50:55.871771	2025-10-14 08:35:48.125399	\N	\N	\N	\N	\N	\N
7962	1	25	27	2	0	25	BO3	regular_season	15	252	completed	2025-10-28 01:50:55.865	\N	2025-10-14 08:35:48.14	\N	2025-10-14 01:50:55.871771	2025-10-14 08:35:48.143059	\N	\N	\N	\N	\N	\N
7963	1	24	28	1	2	28	BO3	regular_season	15	253	completed	2025-10-28 01:50:55.865	\N	2025-10-14 08:35:48.15	\N	2025-10-14 01:50:55.871771	2025-10-14 08:35:48.154	\N	\N	\N	\N	\N	\N
7987	1	33	31	0	2	31	BO3	regular_season	2	277	completed	2025-10-15 01:50:55.865	\N	2025-10-14 02:24:50.569	\N	2025-10-14 01:50:55.871771	2025-10-14 02:24:50.572229	\N	\N	\N	\N	\N	\N
7988	1	34	39	2	0	34	BO3	regular_season	2	278	completed	2025-10-15 01:50:55.865	\N	2025-10-14 02:24:50.581	\N	2025-10-14 01:50:55.871771	2025-10-14 02:24:50.583415	\N	\N	\N	\N	\N	\N
7986	1	32	40	2	1	32	BO3	regular_season	2	276	completed	2025-10-15 01:50:55.865	\N	2025-10-14 02:24:50.589	\N	2025-10-14 01:50:55.871771	2025-10-14 02:24:50.591727	\N	\N	\N	\N	\N	\N
7899	1	25	28	2	0	25	BO3	regular_season	2	189	completed	2025-10-15 01:50:55.865	\N	2025-10-14 02:24:50.622	\N	2025-10-14 01:50:55.871771	2025-10-14 02:24:50.625216	\N	\N	\N	\N	\N	\N
7900	1	26	27	2	1	26	BO3	regular_season	2	190	completed	2025-10-15 01:50:55.865	\N	2025-10-14 02:24:50.63	\N	2025-10-14 01:50:55.871771	2025-10-14 02:24:50.63354	\N	\N	\N	\N	\N	\N
7989	1	35	38	1	2	38	BO3	regular_season	2	279	completed	2025-10-15 01:50:55.865	\N	2025-10-14 02:24:50.649	\N	2025-10-14 01:50:55.871771	2025-10-14 02:24:50.659006	\N	\N	\N	\N	\N	\N
7808	1	14	19	1	2	19	BO3	regular_season	2	98	completed	2025-10-15 01:50:55.864	\N	2025-10-14 02:24:50.705	\N	2025-10-14 01:50:55.871771	2025-10-14 02:24:50.707822	\N	\N	\N	\N	\N	\N
7994	1	36	39	2	0	36	BO3	regular_season	3	284	completed	2025-10-16 01:50:55.865	\N	2025-10-14 02:25:33.781	\N	2025-10-14 01:50:55.871771	2025-10-14 02:25:33.785493	\N	\N	\N	\N	\N	\N
7991	1	33	40	2	0	33	BO3	regular_season	3	281	completed	2025-10-16 01:50:55.865	\N	2025-10-14 02:25:33.821	\N	2025-10-14 01:50:55.871771	2025-10-14 02:25:33.823379	\N	\N	\N	\N	\N	\N
7993	1	35	31	1	2	31	BO3	regular_season	3	283	completed	2025-10-16 01:50:55.865	\N	2025-10-14 02:25:33.831	\N	2025-10-14 01:50:55.871771	2025-10-14 02:25:33.834301	\N	\N	\N	\N	\N	\N
7992	1	34	32	2	1	34	BO3	regular_season	3	282	completed	2025-10-16 01:50:55.865	\N	2025-10-14 02:25:33.841	\N	2025-10-14 01:50:55.871771	2025-10-14 02:25:33.845847	\N	\N	\N	\N	\N	\N
7760	1	6	5	2	1	6	BO3	regular_season	10	50	completed	2025-10-23 01:50:55.863	\N	2025-10-14 08:35:27.21	\N	2025-10-14 01:50:55.871771	2025-10-14 08:35:27.213171	\N	\N	\N	\N	\N	\N
7758	1	8	3	1	2	3	BO3	regular_season	10	48	completed	2025-10-23 01:50:55.863	\N	2025-10-14 08:35:27.218	\N	2025-10-14 01:50:55.871771	2025-10-14 08:35:27.220895	\N	\N	\N	\N	\N	\N
7757	1	9	2	0	2	2	BO3	regular_season	10	47	completed	2025-10-23 01:50:55.863	\N	2025-10-14 08:35:27.225	\N	2025-10-14 01:50:55.871771	2025-10-14 08:35:27.22849	\N	\N	\N	\N	\N	\N
7756	1	10	1	1	2	1	BO3	regular_season	10	46	completed	2025-10-23 01:50:55.863	\N	2025-10-14 08:35:27.233	\N	2025-10-14 01:50:55.871771	2025-10-14 08:35:27.236472	\N	\N	\N	\N	\N	\N
7759	1	7	4	1	2	4	BO3	regular_season	10	49	completed	2025-10-23 01:50:55.863	\N	2025-10-14 08:35:27.241	\N	2025-10-14 01:50:55.871771	2025-10-14 08:35:27.244643	\N	\N	\N	\N	\N	\N
7764	1	8	5	0	2	5	BO3	regular_season	11	54	completed	2025-10-24 01:50:55.863	\N	2025-10-14 08:35:30.763	\N	2025-10-14 01:50:55.871771	2025-10-14 08:35:30.766091	\N	\N	\N	\N	\N	\N
7761	1	10	2	0	2	2	BO3	regular_season	11	51	completed	2025-10-24 01:50:55.863	\N	2025-10-14 08:35:30.779	\N	2025-10-14 01:50:55.871771	2025-10-14 08:35:30.781821	\N	\N	\N	\N	\N	\N
7762	1	1	3	2	1	1	BO3	regular_season	11	52	completed	2025-10-24 01:50:55.863	\N	2025-10-14 08:35:30.817	\N	2025-10-14 01:50:55.871771	2025-10-14 08:35:30.820068	\N	\N	\N	\N	\N	\N
7964	1	23	29	0	2	29	BO3	regular_season	15	254	completed	2025-10-28 01:50:55.865	\N	2025-10-14 08:35:48.158	\N	2025-10-14 01:50:55.871771	2025-10-14 08:35:48.161007	\N	\N	\N	\N	\N	\N
7965	1	22	21	2	0	22	BO3	regular_season	15	255	completed	2025-10-28 01:50:55.865	\N	2025-10-14 08:35:48.164	\N	2025-10-14 01:50:55.871771	2025-10-14 08:35:48.167032	\N	\N	\N	\N	\N	\N
7966	1	30	27	2	1	30	BO3	regular_season	16	256	completed	2025-10-29 01:50:55.865	\N	2025-10-14 08:35:53.492	\N	2025-10-14 01:50:55.871771	2025-10-14 08:35:53.496103	\N	\N	\N	\N	\N	\N
7967	1	26	28	2	1	26	BO3	regular_season	16	257	completed	2025-10-29 01:50:55.865	\N	2025-10-14 08:35:53.502	\N	2025-10-14 01:50:55.871771	2025-10-14 08:35:53.504722	\N	\N	\N	\N	\N	\N
7969	1	24	21	2	0	24	BO3	regular_season	16	259	completed	2025-10-29 01:50:55.865	\N	2025-10-14 08:35:53.523	\N	2025-10-14 01:50:55.871771	2025-10-14 08:35:53.525395	\N	\N	\N	\N	\N	\N
7970	1	23	22	1	2	22	BO3	regular_season	16	260	completed	2025-10-29 01:50:55.865	\N	2025-10-14 08:35:53.537	\N	2025-10-14 01:50:55.871771	2025-10-14 08:35:53.542113	\N	\N	\N	\N	\N	\N
7971	1	30	28	2	1	30	BO3	regular_season	17	261	completed	2025-10-30 01:50:55.865	\N	2025-10-14 08:36:00.858	\N	2025-10-14 01:50:55.871771	2025-10-14 08:36:00.85957	\N	\N	\N	\N	\N	\N
7972	1	27	29	2	1	27	BO3	regular_season	17	262	completed	2025-10-30 01:50:55.865	\N	2025-10-14 08:36:00.863	\N	2025-10-14 01:50:55.871771	2025-10-14 08:36:00.865366	\N	\N	\N	\N	\N	\N
7973	1	26	21	0	2	21	BO3	regular_season	17	263	completed	2025-10-30 01:50:55.865	\N	2025-10-14 08:36:00.869	\N	2025-10-14 01:50:55.871771	2025-10-14 08:36:00.870955	\N	\N	\N	\N	\N	\N
7974	1	25	22	2	0	25	BO3	regular_season	17	264	completed	2025-10-30 01:50:55.865	\N	2025-10-14 08:36:00.875	\N	2025-10-14 01:50:55.871771	2025-10-14 08:36:00.877904	\N	\N	\N	\N	\N	\N
7976	1	30	29	2	1	30	BO3	regular_season	18	266	completed	2025-10-31 01:50:55.865	\N	2025-10-14 08:36:03.579	\N	2025-10-14 01:50:55.871771	2025-10-14 08:36:03.583257	\N	\N	\N	\N	\N	\N
7977	1	28	21	1	2	21	BO3	regular_season	18	267	completed	2025-10-31 01:50:55.865	\N	2025-10-14 08:36:03.596	\N	2025-10-14 01:50:55.871771	2025-10-14 08:36:03.601018	\N	\N	\N	\N	\N	\N
7978	1	27	22	1	2	22	BO3	regular_season	18	268	completed	2025-10-31 01:50:55.865	\N	2025-10-14 08:36:03.611	\N	2025-10-14 01:50:55.871771	2025-10-14 08:36:03.614018	\N	\N	\N	\N	\N	\N
7796	1	10	9	2	1	10	BO3	regular_season	18	86	completed	2025-10-31 01:50:55.863	\N	2025-10-14 08:36:03.697	\N	2025-10-14 01:50:55.871771	2025-10-14 08:36:03.700142	\N	\N	\N	\N	\N	\N
7980	1	25	24	1	2	24	BO3	regular_season	18	270	completed	2025-10-31 01:50:55.865	\N	2025-10-14 08:36:03.538	\N	2025-10-14 01:50:55.871771	2025-10-14 08:36:03.541627	\N	\N	\N	\N	\N	\N
7979	1	26	23	0	2	23	BO3	regular_season	18	269	completed	2025-10-31 01:50:55.865	\N	2025-10-14 08:36:03.624	\N	2025-10-14 01:50:55.871771	2025-10-14 08:36:03.625712	\N	\N	\N	\N	\N	\N
9162	21	4	2	0	0	\N	BO3	regular_season	3	12	scheduled	2025-10-16 15:14:00.631	\N	\N	\N	2025-10-14 15:14:00.640225	2025-10-14 15:14:00.640225	\N	\N	\N	\N	\N	\N
7908	1	26	22	2	0	26	BO3	regular_season	4	198	completed	2025-10-17 01:50:55.865	\N	2025-10-14 08:34:12.543	\N	2025-10-14 01:50:55.871771	2025-10-14 08:34:12.551751	\N	\N	\N	\N	\N	\N
7910	1	28	29	1	2	29	BO3	regular_season	4	200	completed	2025-10-17 01:50:55.865	\N	2025-10-14 08:34:12.648	\N	2025-10-14 01:50:55.871771	2025-10-14 08:34:12.651432	\N	\N	\N	\N	\N	\N
7906	1	24	30	2	1	24	BO3	regular_season	4	196	completed	2025-10-17 01:50:55.865	\N	2025-10-14 08:34:12.717	\N	2025-10-14 01:50:55.871771	2025-10-14 08:34:12.719228	\N	\N	\N	\N	\N	\N
7907	1	25	23	1	2	23	BO3	regular_season	4	197	completed	2025-10-17 01:50:55.865	\N	2025-10-14 08:34:12.723	\N	2025-10-14 01:50:55.871771	2025-10-14 08:34:12.725246	\N	\N	\N	\N	\N	\N
7915	1	29	21	2	0	29	BO3	regular_season	5	205	completed	2025-10-18 01:50:55.865	\N	2025-10-14 08:34:51.045	\N	2025-10-14 01:50:55.871771	2025-10-14 08:34:51.047597	\N	\N	\N	\N	\N	\N
7912	1	26	24	2	0	26	BO3	regular_season	5	202	completed	2025-10-18 01:50:55.865	\N	2025-10-14 08:34:51.055	\N	2025-10-14 01:50:55.871771	2025-10-14 08:34:51.0575	\N	\N	\N	\N	\N	\N
8012	1	38	36	0	2	36	BO3	regular_season	7	302	completed	2025-10-20 01:50:55.865	\N	2025-10-14 08:35:02.229	\N	2025-10-14 01:50:55.871771	2025-10-14 08:35:02.231718	\N	\N	\N	\N	\N	\N
8013	1	39	35	0	2	35	BO3	regular_season	7	303	completed	2025-10-20 01:50:55.865	\N	2025-10-14 08:35:02.239	\N	2025-10-14 01:50:55.871771	2025-10-14 08:35:02.241065	\N	\N	\N	\N	\N	\N
8014	1	31	34	2	0	31	BO3	regular_season	7	304	completed	2025-10-20 01:50:55.865	\N	2025-10-14 08:35:02.248	\N	2025-10-14 01:50:55.871771	2025-10-14 08:35:02.251477	\N	\N	\N	\N	\N	\N
8015	1	32	33	2	0	32	BO3	regular_season	7	305	completed	2025-10-20 01:50:55.865	\N	2025-10-14 08:35:02.255	\N	2025-10-14 01:50:55.871771	2025-10-14 08:35:02.257775	\N	\N	\N	\N	\N	\N
8011	1	37	40	1	2	40	BO3	regular_season	7	301	completed	2025-10-20 01:50:55.865	\N	2025-10-14 08:35:02.308	\N	2025-10-14 01:50:55.871771	2025-10-14 08:35:02.311656	\N	\N	\N	\N	\N	\N
8016	1	38	40	2	1	38	BO3	regular_season	8	306	completed	2025-10-21 01:50:55.865	\N	2025-10-14 08:35:10.065	\N	2025-10-14 01:50:55.871771	2025-10-14 08:35:10.068781	\N	\N	\N	\N	\N	\N
8018	1	31	36	1	2	36	BO3	regular_season	8	308	completed	2025-10-21 01:50:55.865	\N	2025-10-14 08:35:10.074	\N	2025-10-14 01:50:55.871771	2025-10-14 08:35:10.076725	\N	\N	\N	\N	\N	\N
8020	1	33	34	2	1	33	BO3	regular_season	8	310	completed	2025-10-21 01:50:55.865	\N	2025-10-14 08:35:10.097	\N	2025-10-14 01:50:55.871771	2025-10-14 08:35:10.098911	\N	\N	\N	\N	\N	\N
8019	1	32	35	2	0	32	BO3	regular_season	8	309	completed	2025-10-21 01:50:55.865	\N	2025-10-14 08:35:10.105	\N	2025-10-14 01:50:55.871771	2025-10-14 08:35:10.107869	\N	\N	\N	\N	\N	\N
8017	1	39	37	1	2	37	BO3	regular_season	8	307	completed	2025-10-21 01:50:55.865	\N	2025-10-14 08:35:10.114	\N	2025-10-14 01:50:55.871771	2025-10-14 08:35:10.116754	\N	\N	\N	\N	\N	\N
8021	1	39	40	0	2	40	BO3	regular_season	9	311	completed	2025-10-22 01:50:55.865	\N	2025-10-14 08:35:23.89	\N	2025-10-14 01:50:55.871771	2025-10-14 08:35:23.892619	\N	\N	\N	\N	\N	\N
8022	1	31	38	1	2	38	BO3	regular_season	9	312	completed	2025-10-22 01:50:55.865	\N	2025-10-14 08:35:23.948	\N	2025-10-14 01:50:55.871771	2025-10-14 08:35:23.950273	\N	\N	\N	\N	\N	\N
8348	15	40	38	2	0	40	BO3	regular_season	2	278	completed	2025-10-15 08:40:49.769	\N	2025-10-14 08:41:22.489	\N	2025-10-14 08:40:49.771385	2025-10-14 08:41:22.491624	\N	\N	\N	\N	\N	\N
8353	15	34	31	0	2	31	BO3	regular_season	3	283	completed	2025-10-16 08:40:49.769	\N	2025-10-14 08:41:26.724	\N	2025-10-14 08:40:49.771385	2025-10-14 08:41:26.725978	\N	\N	\N	\N	\N	\N
8352	15	40	32	1	2	32	BO3	regular_season	3	282	completed	2025-10-16 08:40:49.769	\N	2025-10-14 08:41:26.731	\N	2025-10-14 08:40:49.771385	2025-10-14 08:41:26.73307	\N	\N	\N	\N	\N	\N
8354	15	35	38	2	1	35	BO3	regular_season	3	284	completed	2025-10-16 08:40:49.769	\N	2025-10-14 08:41:26.739	\N	2025-10-14 08:40:49.771385	2025-10-14 08:41:26.741346	\N	\N	\N	\N	\N	\N
8355	15	36	37	2	1	36	BO3	regular_season	3	285	completed	2025-10-16 08:40:49.769	\N	2025-10-14 08:41:26.763	\N	2025-10-14 08:40:49.771385	2025-10-14 08:41:26.765181	\N	\N	\N	\N	\N	\N
8351	15	33	39	2	0	33	BO3	regular_season	3	281	completed	2025-10-16 08:40:49.769	\N	2025-10-14 08:41:26.777	\N	2025-10-14 08:40:49.771385	2025-10-14 08:41:26.779994	\N	\N	\N	\N	\N	\N
8360	15	37	38	2	0	37	BO3	regular_season	4	290	completed	2025-10-17 08:40:49.769	\N	2025-10-14 08:41:30.497	\N	2025-10-14 08:40:49.771385	2025-10-14 08:41:30.499287	\N	\N	\N	\N	\N	\N
8356	15	40	39	2	1	40	BO3	regular_season	4	286	completed	2025-10-17 08:40:49.769	\N	2025-10-14 08:41:30.507	\N	2025-10-14 08:40:49.771385	2025-10-14 08:41:30.510334	\N	\N	\N	\N	\N	\N
8358	15	35	32	2	0	35	BO3	regular_season	4	288	completed	2025-10-17 08:40:49.769	\N	2025-10-14 08:41:30.557	\N	2025-10-14 08:40:49.771385	2025-10-14 08:41:30.559727	\N	\N	\N	\N	\N	\N
8357	15	34	33	0	2	33	BO3	regular_season	4	287	completed	2025-10-17 08:40:49.769	\N	2025-10-14 08:41:30.563	\N	2025-10-14 08:40:49.771385	2025-10-14 08:41:30.566555	\N	\N	\N	\N	\N	\N
8362	15	35	40	2	0	35	BO3	regular_season	5	292	completed	2025-10-18 08:40:49.769	\N	2025-10-14 08:41:44.417	\N	2025-10-14 08:40:49.771385	2025-10-14 08:41:44.419611	\N	\N	\N	\N	\N	\N
8363	15	36	33	2	0	36	BO3	regular_season	5	293	completed	2025-10-18 08:40:49.769	\N	2025-10-14 08:41:44.43	\N	2025-10-14 08:40:49.771385	2025-10-14 08:41:44.434173	\N	\N	\N	\N	\N	\N
8364	15	37	32	1	2	32	BO3	regular_season	5	294	completed	2025-10-18 08:40:49.769	\N	2025-10-14 08:41:44.438	\N	2025-10-14 08:40:49.771385	2025-10-14 08:41:44.442306	\N	\N	\N	\N	\N	\N
8361	15	34	39	2	0	34	BO3	regular_season	5	291	completed	2025-10-18 08:40:49.769	\N	2025-10-14 08:41:44.454	\N	2025-10-14 08:40:49.771385	2025-10-14 08:41:44.456242	\N	\N	\N	\N	\N	\N
8366	15	35	39	2	0	35	BO3	regular_season	6	296	completed	2025-10-19 08:40:49.769	\N	2025-10-14 08:41:47.57	\N	2025-10-14 08:40:49.771385	2025-10-14 08:41:47.572206	\N	\N	\N	\N	\N	\N
8367	15	36	34	0	2	34	BO3	regular_season	6	297	completed	2025-10-19 08:40:49.769	\N	2025-10-14 08:41:47.576	\N	2025-10-14 08:40:49.771385	2025-10-14 08:41:47.578877	\N	\N	\N	\N	\N	\N
8368	15	37	40	1	2	40	BO3	regular_season	6	298	completed	2025-10-19 08:40:49.769	\N	2025-10-14 08:41:47.583	\N	2025-10-14 08:40:49.771385	2025-10-14 08:41:47.586336	\N	\N	\N	\N	\N	\N
8369	15	38	33	2	0	38	BO3	regular_season	6	299	completed	2025-10-19 08:40:49.769	\N	2025-10-14 08:41:47.591	\N	2025-10-14 08:40:49.771385	2025-10-14 08:41:47.593651	\N	\N	\N	\N	\N	\N
8370	15	31	32	0	2	32	BO3	regular_season	6	300	completed	2025-10-19 08:40:49.769	\N	2025-10-14 08:41:47.603	\N	2025-10-14 08:40:49.771385	2025-10-14 08:41:47.60514	\N	\N	\N	\N	\N	\N
8373	15	38	34	0	2	34	BO3	regular_season	7	303	completed	2025-10-20 08:40:49.769	\N	2025-10-14 08:41:50.6	\N	2025-10-14 08:40:49.771385	2025-10-14 08:41:50.601644	\N	\N	\N	\N	\N	\N
8374	15	31	40	1	2	40	BO3	regular_season	7	304	completed	2025-10-20 08:40:49.769	\N	2025-10-14 08:41:50.608	\N	2025-10-14 08:40:49.771385	2025-10-14 08:41:50.611672	\N	\N	\N	\N	\N	\N
8375	15	32	33	0	2	33	BO3	regular_season	7	305	completed	2025-10-20 08:40:49.769	\N	2025-10-14 08:41:50.616	\N	2025-10-14 08:40:49.771385	2025-10-14 08:41:50.617772	\N	\N	\N	\N	\N	\N
8371	15	36	39	2	1	36	BO3	regular_season	7	301	completed	2025-10-20 08:40:49.769	\N	2025-10-14 08:41:50.623	\N	2025-10-14 08:40:49.771385	2025-10-14 08:41:50.625152	\N	\N	\N	\N	\N	\N
8379	15	32	34	2	0	32	BO3	regular_season	8	309	completed	2025-10-21 08:40:49.769	\N	2025-10-14 08:41:53.449	\N	2025-10-14 08:40:49.771385	2025-10-14 08:41:53.450724	\N	\N	\N	\N	\N	\N
8378	15	31	35	2	0	31	BO3	regular_season	8	308	completed	2025-10-21 08:40:49.769	\N	2025-10-14 08:41:53.455	\N	2025-10-14 08:40:49.771385	2025-10-14 08:41:53.457657	\N	\N	\N	\N	\N	\N
8376	15	37	39	2	0	37	BO3	regular_season	8	306	completed	2025-10-21 08:40:49.769	\N	2025-10-14 08:41:53.467	\N	2025-10-14 08:40:49.771385	2025-10-14 08:41:53.470612	\N	\N	\N	\N	\N	\N
8380	15	33	40	1	2	40	BO3	regular_season	8	310	completed	2025-10-21 08:40:49.769	\N	2025-10-14 08:41:53.514	\N	2025-10-14 08:40:49.771385	2025-10-14 08:41:53.517608	\N	\N	\N	\N	\N	\N
8384	15	33	35	2	1	33	BO3	regular_season	9	314	completed	2025-10-22 08:40:49.769	\N	2025-10-14 08:41:56.116	\N	2025-10-14 08:40:49.771385	2025-10-14 08:41:56.118404	\N	\N	\N	\N	\N	\N
8383	15	32	36	2	0	32	BO3	regular_season	9	313	completed	2025-10-22 08:40:49.769	\N	2025-10-14 08:41:56.126	\N	2025-10-14 08:40:49.771385	2025-10-14 08:41:56.130507	\N	\N	\N	\N	\N	\N
8382	15	31	37	1	2	37	BO3	regular_season	9	312	completed	2025-10-22 08:40:49.769	\N	2025-10-14 08:41:56.135	\N	2025-10-14 08:40:49.771385	2025-10-14 08:41:56.138197	\N	\N	\N	\N	\N	\N
8385	15	40	34	0	2	34	BO3	regular_season	9	315	completed	2025-10-22 08:40:49.769	\N	2025-10-14 08:41:56.151	\N	2025-10-14 08:40:49.771385	2025-10-14 08:41:56.15541	\N	\N	\N	\N	\N	\N
8388	15	37	33	2	1	37	BO3	regular_season	10	318	completed	2025-10-23 08:40:49.769	\N	2025-10-14 08:41:59.807	\N	2025-10-14 08:40:49.771385	2025-10-14 08:41:59.809273	\N	\N	\N	\N	\N	\N
8387	15	38	32	1	2	32	BO3	regular_season	10	317	completed	2025-10-23 08:40:49.769	\N	2025-10-14 08:41:59.814	\N	2025-10-14 08:40:49.771385	2025-10-14 08:41:59.816345	\N	\N	\N	\N	\N	\N
8386	15	39	31	0	2	31	BO3	regular_season	10	316	completed	2025-10-23 08:40:49.769	\N	2025-10-14 08:41:59.82	\N	2025-10-14 08:40:49.771385	2025-10-14 08:41:59.822651	\N	\N	\N	\N	\N	\N
8390	15	35	34	1	2	34	BO3	regular_season	10	320	completed	2025-10-23 08:40:49.769	\N	2025-10-14 08:41:59.826	\N	2025-10-14 08:40:49.771385	2025-10-14 08:41:59.829944	\N	\N	\N	\N	\N	\N
8389	15	36	40	2	1	36	BO3	regular_season	10	319	completed	2025-10-23 08:40:49.769	\N	2025-10-14 08:41:59.836	\N	2025-10-14 08:40:49.771385	2025-10-14 08:41:59.83972	\N	\N	\N	\N	\N	\N
7984	1	34	37	1	2	37	BO3	regular_season	1	274	completed	2025-10-14 01:50:55.865	\N	2025-10-14 02:24:39.457	\N	2025-10-14 01:50:55.871771	2025-10-14 02:24:39.460108	\N	\N	\N	\N	\N	\N
7983	1	33	38	2	0	33	BO3	regular_season	1	273	completed	2025-10-14 01:50:55.865	\N	2025-10-14 02:24:39.467	\N	2025-10-14 01:50:55.871771	2025-10-14 02:24:39.469497	\N	\N	\N	\N	\N	\N
7895	1	25	26	2	0	25	BO3	regular_season	1	185	completed	2025-10-14 01:50:55.865	\N	2025-10-14 02:24:39.476	\N	2025-10-14 01:50:55.871771	2025-10-14 02:24:39.478212	\N	\N	\N	\N	\N	\N
7985	1	35	36	2	0	35	BO3	regular_season	1	275	completed	2025-10-14 01:50:55.865	\N	2025-10-14 02:24:39.485	\N	2025-10-14 01:50:55.871771	2025-10-14 02:24:39.488049	\N	\N	\N	\N	\N	\N
7982	1	32	39	2	0	32	BO3	regular_season	1	272	completed	2025-10-14 01:50:55.865	\N	2025-10-14 02:24:39.502	\N	2025-10-14 01:50:55.871771	2025-10-14 02:24:39.504647	\N	\N	\N	\N	\N	\N
7802	1	12	19	2	0	12	BO3	regular_season	1	92	completed	2025-10-14 01:50:55.864	\N	2025-10-14 02:24:39.522	\N	2025-10-14 01:50:55.871771	2025-10-14 02:24:39.527133	\N	\N	\N	\N	\N	\N
7715	1	5	6	2	0	5	BO3	regular_season	1	5	completed	2025-10-14 01:50:55.863	\N	2025-10-14 02:24:39.572	\N	2025-10-14 01:50:55.871771	2025-10-14 02:24:39.574636	\N	\N	\N	\N	\N	\N
7713	1	3	8	2	0	3	BO3	regular_season	1	3	completed	2025-10-14 01:50:55.863	\N	2025-10-14 02:24:39.582	\N	2025-10-14 01:50:55.871771	2025-10-14 02:24:39.584553	\N	\N	\N	\N	\N	\N
7714	1	4	7	2	1	4	BO3	regular_season	1	4	completed	2025-10-14 01:50:55.863	\N	2025-10-14 02:24:39.588	\N	2025-10-14 01:50:55.871771	2025-10-14 02:24:39.591159	\N	\N	\N	\N	\N	\N
7711	1	1	10	2	0	1	BO3	regular_season	1	1	completed	2025-10-14 01:50:55.863	\N	2025-10-14 02:24:39.594	\N	2025-10-14 01:50:55.871771	2025-10-14 02:24:39.596787	\N	\N	\N	\N	\N	\N
9163	21	5	1	0	0	\N	BO3	regular_season	3	13	scheduled	2025-10-16 15:14:00.631	\N	\N	\N	2025-10-14 15:14:00.640225	2025-10-14 15:14:00.640225	\N	\N	\N	\N	\N	\N
8343	15	33	37	2	1	33	BO3	regular_season	1	273	completed	2025-10-14 08:40:49.769	\N	2025-10-14 08:41:06.083	\N	2025-10-14 08:40:49.771385	2025-10-14 08:41:06.089708	\N	\N	\N	\N	\N	\N
8344	15	40	36	2	1	40	BO3	regular_season	1	274	completed	2025-10-14 08:40:49.769	\N	2025-10-14 08:41:06.116	\N	2025-10-14 08:40:49.771385	2025-10-14 08:41:06.120089	\N	\N	\N	\N	\N	\N
8345	15	34	35	2	1	34	BO3	regular_season	1	275	completed	2025-10-14 08:40:49.769	\N	2025-10-14 08:41:06.124	\N	2025-10-14 08:40:49.771385	2025-10-14 08:41:06.127259	\N	\N	\N	\N	\N	\N
8255	15	25	26	1	2	26	BO3	regular_season	1	185	completed	2025-10-14 08:40:49.769	\N	2025-10-14 08:41:06.132	\N	2025-10-14 08:40:49.771385	2025-10-14 08:41:06.134	\N	\N	\N	\N	\N	\N
8341	15	31	39	2	1	31	BO3	regular_season	1	271	completed	2025-10-14 08:40:49.769	\N	2025-10-14 08:41:06.139	\N	2025-10-14 08:40:49.771385	2025-10-14 08:41:06.142472	\N	\N	\N	\N	\N	\N
8161	15	11	20	1	2	20	BO3	regular_season	1	91	completed	2025-10-14 08:40:49.768	\N	2025-10-14 08:41:06.148	\N	2025-10-14 08:40:49.771385	2025-10-14 08:41:06.150079	\N	\N	\N	\N	\N	\N
8074	15	4	7	2	0	4	BO3	regular_season	1	4	completed	2025-10-14 08:40:49.768	\N	2025-10-14 08:41:06.156	\N	2025-10-14 08:40:49.771385	2025-10-14 08:41:06.158365	\N	\N	\N	\N	\N	\N
8254	15	24	27	1	2	27	BO3	regular_season	1	184	completed	2025-10-14 08:40:49.768	\N	2025-10-14 08:41:06.185	\N	2025-10-14 08:40:49.771385	2025-10-14 08:41:06.18878	\N	\N	\N	\N	\N	\N
8163	15	13	18	2	0	13	BO3	regular_season	1	93	completed	2025-10-14 08:40:49.768	\N	2025-10-14 08:41:06.206	\N	2025-10-14 08:40:49.771385	2025-10-14 08:41:06.208302	\N	\N	\N	\N	\N	\N
8349	15	34	37	1	2	37	BO3	regular_season	2	279	completed	2025-10-15 08:40:49.769	\N	2025-10-14 08:41:22.446	\N	2025-10-14 08:40:49.771385	2025-10-14 08:41:22.449423	\N	\N	\N	\N	\N	\N
8346	15	32	39	2	0	32	BO3	regular_season	2	276	completed	2025-10-15 08:40:49.769	\N	2025-10-14 08:41:22.472	\N	2025-10-14 08:40:49.771385	2025-10-14 08:41:22.476942	\N	\N	\N	\N	\N	\N
8260	15	26	27	1	2	27	BO3	regular_season	2	190	completed	2025-10-15 08:40:49.769	\N	2025-10-14 08:41:22.501	\N	2025-10-14 08:40:49.771385	2025-10-14 08:41:22.504122	\N	\N	\N	\N	\N	\N
8392	15	31	33	2	0	31	BO3	regular_season	11	322	completed	2025-10-24 08:40:49.769	\N	2025-10-14 08:42:03.019	\N	2025-10-14 08:40:49.771385	2025-10-14 08:42:03.022025	\N	\N	\N	\N	\N	\N
8393	15	38	40	2	0	38	BO3	regular_season	11	323	completed	2025-10-24 08:40:49.769	\N	2025-10-14 08:42:03.026	\N	2025-10-14 08:40:49.771385	2025-10-14 08:42:03.028802	\N	\N	\N	\N	\N	\N
8394	15	37	34	0	2	34	BO3	regular_season	11	324	completed	2025-10-24 08:40:49.769	\N	2025-10-14 08:42:03.063	\N	2025-10-14 08:40:49.771385	2025-10-14 08:42:03.066375	\N	\N	\N	\N	\N	\N
8395	15	36	35	2	1	36	BO3	regular_season	11	325	completed	2025-10-24 08:40:49.769	\N	2025-10-14 08:42:03.075	\N	2025-10-14 08:40:49.771385	2025-10-14 08:42:03.112897	\N	\N	\N	\N	\N	\N
8400	15	37	36	0	2	36	BO3	regular_season	12	330	completed	2025-10-25 08:40:49.769	\N	2025-10-14 08:42:05.805	\N	2025-10-14 08:40:49.771385	2025-10-14 08:42:05.808255	\N	\N	\N	\N	\N	\N
8396	15	39	33	1	2	33	BO3	regular_season	12	326	completed	2025-10-25 08:40:49.769	\N	2025-10-14 08:42:05.861	\N	2025-10-14 08:40:49.771385	2025-10-14 08:42:05.863603	\N	\N	\N	\N	\N	\N
8398	15	31	34	2	0	31	BO3	regular_season	12	328	completed	2025-10-25 08:40:49.769	\N	2025-10-14 08:42:05.875	\N	2025-10-14 08:40:49.771385	2025-10-14 08:42:05.877649	\N	\N	\N	\N	\N	\N
8399	15	38	35	0	2	35	BO3	regular_season	12	329	completed	2025-10-25 08:40:49.769	\N	2025-10-14 08:42:05.883	\N	2025-10-14 08:40:49.771385	2025-10-14 08:42:05.885104	\N	\N	\N	\N	\N	\N
8401	15	39	40	0	2	40	BO3	regular_season	13	331	completed	2025-10-26 08:40:49.769	\N	2025-10-14 08:42:09.423	\N	2025-10-14 08:40:49.771385	2025-10-14 08:42:09.426688	\N	\N	\N	\N	\N	\N
8405	15	38	37	0	2	37	BO3	regular_season	13	335	completed	2025-10-26 08:40:49.769	\N	2025-10-14 08:42:09.487	\N	2025-10-14 08:40:49.771385	2025-10-14 08:42:09.490323	\N	\N	\N	\N	\N	\N
8404	15	31	36	2	1	31	BO3	regular_season	13	334	completed	2025-10-26 08:40:49.769	\N	2025-10-14 08:42:09.495	\N	2025-10-14 08:40:49.771385	2025-10-14 08:42:09.499968	\N	\N	\N	\N	\N	\N
8403	15	32	35	2	0	32	BO3	regular_season	13	333	completed	2025-10-26 08:40:49.769	\N	2025-10-14 08:42:09.505	\N	2025-10-14 08:40:49.771385	2025-10-14 08:42:09.507962	\N	\N	\N	\N	\N	\N
8406	15	39	34	0	2	34	BO3	regular_season	14	336	completed	2025-10-27 08:40:49.769	\N	2025-10-14 08:42:12.517	\N	2025-10-14 08:40:49.771385	2025-10-14 08:42:12.519058	\N	\N	\N	\N	\N	\N
8407	15	40	35	1	2	35	BO3	regular_season	14	337	completed	2025-10-27 08:40:49.769	\N	2025-10-14 08:42:12.526	\N	2025-10-14 08:40:49.771385	2025-10-14 08:42:12.528298	\N	\N	\N	\N	\N	\N
8408	15	33	36	2	0	33	BO3	regular_season	14	338	completed	2025-10-27 08:40:49.769	\N	2025-10-14 08:42:12.533	\N	2025-10-14 08:40:49.771385	2025-10-14 08:42:12.536439	\N	\N	\N	\N	\N	\N
8409	15	32	37	2	1	32	BO3	regular_season	14	339	completed	2025-10-27 08:40:49.769	\N	2025-10-14 08:42:12.541	\N	2025-10-14 08:40:49.771385	2025-10-14 08:42:12.543191	\N	\N	\N	\N	\N	\N
8410	15	31	38	2	0	31	BO3	regular_season	14	340	completed	2025-10-27 08:40:49.769	\N	2025-10-14 08:42:12.549	\N	2025-10-14 08:40:49.771385	2025-10-14 08:42:12.55144	\N	\N	\N	\N	\N	\N
8411	15	39	35	0	2	35	BO3	regular_season	15	341	completed	2025-10-28 08:40:49.769	\N	2025-10-14 08:42:17.492	\N	2025-10-14 08:40:49.771385	2025-10-14 08:42:17.497659	\N	\N	\N	\N	\N	\N
8413	15	40	37	0	2	37	BO3	regular_season	15	343	completed	2025-10-28 08:40:49.769	\N	2025-10-14 08:42:17.517	\N	2025-10-14 08:40:49.771385	2025-10-14 08:42:17.520651	\N	\N	\N	\N	\N	\N
8414	15	33	38	1	2	38	BO3	regular_season	15	344	completed	2025-10-28 08:40:49.769	\N	2025-10-14 08:42:17.526	\N	2025-10-14 08:40:49.771385	2025-10-14 08:42:17.535379	\N	\N	\N	\N	\N	\N
8415	15	32	31	2	1	32	BO3	regular_season	15	345	completed	2025-10-28 08:40:49.769	\N	2025-10-14 08:42:17.547	\N	2025-10-14 08:40:49.771385	2025-10-14 08:42:17.551298	\N	\N	\N	\N	\N	\N
8416	15	39	36	0	2	36	BO3	regular_season	16	346	completed	2025-10-29 08:40:49.769	\N	2025-10-14 08:42:20.541	\N	2025-10-14 08:40:49.771385	2025-10-14 08:42:20.543734	\N	\N	\N	\N	\N	\N
8417	15	35	37	2	0	35	BO3	regular_season	16	347	completed	2025-10-29 08:40:49.769	\N	2025-10-14 08:42:20.551	\N	2025-10-14 08:40:49.771385	2025-10-14 08:42:20.555023	\N	\N	\N	\N	\N	\N
8418	15	34	38	1	2	38	BO3	regular_season	16	348	completed	2025-10-29 08:40:49.769	\N	2025-10-14 08:42:20.559	\N	2025-10-14 08:40:49.771385	2025-10-14 08:42:20.561476	\N	\N	\N	\N	\N	\N
8420	15	33	32	2	0	33	BO3	regular_season	16	350	completed	2025-10-29 08:40:49.769	\N	2025-10-14 08:42:20.572	\N	2025-10-14 08:40:49.771385	2025-10-14 08:42:20.574298	\N	\N	\N	\N	\N	\N
8421	15	39	37	0	2	37	BO3	regular_season	17	351	completed	2025-10-30 08:40:49.769	\N	2025-10-14 08:42:23.274	\N	2025-10-14 08:40:49.771385	2025-10-14 08:42:23.276475	\N	\N	\N	\N	\N	\N
8422	15	36	38	1	2	38	BO3	regular_season	17	352	completed	2025-10-30 08:40:49.769	\N	2025-10-14 08:42:23.283	\N	2025-10-14 08:40:49.771385	2025-10-14 08:42:23.286281	\N	\N	\N	\N	\N	\N
8423	15	35	31	2	0	35	BO3	regular_season	17	353	completed	2025-10-30 08:40:49.769	\N	2025-10-14 08:42:23.292	\N	2025-10-14 08:40:49.771385	2025-10-14 08:42:23.29654	\N	\N	\N	\N	\N	\N
8424	15	34	32	1	2	32	BO3	regular_season	17	354	completed	2025-10-30 08:40:49.769	\N	2025-10-14 08:42:23.301	\N	2025-10-14 08:40:49.771385	2025-10-14 08:42:23.304836	\N	\N	\N	\N	\N	\N
8425	15	40	33	1	2	33	BO3	regular_season	17	355	completed	2025-10-30 08:40:49.769	\N	2025-10-14 08:42:23.309	\N	2025-10-14 08:40:49.771385	2025-10-14 08:42:23.315504	\N	\N	\N	\N	\N	\N
8426	15	39	38	0	2	38	BO3	regular_season	18	356	completed	2025-10-31 08:40:49.769	\N	2025-10-14 08:42:27.256	\N	2025-10-14 08:40:49.771385	2025-10-14 08:42:27.259997	\N	\N	\N	\N	\N	\N
8427	15	37	31	1	2	31	BO3	regular_season	18	357	completed	2025-10-31 08:40:49.769	\N	2025-10-14 08:42:27.264	\N	2025-10-14 08:40:49.771385	2025-10-14 08:42:27.267964	\N	\N	\N	\N	\N	\N
8428	15	36	32	2	1	36	BO3	regular_season	18	358	completed	2025-10-31 08:40:49.769	\N	2025-10-14 08:42:27.272	\N	2025-10-14 08:40:49.771385	2025-10-14 08:42:27.274152	\N	\N	\N	\N	\N	\N
8429	15	35	33	0	2	33	BO3	regular_season	18	359	completed	2025-10-31 08:40:49.769	\N	2025-10-14 08:42:27.279	\N	2025-10-14 08:40:49.771385	2025-10-14 08:42:27.282645	\N	\N	\N	\N	\N	\N
8347	15	33	31	0	2	31	BO3	regular_season	2	277	completed	2025-10-15 08:40:49.769	\N	2025-10-14 08:41:22.508	\N	2025-10-14 08:40:49.771385	2025-10-14 08:41:22.512074	\N	\N	\N	\N	\N	\N
8350	15	35	36	2	1	35	BO3	regular_season	2	280	completed	2025-10-15 08:40:49.769	\N	2025-10-14 08:41:22.517	\N	2025-10-14 08:40:49.771385	2025-10-14 08:41:22.519648	\N	\N	\N	\N	\N	\N
8077	15	3	1	2	0	3	BO3	regular_season	2	7	completed	2025-10-15 08:40:49.768	\N	2025-10-14 08:41:22.561	\N	2025-10-14 08:40:49.771385	2025-10-14 08:41:22.562975	\N	\N	\N	\N	\N	\N
8174	15	16	19	2	0	16	BO3	regular_season	3	104	completed	2025-10-16 08:40:49.768	\N	2025-10-14 08:41:26.798	\N	2025-10-14 08:40:49.771385	2025-10-14 08:41:26.800035	\N	\N	\N	\N	\N	\N
8359	15	36	31	2	0	36	BO3	regular_season	4	289	completed	2025-10-17 08:40:49.769	\N	2025-10-14 08:41:30.502	\N	2025-10-14 08:40:49.771385	2025-10-14 08:41:30.504373	\N	\N	\N	\N	\N	\N
9164	21	6	9	0	0	\N	BO3	regular_season	3	14	scheduled	2025-10-16 15:14:00.631	\N	\N	\N	2025-10-14 15:14:00.640225	2025-10-14 15:14:00.640225	\N	\N	\N	\N	\N	\N
8444	16	6	9	0	2	9	BO3	regular_season	3	14	completed	2025-10-16 09:05:16.316	\N	2025-10-14 09:09:37.912	\N	2025-10-14 09:05:16.347901	2025-10-14 09:09:37.914887	\N	\N	\N	\N	\N	\N
8446	16	4	10	2	0	4	BO3	regular_season	4	16	completed	2025-10-17 09:05:16.316	\N	2025-10-14 09:10:06.179	\N	2025-10-14 09:05:16.347901	2025-10-14 09:10:06.181565	\N	\N	\N	\N	\N	\N
8450	16	8	9	0	2	9	BO3	regular_season	4	20	completed	2025-10-17 09:05:16.316	\N	2025-10-14 09:10:06.227	\N	2025-10-14 09:05:16.347901	2025-10-14 09:10:06.229811	\N	\N	\N	\N	\N	\N
8449	16	7	1	2	1	7	BO3	regular_season	4	19	completed	2025-10-17 09:05:16.316	\N	2025-10-14 09:10:06.237	\N	2025-10-14 09:05:16.347901	2025-10-14 09:10:06.241086	\N	\N	\N	\N	\N	\N
8447	16	5	3	1	2	3	BO3	regular_season	4	17	completed	2025-10-17 09:05:16.316	\N	2025-10-14 09:10:06.247	\N	2025-10-14 09:05:16.347901	2025-10-14 09:10:06.251116	\N	\N	\N	\N	\N	\N
8451	16	5	10	2	0	5	BO3	regular_season	5	21	completed	2025-10-18 09:05:16.316	\N	2025-10-14 09:10:10.137	\N	2025-10-14 09:05:16.347901	2025-10-14 09:10:10.139336	\N	\N	\N	\N	\N	\N
8455	16	9	1	1	2	1	BO3	regular_season	5	25	completed	2025-10-18 09:05:16.316	\N	2025-10-14 09:10:10.144	\N	2025-10-14 09:05:16.347901	2025-10-14 09:10:10.146863	\N	\N	\N	\N	\N	\N
8453	16	7	3	0	2	3	BO3	regular_season	5	23	completed	2025-10-18 09:05:16.316	\N	2025-10-14 09:10:10.166	\N	2025-10-14 09:05:16.347901	2025-10-14 09:10:10.169081	\N	\N	\N	\N	\N	\N
8452	16	6	4	2	0	6	BO3	regular_season	5	22	completed	2025-10-18 09:05:16.316	\N	2025-10-14 09:10:10.179	\N	2025-10-14 09:05:16.347901	2025-10-14 09:10:10.182194	\N	\N	\N	\N	\N	\N
8456	16	6	10	2	1	6	BO3	regular_season	6	26	completed	2025-10-19 09:05:16.316	\N	2025-10-14 09:10:16.987	\N	2025-10-14 09:05:16.347901	2025-10-14 09:10:16.989	\N	\N	\N	\N	\N	\N
8457	16	7	5	0	2	5	BO3	regular_season	6	27	completed	2025-10-19 09:05:16.316	\N	2025-10-14 09:10:17.024	\N	2025-10-14 09:05:16.347901	2025-10-14 09:10:17.026962	\N	\N	\N	\N	\N	\N
8460	16	1	2	2	0	1	BO3	regular_season	6	30	completed	2025-10-19 09:05:16.316	\N	2025-10-14 09:10:17.031	\N	2025-10-14 09:05:16.347901	2025-10-14 09:10:17.034142	\N	\N	\N	\N	\N	\N
8459	16	9	3	1	2	3	BO3	regular_season	6	29	completed	2025-10-19 09:05:16.316	\N	2025-10-14 09:10:17.039	\N	2025-10-14 09:05:16.347901	2025-10-14 09:10:17.042374	\N	\N	\N	\N	\N	\N
8462	16	8	6	2	1	8	BO3	regular_season	7	32	completed	2025-10-20 09:05:16.316	\N	2025-10-14 09:10:22.087	\N	2025-10-14 09:05:16.347901	2025-10-14 09:10:22.092894	\N	\N	\N	\N	\N	\N
8463	16	9	5	0	2	5	BO3	regular_season	7	33	completed	2025-10-20 09:05:16.316	\N	2025-10-14 09:10:22.097	\N	2025-10-14 09:05:16.347901	2025-10-14 09:10:22.101669	\N	\N	\N	\N	\N	\N
8464	16	1	4	2	0	1	BO3	regular_season	7	34	completed	2025-10-20 09:05:16.316	\N	2025-10-14 09:10:22.105	\N	2025-10-14 09:05:16.347901	2025-10-14 09:10:22.112693	\N	\N	\N	\N	\N	\N
8465	16	2	3	1	2	3	BO3	regular_season	7	35	completed	2025-10-20 09:05:16.316	\N	2025-10-14 09:10:22.121	\N	2025-10-14 09:05:16.347901	2025-10-14 09:10:22.131216	\N	\N	\N	\N	\N	\N
8461	16	7	10	1	2	10	BO3	regular_season	7	31	completed	2025-10-20 09:05:16.316	\N	2025-10-14 09:10:22.142	\N	2025-10-14 09:05:16.347901	2025-10-14 09:10:22.143995	\N	\N	\N	\N	\N	\N
8467	16	9	7	1	2	7	BO3	regular_season	8	37	completed	2025-10-21 09:05:16.316	\N	2025-10-14 09:10:24.988	\N	2025-10-14 09:05:16.347901	2025-10-14 09:10:24.99001	\N	\N	\N	\N	\N	\N
8469	16	2	5	1	2	5	BO3	regular_season	8	39	completed	2025-10-21 09:05:16.316	\N	2025-10-14 09:10:24.999	\N	2025-10-14 09:05:16.347901	2025-10-14 09:10:25.001856	\N	\N	\N	\N	\N	\N
8470	16	3	4	2	0	3	BO3	regular_season	8	40	completed	2025-10-21 09:05:16.316	\N	2025-10-14 09:10:25.009	\N	2025-10-14 09:05:16.347901	2025-10-14 09:10:25.012391	\N	\N	\N	\N	\N	\N
8466	16	8	10	2	0	8	BO3	regular_season	8	36	completed	2025-10-21 09:05:16.316	\N	2025-10-14 09:10:25.052	\N	2025-10-14 09:05:16.347901	2025-10-14 09:10:25.056139	\N	\N	\N	\N	\N	\N
8475	16	4	5	0	2	5	BO3	regular_season	9	45	completed	2025-10-22 09:05:16.316	\N	2025-10-14 09:10:28.092	\N	2025-10-14 09:05:16.347901	2025-10-14 09:10:28.09548	\N	\N	\N	\N	\N	\N
8474	16	3	6	2	1	3	BO3	regular_season	9	44	completed	2025-10-22 09:05:16.316	\N	2025-10-14 09:10:28.099	\N	2025-10-14 09:05:16.347901	2025-10-14 09:10:28.102597	\N	\N	\N	\N	\N	\N
8473	16	2	7	2	0	2	BO3	regular_season	9	43	completed	2025-10-22 09:05:16.316	\N	2025-10-14 09:10:28.108	\N	2025-10-14 09:05:16.347901	2025-10-14 09:10:28.111075	\N	\N	\N	\N	\N	\N
8471	16	9	10	2	0	9	BO3	regular_season	9	41	completed	2025-10-22 09:05:16.316	\N	2025-10-14 09:10:28.129	\N	2025-10-14 09:05:16.347901	2025-10-14 09:10:28.131662	\N	\N	\N	\N	\N	\N
8477	16	9	2	1	2	2	BO3	regular_season	10	47	completed	2025-10-23 09:05:16.316	\N	2025-10-14 09:10:30.634	\N	2025-10-14 09:05:16.347901	2025-10-14 09:10:30.639178	\N	\N	\N	\N	\N	\N
8476	16	10	1	1	2	1	BO3	regular_season	10	46	completed	2025-10-23 09:05:16.316	\N	2025-10-14 09:10:30.682	\N	2025-10-14 09:05:16.347901	2025-10-14 09:10:30.684421	\N	\N	\N	\N	\N	\N
8480	16	6	5	2	1	6	BO3	regular_season	10	50	completed	2025-10-23 09:05:16.316	\N	2025-10-14 09:10:30.688	\N	2025-10-14 09:05:16.347901	2025-10-14 09:10:30.690278	\N	\N	\N	\N	\N	\N
8479	16	7	4	0	2	4	BO3	regular_season	10	49	completed	2025-10-23 09:05:16.316	\N	2025-10-14 09:10:30.699	\N	2025-10-14 09:05:16.347901	2025-10-14 09:10:30.702304	\N	\N	\N	\N	\N	\N
8478	16	8	3	0	2	3	BO3	regular_season	10	48	completed	2025-10-23 09:05:16.316	\N	2025-10-14 09:10:30.709	\N	2025-10-14 09:05:16.347901	2025-10-14 09:10:30.716912	\N	\N	\N	\N	\N	\N
8485	16	7	6	1	2	6	BO3	regular_season	11	55	completed	2025-10-24 09:05:16.316	\N	2025-10-14 09:10:34.082	\N	2025-10-14 09:05:16.347901	2025-10-14 09:10:34.084308	\N	\N	\N	\N	\N	\N
8484	16	8	5	1	2	5	BO3	regular_season	11	54	completed	2025-10-24 09:05:16.316	\N	2025-10-14 09:10:34.089	\N	2025-10-14 09:05:16.347901	2025-10-14 09:10:34.091687	\N	\N	\N	\N	\N	\N
8483	16	9	4	0	2	4	BO3	regular_season	11	53	completed	2025-10-24 09:05:16.316	\N	2025-10-14 09:10:34.096	\N	2025-10-14 09:05:16.347901	2025-10-14 09:10:34.098751	\N	\N	\N	\N	\N	\N
8482	16	1	3	2	0	1	BO3	regular_season	11	52	completed	2025-10-24 09:05:16.316	\N	2025-10-14 09:10:34.104	\N	2025-10-14 09:05:16.347901	2025-10-14 09:10:34.106668	\N	\N	\N	\N	\N	\N
8490	16	8	7	1	2	7	BO3	regular_season	12	60	completed	2025-10-25 09:05:16.316	\N	2025-10-14 09:10:36.721	\N	2025-10-14 09:05:16.347901	2025-10-14 09:10:36.724858	\N	\N	\N	\N	\N	\N
8486	16	10	3	0	2	3	BO3	regular_season	12	56	completed	2025-10-25 09:05:16.316	\N	2025-10-14 09:10:36.777	\N	2025-10-14 09:05:16.347901	2025-10-14 09:10:36.7812	\N	\N	\N	\N	\N	\N
8488	16	1	5	2	1	1	BO3	regular_season	12	58	completed	2025-10-25 09:05:16.316	\N	2025-10-14 09:10:36.795	\N	2025-10-14 09:05:16.347901	2025-10-14 09:10:36.796878	\N	\N	\N	\N	\N	\N
8489	16	9	6	2	1	9	BO3	regular_season	12	59	completed	2025-10-25 09:05:16.316	\N	2025-10-14 09:10:36.801	\N	2025-10-14 09:05:16.347901	2025-10-14 09:10:36.803588	\N	\N	\N	\N	\N	\N
8492	16	3	5	2	0	3	BO3	regular_season	13	62	completed	2025-10-26 09:05:16.316	\N	2025-10-14 09:10:47.275	\N	2025-10-14 09:05:16.347901	2025-10-14 09:10:47.278919	\N	\N	\N	\N	\N	\N
8491	16	10	4	0	2	4	BO3	regular_season	13	61	completed	2025-10-26 09:05:16.316	\N	2025-10-14 09:10:47.293	\N	2025-10-14 09:05:16.347901	2025-10-14 09:10:47.297007	\N	\N	\N	\N	\N	\N
8495	16	9	8	2	1	9	BO3	regular_season	13	65	completed	2025-10-26 09:05:16.316	\N	2025-10-14 09:10:47.305	\N	2025-10-14 09:05:16.347901	2025-10-14 09:10:47.307326	\N	\N	\N	\N	\N	\N
8494	16	1	7	2	0	1	BO3	regular_season	13	64	completed	2025-10-26 09:05:16.316	\N	2025-10-14 09:10:47.313	\N	2025-10-14 09:05:16.347901	2025-10-14 09:10:47.316133	\N	\N	\N	\N	\N	\N
8497	16	4	6	2	0	4	BO3	regular_season	14	67	completed	2025-10-27 09:05:16.316	\N	2025-10-14 09:10:50.135	\N	2025-10-14 09:05:16.347901	2025-10-14 09:10:50.138177	\N	\N	\N	\N	\N	\N
8498	16	3	7	2	0	3	BO3	regular_season	14	68	completed	2025-10-27 09:05:16.316	\N	2025-10-14 09:10:50.142	\N	2025-10-14 09:05:16.347901	2025-10-14 09:10:50.145337	\N	\N	\N	\N	\N	\N
8499	16	2	8	2	0	2	BO3	regular_season	14	69	completed	2025-10-27 09:05:16.316	\N	2025-10-14 09:10:50.15	\N	2025-10-14 09:05:16.347901	2025-10-14 09:10:50.154043	\N	\N	\N	\N	\N	\N
8500	16	1	9	2	0	1	BO3	regular_season	14	70	completed	2025-10-27 09:05:16.316	\N	2025-10-14 09:10:50.158	\N	2025-10-14 09:05:16.347901	2025-10-14 09:10:50.160808	\N	\N	\N	\N	\N	\N
8496	16	10	5	2	0	10	BO3	regular_season	14	66	completed	2025-10-27 09:05:16.316	\N	2025-10-14 09:10:50.165	\N	2025-10-14 09:05:16.347901	2025-10-14 09:10:50.166869	\N	\N	\N	\N	\N	\N
8501	16	10	6	0	2	6	BO3	regular_season	15	71	completed	2025-10-28 09:05:16.316	\N	2025-10-14 09:10:54.174	\N	2025-10-14 09:05:16.347901	2025-10-14 09:10:54.175605	\N	\N	\N	\N	\N	\N
8502	16	5	7	2	1	5	BO3	regular_season	15	72	completed	2025-10-28 09:05:16.316	\N	2025-10-14 09:10:54.209	\N	2025-10-14 09:05:16.347901	2025-10-14 09:10:54.212568	\N	\N	\N	\N	\N	\N
8085	15	7	8	2	0	7	BO3	regular_season	3	15	completed	2025-10-16 08:40:49.768	\N	2025-10-14 08:41:26.849	\N	2025-10-14 08:40:49.771385	2025-10-14 08:41:26.851532	\N	\N	\N	\N	\N	\N
8268	15	26	22	1	2	22	BO3	regular_season	4	198	completed	2025-10-17 08:40:49.769	\N	2025-10-14 08:41:30.524	\N	2025-10-14 08:40:49.771385	2025-10-14 08:41:30.526511	\N	\N	\N	\N	\N	\N
8177	15	15	13	0	2	13	BO3	regular_season	4	107	completed	2025-10-17 08:40:49.768	\N	2025-10-14 08:41:30.647	\N	2025-10-14 08:40:49.771385	2025-10-14 08:41:30.650806	\N	\N	\N	\N	\N	\N
8365	15	38	31	0	2	31	BO3	regular_season	5	295	completed	2025-10-18 08:40:49.769	\N	2025-10-14 08:41:44.447	\N	2025-10-14 08:40:49.771385	2025-10-14 08:41:44.450588	\N	\N	\N	\N	\N	\N
8274	15	28	22	0	2	22	BO3	regular_season	5	204	completed	2025-10-18 08:40:49.769	\N	2025-10-14 08:41:44.476	\N	2025-10-14 08:40:49.771385	2025-10-14 08:41:44.478442	\N	\N	\N	\N	\N	\N
8183	15	17	13	0	2	13	BO3	regular_season	5	113	completed	2025-10-18 08:40:49.768	\N	2025-10-14 08:41:44.491	\N	2025-10-14 08:40:49.771385	2025-10-14 08:41:44.493692	\N	\N	\N	\N	\N	\N
8091	15	5	10	2	0	5	BO3	regular_season	5	21	completed	2025-10-18 08:40:49.768	\N	2025-10-14 08:41:44.497	\N	2025-10-14 08:40:49.771385	2025-10-14 08:41:44.500162	\N	\N	\N	\N	\N	\N
8182	15	16	14	0	2	14	BO3	regular_season	5	112	completed	2025-10-18 08:40:49.768	\N	2025-10-14 08:41:44.546	\N	2025-10-14 08:40:49.771385	2025-10-14 08:41:44.549535	\N	\N	\N	\N	\N	\N
8190	15	11	12	2	1	11	BO3	regular_season	6	120	completed	2025-10-19 08:40:49.768	\N	2025-10-14 08:41:47.675	\N	2025-10-14 08:40:49.771385	2025-10-14 08:41:47.676608	\N	\N	\N	\N	\N	\N
8100	15	1	2	2	1	1	BO3	regular_season	6	30	completed	2025-10-19 08:40:49.768	\N	2025-10-14 08:41:47.686	\N	2025-10-14 08:40:49.771385	2025-10-14 08:41:47.688931	\N	\N	\N	\N	\N	\N
8285	15	22	23	2	0	22	BO3	regular_season	7	215	completed	2025-10-20 08:40:49.769	\N	2025-10-14 08:41:50.581	\N	2025-10-14 08:40:49.771385	2025-10-14 08:41:50.58382	\N	\N	\N	\N	\N	\N
8372	15	37	35	0	2	35	BO3	regular_season	7	302	completed	2025-10-20 08:40:49.769	\N	2025-10-14 08:41:50.592	\N	2025-10-14 08:40:49.771385	2025-10-14 08:41:50.595968	\N	\N	\N	\N	\N	\N
8101	15	7	10	2	0	7	BO3	regular_season	7	31	completed	2025-10-20 08:40:49.768	\N	2025-10-14 08:41:50.717	\N	2025-10-14 08:40:49.771385	2025-10-14 08:41:50.722337	\N	\N	\N	\N	\N	\N
8377	15	38	36	1	2	36	BO3	regular_season	8	307	completed	2025-10-21 08:40:49.769	\N	2025-10-14 08:41:53.462	\N	2025-10-14 08:40:49.771385	2025-10-14 08:41:53.46439	\N	\N	\N	\N	\N	\N
8287	15	29	27	0	2	27	BO3	regular_season	8	217	completed	2025-10-21 08:40:49.769	\N	2025-10-14 08:41:53.483	\N	2025-10-14 08:40:49.771385	2025-10-14 08:41:53.487892	\N	\N	\N	\N	\N	\N
8197	15	19	17	0	2	17	BO3	regular_season	8	127	completed	2025-10-21 08:40:49.768	\N	2025-10-14 08:41:53.573	\N	2025-10-14 08:40:49.771385	2025-10-14 08:41:53.576155	\N	\N	\N	\N	\N	\N
8381	15	38	39	2	0	38	BO3	regular_season	9	311	completed	2025-10-22 08:40:49.769	\N	2025-10-14 08:41:56.171	\N	2025-10-14 08:40:49.771385	2025-10-14 08:41:56.173751	\N	\N	\N	\N	\N	\N
8293	15	22	27	1	2	27	BO3	regular_season	9	223	completed	2025-10-22 08:40:49.769	\N	2025-10-14 08:41:56.184	\N	2025-10-14 08:40:49.771385	2025-10-14 08:41:56.189239	\N	\N	\N	\N	\N	\N
8114	15	3	6	2	1	3	BO3	regular_season	9	44	completed	2025-10-22 08:40:49.768	\N	2025-10-14 08:41:56.215	\N	2025-10-14 08:40:49.771385	2025-10-14 08:41:56.2174	\N	\N	\N	\N	\N	\N
8202	15	11	18	2	0	11	BO3	regular_season	9	132	completed	2025-10-22 08:40:49.768	\N	2025-10-14 08:41:56.249	\N	2025-10-14 08:40:49.771385	2025-10-14 08:41:56.251623	\N	\N	\N	\N	\N	\N
8120	15	6	5	0	2	5	BO3	regular_season	10	50	completed	2025-10-23 08:40:49.768	\N	2025-10-14 08:41:59.975	\N	2025-10-14 08:40:49.771385	2025-10-14 08:41:59.979145	\N	\N	\N	\N	\N	\N
8391	15	39	32	0	2	32	BO3	regular_season	11	321	completed	2025-10-24 08:40:49.769	\N	2025-10-14 08:42:03.012	\N	2025-10-14 08:40:49.771385	2025-10-14 08:42:03.015046	\N	\N	\N	\N	\N	\N
8212	15	11	13	2	0	11	BO3	regular_season	11	142	completed	2025-10-24 08:40:49.768	\N	2025-10-14 08:42:03.121	\N	2025-10-14 08:40:49.771385	2025-10-14 08:42:03.124686	\N	\N	\N	\N	\N	\N
8121	15	10	2	0	2	2	BO3	regular_season	11	51	completed	2025-10-24 08:40:49.768	\N	2025-10-14 08:42:03.131	\N	2025-10-14 08:40:49.771385	2025-10-14 08:42:03.134373	\N	\N	\N	\N	\N	\N
8307	15	22	24	2	0	22	BO3	regular_season	12	237	completed	2025-10-25 08:40:49.769	\N	2025-10-14 08:42:05.822	\N	2025-10-14 08:40:49.771385	2025-10-14 08:42:05.826826	\N	\N	\N	\N	\N	\N
8397	15	32	40	2	1	32	BO3	regular_season	12	327	completed	2025-10-25 08:40:49.769	\N	2025-10-14 08:42:05.869	\N	2025-10-14 08:40:49.771385	2025-10-14 08:42:05.871436	\N	\N	\N	\N	\N	\N
8218	15	11	15	2	0	11	BO3	regular_season	12	148	completed	2025-10-25 08:40:49.768	\N	2025-10-14 08:42:05.914	\N	2025-10-14 08:40:49.771385	2025-10-14 08:42:05.918127	\N	\N	\N	\N	\N	\N
8127	15	2	4	2	0	2	BO3	regular_season	12	57	completed	2025-10-25 08:40:49.768	\N	2025-10-14 08:42:05.942	\N	2025-10-14 08:40:49.771385	2025-10-14 08:42:05.944228	\N	\N	\N	\N	\N	\N
8313	15	22	26	2	0	22	BO3	regular_season	13	243	completed	2025-10-26 08:40:49.769	\N	2025-10-14 08:42:09.471	\N	2025-10-14 08:40:49.771385	2025-10-14 08:42:09.473653	\N	\N	\N	\N	\N	\N
8402	15	33	34	2	1	33	BO3	regular_season	13	332	completed	2025-10-26 08:40:49.769	\N	2025-10-14 08:42:09.512	\N	2025-10-14 08:40:49.771385	2025-10-14 08:42:09.514859	\N	\N	\N	\N	\N	\N
8221	15	20	14	2	1	20	BO3	regular_season	13	151	completed	2025-10-26 08:40:49.768	\N	2025-10-14 08:42:09.567	\N	2025-10-14 08:40:49.771385	2025-10-14 08:42:09.568731	\N	\N	\N	\N	\N	\N
8133	15	2	6	2	0	2	BO3	regular_season	13	63	completed	2025-10-26 08:40:49.768	\N	2025-10-14 08:42:09.601	\N	2025-10-14 08:40:49.771385	2025-10-14 08:42:09.60343	\N	\N	\N	\N	\N	\N
8321	15	30	26	1	2	26	BO3	regular_season	15	251	completed	2025-10-28 08:40:49.769	\N	2025-10-14 08:42:17.452	\N	2025-10-14 08:40:49.771385	2025-10-14 08:42:17.455722	\N	\N	\N	\N	\N	\N
8412	15	34	36	2	1	34	BO3	regular_season	15	342	completed	2025-10-28 08:40:49.769	\N	2025-10-14 08:42:17.505	\N	2025-10-14 08:40:49.771385	2025-10-14 08:42:17.510669	\N	\N	\N	\N	\N	\N
8232	15	15	17	2	1	15	BO3	regular_season	15	162	completed	2025-10-28 08:40:49.768	\N	2025-10-14 08:42:17.571	\N	2025-10-14 08:40:49.771385	2025-10-14 08:42:17.57288	\N	\N	\N	\N	\N	\N
8141	15	10	6	1	2	6	BO3	regular_season	15	71	completed	2025-10-28 08:40:49.768	\N	2025-10-14 08:42:17.61	\N	2025-10-14 08:40:49.771385	2025-10-14 08:42:17.61304	\N	\N	\N	\N	\N	\N
8328	15	25	29	2	1	25	BO3	regular_season	16	258	completed	2025-10-29 08:40:49.769	\N	2025-10-14 08:42:20.522	\N	2025-10-14 08:40:49.771385	2025-10-14 08:42:20.524191	\N	\N	\N	\N	\N	\N
8419	15	40	31	2	0	40	BO3	regular_season	16	349	completed	2025-10-29 08:40:49.769	\N	2025-10-14 08:42:20.566	\N	2025-10-14 08:40:49.771385	2025-10-14 08:42:20.567969	\N	\N	\N	\N	\N	\N
8237	15	16	18	2	0	16	BO3	regular_season	16	167	completed	2025-10-29 08:40:49.768	\N	2025-10-14 08:42:20.612	\N	2025-10-14 08:40:49.771385	2025-10-14 08:42:20.614757	\N	\N	\N	\N	\N	\N
8149	15	4	1	2	1	4	BO3	regular_season	16	79	completed	2025-10-29 08:40:49.768	\N	2025-10-14 08:42:20.641	\N	2025-10-14 08:40:49.771385	2025-10-14 08:42:20.643164	\N	\N	\N	\N	\N	\N
8335	15	24	23	2	0	24	BO3	regular_season	17	265	completed	2025-10-30 08:40:49.769	\N	2025-10-14 08:42:23.265	\N	2025-10-14 08:40:49.771385	2025-10-14 08:42:23.2682	\N	\N	\N	\N	\N	\N
8151	15	10	8	0	2	8	BO3	regular_season	17	81	completed	2025-10-30 08:40:49.768	\N	2025-10-14 08:42:23.362	\N	2025-10-14 08:40:49.771385	2025-10-14 08:42:23.364763	\N	\N	\N	\N	\N	\N
8245	15	14	13	0	2	13	BO3	regular_season	17	175	completed	2025-10-30 08:40:49.768	\N	2025-10-14 08:42:23.368	\N	2025-10-14 08:40:49.771385	2025-10-14 08:42:23.371529	\N	\N	\N	\N	\N	\N
8430	15	34	40	2	1	34	BO3	regular_season	18	360	completed	2025-10-31 08:40:49.769	\N	2025-10-14 08:42:27.208	\N	2025-10-14 08:40:49.771385	2025-10-14 08:42:27.212031	\N	\N	\N	\N	\N	\N
8249	15	16	13	1	2	13	BO3	regular_season	18	179	completed	2025-10-31 08:40:49.768	\N	2025-10-14 08:42:27.362	\N	2025-10-14 08:40:49.771385	2025-10-14 08:42:27.365086	\N	\N	\N	\N	\N	\N
8506	16	10	7	2	1	10	BO3	regular_season	16	76	completed	2025-10-29 09:05:16.316	\N	2025-10-14 09:10:56.691	\N	2025-10-14 09:05:16.347901	2025-10-14 09:10:56.69586	\N	\N	\N	\N	\N	\N
8510	16	3	2	2	1	3	BO3	regular_season	16	80	completed	2025-10-29 09:05:16.316	\N	2025-10-14 09:10:56.745	\N	2025-10-14 09:05:16.347901	2025-10-14 09:10:56.748629	\N	\N	\N	\N	\N	\N
8509	16	4	1	1	2	1	BO3	regular_season	16	79	completed	2025-10-29 09:05:16.316	\N	2025-10-14 09:10:56.753	\N	2025-10-14 09:05:16.347901	2025-10-14 09:10:56.755157	\N	\N	\N	\N	\N	\N
8508	16	5	9	1	2	9	BO3	regular_season	16	78	completed	2025-10-29 09:05:16.316	\N	2025-10-14 09:10:56.76	\N	2025-10-14 09:05:16.347901	2025-10-14 09:10:56.765825	\N	\N	\N	\N	\N	\N
8507	16	6	8	2	0	6	BO3	regular_season	16	77	completed	2025-10-29 09:05:16.316	\N	2025-10-14 09:10:56.77	\N	2025-10-14 09:05:16.347901	2025-10-14 09:10:56.773028	\N	\N	\N	\N	\N	\N
8515	16	4	3	2	0	4	BO3	regular_season	17	85	completed	2025-10-30 09:05:16.316	\N	2025-10-14 09:11:00.301	\N	2025-10-14 09:05:16.347901	2025-10-14 09:11:00.303732	\N	\N	\N	\N	\N	\N
8513	16	6	1	2	1	6	BO3	regular_season	17	83	completed	2025-10-30 09:05:16.316	\N	2025-10-14 09:11:00.315	\N	2025-10-14 09:05:16.347901	2025-10-14 09:11:00.317853	\N	\N	\N	\N	\N	\N
8512	16	7	9	2	0	7	BO3	regular_season	17	82	completed	2025-10-30 09:05:16.316	\N	2025-10-14 09:11:00.322	\N	2025-10-14 09:05:16.347901	2025-10-14 09:11:00.325615	\N	\N	\N	\N	\N	\N
8511	16	10	8	2	1	10	BO3	regular_season	17	81	completed	2025-10-30 09:05:16.316	\N	2025-10-14 09:11:00.331	\N	2025-10-14 09:05:16.347901	2025-10-14 09:11:00.33528	\N	\N	\N	\N	\N	\N
8516	16	10	9	0	2	9	BO3	regular_season	18	86	completed	2025-10-31 09:05:16.316	\N	2025-10-14 09:11:03.573	\N	2025-10-14 09:05:16.347901	2025-10-14 09:11:03.576632	\N	\N	\N	\N	\N	\N
8517	16	8	1	0	2	1	BO3	regular_season	18	87	completed	2025-10-31 09:05:16.316	\N	2025-10-14 09:11:03.584	\N	2025-10-14 09:05:16.347901	2025-10-14 09:11:03.587456	\N	\N	\N	\N	\N	\N
8518	16	7	2	0	2	2	BO3	regular_season	18	88	completed	2025-10-31 09:05:16.316	\N	2025-10-14 09:11:03.595	\N	2025-10-14 09:05:16.347901	2025-10-14 09:11:03.597296	\N	\N	\N	\N	\N	\N
9165	21	7	8	0	0	\N	BO3	regular_season	3	15	scheduled	2025-10-16 15:14:00.631	\N	\N	\N	2025-10-14 15:14:00.640225	2025-10-14 15:14:00.640225	\N	\N	\N	\N	\N	\N
8525	16	15	16	2	1	15	BO3	regular_season	1	95	completed	2025-10-14 09:05:16.316	\N	2025-10-14 09:09:29.555	\N	2025-10-14 09:05:16.347901	2025-10-14 09:09:29.557668	\N	\N	\N	\N	\N	\N
8524	16	14	17	2	0	14	BO3	regular_season	1	94	completed	2025-10-14 09:05:16.316	\N	2025-10-14 09:09:29.562	\N	2025-10-14 09:05:16.347901	2025-10-14 09:09:29.56428	\N	\N	\N	\N	\N	\N
8523	16	13	18	2	0	13	BO3	regular_season	1	93	completed	2025-10-14 09:05:16.316	\N	2025-10-14 09:09:29.568	\N	2025-10-14 09:05:16.347901	2025-10-14 09:09:29.571071	\N	\N	\N	\N	\N	\N
8522	16	12	19	2	0	12	BO3	regular_season	1	92	completed	2025-10-14 09:05:16.316	\N	2025-10-14 09:09:29.575	\N	2025-10-14 09:05:16.347901	2025-10-14 09:09:29.577437	\N	\N	\N	\N	\N	\N
8529	16	15	18	1	2	18	BO3	regular_season	2	99	completed	2025-10-15 09:05:16.316	\N	2025-10-14 09:09:34.46	\N	2025-10-14 09:05:16.347901	2025-10-14 09:09:34.462873	\N	\N	\N	\N	\N	\N
8526	16	12	20	2	0	12	BO3	regular_season	2	96	completed	2025-10-15 09:05:16.316	\N	2025-10-14 09:09:34.519	\N	2025-10-14 09:05:16.347901	2025-10-14 09:09:34.521403	\N	\N	\N	\N	\N	\N
8527	16	13	11	2	1	13	BO3	regular_season	2	97	completed	2025-10-15 09:05:16.316	\N	2025-10-14 09:09:34.529	\N	2025-10-14 09:05:16.347901	2025-10-14 09:09:34.531714	\N	\N	\N	\N	\N	\N
8528	16	14	19	2	1	14	BO3	regular_season	2	98	completed	2025-10-15 09:05:16.316	\N	2025-10-14 09:09:34.542	\N	2025-10-14 09:05:16.347901	2025-10-14 09:09:34.546473	\N	\N	\N	\N	\N	\N
8532	16	14	12	0	2	12	BO3	regular_season	3	102	completed	2025-10-16 09:05:16.316	\N	2025-10-14 09:09:37.834	\N	2025-10-14 09:05:16.347901	2025-10-14 09:09:37.837074	\N	\N	\N	\N	\N	\N
8535	16	17	18	2	0	17	BO3	regular_season	3	105	completed	2025-10-16 09:05:16.316	\N	2025-10-14 09:09:37.844	\N	2025-10-14 09:05:16.347901	2025-10-14 09:09:37.847385	\N	\N	\N	\N	\N	\N
8534	16	16	19	0	2	19	BO3	regular_season	3	104	completed	2025-10-16 09:05:16.316	\N	2025-10-14 09:09:37.854	\N	2025-10-14 09:05:16.347901	2025-10-14 09:09:37.856691	\N	\N	\N	\N	\N	\N
8533	16	15	11	2	1	15	BO3	regular_season	3	103	completed	2025-10-16 09:05:16.316	\N	2025-10-14 09:09:37.889	\N	2025-10-14 09:05:16.347901	2025-10-14 09:09:37.89197	\N	\N	\N	\N	\N	\N
8536	16	14	20	2	1	14	BO3	regular_season	4	106	completed	2025-10-17 09:05:16.316	\N	2025-10-14 09:10:06.186	\N	2025-10-14 09:05:16.347901	2025-10-14 09:10:06.188976	\N	\N	\N	\N	\N	\N
8537	16	15	13	2	1	15	BO3	regular_season	4	107	completed	2025-10-17 09:05:16.316	\N	2025-10-14 09:10:06.194	\N	2025-10-14 09:05:16.347901	2025-10-14 09:10:06.196614	\N	\N	\N	\N	\N	\N
8538	16	16	12	0	2	12	BO3	regular_season	4	108	completed	2025-10-17 09:05:16.316	\N	2025-10-14 09:10:06.201	\N	2025-10-14 09:05:16.347901	2025-10-14 09:10:06.20341	\N	\N	\N	\N	\N	\N
8539	16	17	11	0	2	11	BO3	regular_season	4	109	completed	2025-10-17 09:05:16.316	\N	2025-10-14 09:10:06.208	\N	2025-10-14 09:05:16.347901	2025-10-14 09:10:06.210397	\N	\N	\N	\N	\N	\N
8540	16	18	19	2	0	18	BO3	regular_season	4	110	completed	2025-10-17 09:05:16.316	\N	2025-10-14 09:10:06.215	\N	2025-10-14 09:05:16.347901	2025-10-14 09:10:06.218308	\N	\N	\N	\N	\N	\N
8541	16	15	20	2	0	15	BO3	regular_season	5	111	completed	2025-10-18 09:05:16.316	\N	2025-10-14 09:10:10.187	\N	2025-10-14 09:05:16.347901	2025-10-14 09:10:10.191234	\N	\N	\N	\N	\N	\N
8542	16	16	14	1	2	14	BO3	regular_season	5	112	completed	2025-10-18 09:05:16.316	\N	2025-10-14 09:10:10.197	\N	2025-10-14 09:05:16.347901	2025-10-14 09:10:10.199697	\N	\N	\N	\N	\N	\N
8545	16	19	11	0	2	11	BO3	regular_season	5	115	completed	2025-10-18 09:05:16.316	\N	2025-10-14 09:10:10.205	\N	2025-10-14 09:05:16.347901	2025-10-14 09:10:10.206671	\N	\N	\N	\N	\N	\N
8544	16	18	12	1	2	12	BO3	regular_season	5	114	completed	2025-10-18 09:05:16.316	\N	2025-10-14 09:10:10.211	\N	2025-10-14 09:05:16.347901	2025-10-14 09:10:10.214301	\N	\N	\N	\N	\N	\N
8546	16	16	20	2	0	16	BO3	regular_season	6	116	completed	2025-10-19 09:05:16.316	\N	2025-10-14 09:10:16.992	\N	2025-10-14 09:05:16.347901	2025-10-14 09:10:16.993903	\N	\N	\N	\N	\N	\N
8547	16	17	15	2	1	17	BO3	regular_season	6	117	completed	2025-10-19 09:05:16.316	\N	2025-10-14 09:10:16.997	\N	2025-10-14 09:05:16.347901	2025-10-14 09:10:16.999258	\N	\N	\N	\N	\N	\N
8549	16	19	13	1	2	13	BO3	regular_season	6	119	completed	2025-10-19 09:05:16.316	\N	2025-10-14 09:10:17.01	\N	2025-10-14 09:05:16.347901	2025-10-14 09:10:17.012832	\N	\N	\N	\N	\N	\N
8550	16	11	12	2	0	11	BO3	regular_season	6	120	completed	2025-10-19 09:05:16.316	\N	2025-10-14 09:10:17.016	\N	2025-10-14 09:05:16.347901	2025-10-14 09:10:17.019779	\N	\N	\N	\N	\N	\N
8551	16	17	20	1	2	20	BO3	regular_season	7	121	completed	2025-10-20 09:05:16.316	\N	2025-10-14 09:10:22.136	\N	2025-10-14 09:05:16.347901	2025-10-14 09:10:22.138091	\N	\N	\N	\N	\N	\N
8555	16	12	13	0	2	13	BO3	regular_season	7	125	completed	2025-10-20 09:05:16.316	\N	2025-10-14 09:10:22.148	\N	2025-10-14 09:05:16.347901	2025-10-14 09:10:22.151578	\N	\N	\N	\N	\N	\N
8554	16	11	14	2	0	11	BO3	regular_season	7	124	completed	2025-10-20 09:05:16.316	\N	2025-10-14 09:10:22.158	\N	2025-10-14 09:05:16.347901	2025-10-14 09:10:22.161548	\N	\N	\N	\N	\N	\N
8553	16	19	15	2	0	19	BO3	regular_season	7	123	completed	2025-10-20 09:05:16.316	\N	2025-10-14 09:10:22.173	\N	2025-10-14 09:05:16.347901	2025-10-14 09:10:22.175641	\N	\N	\N	\N	\N	\N
8556	16	18	20	2	1	18	BO3	regular_season	8	126	completed	2025-10-21 09:05:16.316	\N	2025-10-14 09:10:25.016	\N	2025-10-14 09:05:16.347901	2025-10-14 09:10:25.017977	\N	\N	\N	\N	\N	\N
8557	16	19	17	1	2	17	BO3	regular_season	8	127	completed	2025-10-21 09:05:16.316	\N	2025-10-14 09:10:25.023	\N	2025-10-14 09:05:16.347901	2025-10-14 09:10:25.0255	\N	\N	\N	\N	\N	\N
8558	16	11	16	2	0	11	BO3	regular_season	8	128	completed	2025-10-21 09:05:16.316	\N	2025-10-14 09:10:25.03	\N	2025-10-14 09:05:16.347901	2025-10-14 09:10:25.032275	\N	\N	\N	\N	\N	\N
8559	16	12	15	0	2	15	BO3	regular_season	8	129	completed	2025-10-21 09:05:16.316	\N	2025-10-14 09:10:25.041	\N	2025-10-14 09:05:16.347901	2025-10-14 09:10:25.043556	\N	\N	\N	\N	\N	\N
8560	16	13	14	0	2	14	BO3	regular_season	8	130	completed	2025-10-21 09:05:16.316	\N	2025-10-14 09:10:25.047	\N	2025-10-14 09:05:16.347901	2025-10-14 09:10:25.049069	\N	\N	\N	\N	\N	\N
8563	16	12	17	2	0	12	BO3	regular_season	9	133	completed	2025-10-22 09:05:16.316	\N	2025-10-14 09:10:28.077	\N	2025-10-14 09:05:16.347901	2025-10-14 09:10:28.079582	\N	\N	\N	\N	\N	\N
8561	16	19	20	1	2	20	BO3	regular_season	9	131	completed	2025-10-22 09:05:16.316	\N	2025-10-14 09:10:28.123	\N	2025-10-14 09:05:16.347901	2025-10-14 09:10:28.125022	\N	\N	\N	\N	\N	\N
8562	16	11	18	2	0	11	BO3	regular_season	9	132	completed	2025-10-22 09:05:16.316	\N	2025-10-14 09:10:28.135	\N	2025-10-14 09:05:16.347901	2025-10-14 09:10:28.138031	\N	\N	\N	\N	\N	\N
8564	16	13	16	2	1	13	BO3	regular_season	9	134	completed	2025-10-22 09:05:16.316	\N	2025-10-14 09:10:28.142	\N	2025-10-14 09:05:16.347901	2025-10-14 09:10:28.145521	\N	\N	\N	\N	\N	\N
8570	16	16	15	0	2	15	BO3	regular_season	10	140	completed	2025-10-23 09:05:16.316	\N	2025-10-14 09:10:30.645	\N	2025-10-14 09:05:16.347901	2025-10-14 09:10:30.649107	\N	\N	\N	\N	\N	\N
8569	16	17	14	1	2	14	BO3	regular_season	10	139	completed	2025-10-23 09:05:16.316	\N	2025-10-14 09:10:30.654	\N	2025-10-14 09:05:16.347901	2025-10-14 09:10:30.656831	\N	\N	\N	\N	\N	\N
8568	16	18	13	0	2	13	BO3	regular_season	10	138	completed	2025-10-23 09:05:16.316	\N	2025-10-14 09:10:30.66	\N	2025-10-14 09:05:16.347901	2025-10-14 09:10:30.662321	\N	\N	\N	\N	\N	\N
8566	16	20	11	0	2	11	BO3	regular_season	10	136	completed	2025-10-23 09:05:16.316	\N	2025-10-14 09:10:30.676	\N	2025-10-14 09:05:16.347901	2025-10-14 09:10:30.677997	\N	\N	\N	\N	\N	\N
8572	16	11	13	0	2	13	BO3	regular_season	11	142	completed	2025-10-24 09:05:16.316	\N	2025-10-14 09:10:34.058	\N	2025-10-14 09:05:16.347901	2025-10-14 09:10:34.060932	\N	\N	\N	\N	\N	\N
8571	16	20	12	0	2	12	BO3	regular_season	11	141	completed	2025-10-24 09:05:16.316	\N	2025-10-14 09:10:34.074	\N	2025-10-14 09:05:16.347901	2025-10-14 09:10:34.076404	\N	\N	\N	\N	\N	\N
8575	16	17	16	1	2	16	BO3	regular_season	11	145	completed	2025-10-24 09:05:16.316	\N	2025-10-14 09:10:34.112	\N	2025-10-14 09:05:16.347901	2025-10-14 09:10:34.114155	\N	\N	\N	\N	\N	\N
8574	16	18	15	1	2	15	BO3	regular_season	11	144	completed	2025-10-24 09:05:16.316	\N	2025-10-14 09:10:34.118	\N	2025-10-14 09:05:16.347901	2025-10-14 09:10:34.121277	\N	\N	\N	\N	\N	\N
8573	16	19	14	0	2	14	BO3	regular_season	11	143	completed	2025-10-24 09:05:16.316	\N	2025-10-14 09:10:34.125	\N	2025-10-14 09:05:16.347901	2025-10-14 09:10:34.128645	\N	\N	\N	\N	\N	\N
8579	16	19	16	2	1	19	BO3	regular_season	12	149	completed	2025-10-25 09:05:16.316	\N	2025-10-14 09:10:36.741	\N	2025-10-14 09:05:16.347901	2025-10-14 09:10:36.744005	\N	\N	\N	\N	\N	\N
8578	16	11	15	2	0	11	BO3	regular_season	12	148	completed	2025-10-25 09:05:16.316	\N	2025-10-14 09:10:36.75	\N	2025-10-14 09:05:16.347901	2025-10-14 09:10:36.752622	\N	\N	\N	\N	\N	\N
8577	16	12	14	2	1	12	BO3	regular_season	12	147	completed	2025-10-25 09:05:16.316	\N	2025-10-14 09:10:36.759	\N	2025-10-14 09:05:16.347901	2025-10-14 09:10:36.763093	\N	\N	\N	\N	\N	\N
8576	16	20	13	0	2	13	BO3	regular_season	12	146	completed	2025-10-25 09:05:16.316	\N	2025-10-14 09:10:36.768	\N	2025-10-14 09:05:16.347901	2025-10-14 09:10:36.77242	\N	\N	\N	\N	\N	\N
8582	16	13	15	1	2	15	BO3	regular_season	13	152	completed	2025-10-26 09:05:16.316	\N	2025-10-14 09:10:47.249	\N	2025-10-14 09:05:16.347901	2025-10-14 09:10:47.253856	\N	\N	\N	\N	\N	\N
8583	16	12	16	1	2	16	BO3	regular_season	13	153	completed	2025-10-26 09:05:16.316	\N	2025-10-14 09:10:47.258	\N	2025-10-14 09:05:16.347901	2025-10-14 09:10:47.260053	\N	\N	\N	\N	\N	\N
8519	16	6	3	2	1	6	BO3	regular_season	18	89	completed	2025-10-31 09:05:16.316	\N	2025-10-14 09:11:03.603	\N	2025-10-14 09:05:16.347901	2025-10-14 09:11:03.604895	\N	\N	\N	\N	\N	\N
8520	16	5	4	2	0	5	BO3	regular_season	18	90	completed	2025-10-31 09:05:16.316	\N	2025-10-14 09:11:03.612	\N	2025-10-14 09:05:16.347901	2025-10-14 09:11:03.616686	\N	\N	\N	\N	\N	\N
9166	21	4	10	0	0	\N	BO3	regular_season	4	16	scheduled	2025-10-17 15:14:00.631	\N	\N	\N	2025-10-14 15:14:00.640225	2025-10-14 15:14:00.640225	\N	\N	\N	\N	\N	\N
8614	16	24	27	0	2	27	BO3	regular_season	1	184	completed	2025-10-14 09:05:16.341	\N	2025-10-14 09:09:29.445	\N	2025-10-14 09:05:16.347901	2025-10-14 09:09:29.448784	\N	\N	\N	\N	\N	\N
8613	16	23	28	2	0	23	BO3	regular_season	1	183	completed	2025-10-14 09:05:16.341	\N	2025-10-14 09:09:29.455	\N	2025-10-14 09:05:16.347901	2025-10-14 09:09:29.458057	\N	\N	\N	\N	\N	\N
8612	16	22	29	1	2	29	BO3	regular_season	1	182	completed	2025-10-14 09:05:16.34	\N	2025-10-14 09:09:29.514	\N	2025-10-14 09:05:16.347901	2025-10-14 09:09:29.518217	\N	\N	\N	\N	\N	\N
8611	16	21	30	2	0	21	BO3	regular_season	1	181	completed	2025-10-14 09:05:16.34	\N	2025-10-14 09:09:29.526	\N	2025-10-14 09:05:16.347901	2025-10-14 09:09:29.530546	\N	\N	\N	\N	\N	\N
8620	16	26	27	2	1	26	BO3	regular_season	2	190	completed	2025-10-15 09:05:16.341	\N	2025-10-14 09:09:34.364	\N	2025-10-14 09:05:16.347901	2025-10-14 09:09:34.367855	\N	\N	\N	\N	\N	\N
8617	16	23	21	0	2	21	BO3	regular_season	2	187	completed	2025-10-15 09:05:16.341	\N	2025-10-14 09:09:34.434	\N	2025-10-14 09:05:16.347901	2025-10-14 09:09:34.436418	\N	\N	\N	\N	\N	\N
8618	16	24	29	2	1	24	BO3	regular_season	2	188	completed	2025-10-15 09:05:16.341	\N	2025-10-14 09:09:34.441	\N	2025-10-14 09:05:16.347901	2025-10-14 09:09:34.443557	\N	\N	\N	\N	\N	\N
8619	16	25	28	1	2	28	BO3	regular_season	2	189	completed	2025-10-15 09:05:16.341	\N	2025-10-14 09:09:34.448	\N	2025-10-14 09:05:16.347901	2025-10-14 09:09:34.453069	\N	\N	\N	\N	\N	\N
8621	16	23	30	2	1	23	BO3	regular_season	3	191	completed	2025-10-16 09:05:16.341	\N	2025-10-14 09:09:37.746	\N	2025-10-14 09:05:16.347901	2025-10-14 09:09:37.748732	\N	\N	\N	\N	\N	\N
8623	16	25	21	2	0	25	BO3	regular_season	3	193	completed	2025-10-16 09:05:16.341	\N	2025-10-14 09:09:37.755	\N	2025-10-14 09:05:16.347901	2025-10-14 09:09:37.758262	\N	\N	\N	\N	\N	\N
8624	16	26	29	2	0	26	BO3	regular_season	3	194	completed	2025-10-16 09:05:16.341	\N	2025-10-14 09:09:37.762	\N	2025-10-14 09:05:16.347901	2025-10-14 09:09:37.763983	\N	\N	\N	\N	\N	\N
8622	16	24	22	0	2	22	BO3	regular_season	3	192	completed	2025-10-16 09:05:16.341	\N	2025-10-14 09:09:37.814	\N	2025-10-14 09:05:16.347901	2025-10-14 09:09:37.817829	\N	\N	\N	\N	\N	\N
8629	16	27	21	0	2	21	BO3	regular_season	4	199	completed	2025-10-17 09:05:16.341	\N	2025-10-14 09:10:06.055	\N	2025-10-14 09:05:16.347901	2025-10-14 09:10:06.059533	\N	\N	\N	\N	\N	\N
8626	16	24	30	2	0	24	BO3	regular_season	4	196	completed	2025-10-17 09:05:16.341	\N	2025-10-14 09:10:06.127	\N	2025-10-14 09:05:16.347901	2025-10-14 09:10:06.1308	\N	\N	\N	\N	\N	\N
8627	16	25	23	2	0	25	BO3	regular_season	4	197	completed	2025-10-17 09:05:16.341	\N	2025-10-14 09:10:06.138	\N	2025-10-14 09:05:16.347901	2025-10-14 09:10:06.14266	\N	\N	\N	\N	\N	\N
8628	16	26	22	2	1	26	BO3	regular_season	4	198	completed	2025-10-17 09:05:16.341	\N	2025-10-14 09:10:06.151	\N	2025-10-14 09:05:16.347901	2025-10-14 09:10:06.15466	\N	\N	\N	\N	\N	\N
8630	16	28	29	0	2	29	BO3	regular_season	4	200	completed	2025-10-17 09:05:16.341	\N	2025-10-14 09:10:06.163	\N	2025-10-14 09:05:16.347901	2025-10-14 09:10:06.167585	\N	\N	\N	\N	\N	\N
8631	16	25	30	2	1	25	BO3	regular_season	5	201	completed	2025-10-18 09:05:16.341	\N	2025-10-14 09:10:10.031	\N	2025-10-14 09:05:16.347901	2025-10-14 09:10:10.034	\N	\N	\N	\N	\N	\N
8635	16	29	21	2	1	29	BO3	regular_season	5	205	completed	2025-10-18 09:05:16.341	\N	2025-10-14 09:10:10.102	\N	2025-10-14 09:05:16.347901	2025-10-14 09:10:10.105135	\N	\N	\N	\N	\N	\N
8634	16	28	22	1	2	22	BO3	regular_season	5	204	completed	2025-10-18 09:05:16.341	\N	2025-10-14 09:10:10.11	\N	2025-10-14 09:05:16.347901	2025-10-14 09:10:10.114519	\N	\N	\N	\N	\N	\N
8633	16	27	23	1	2	23	BO3	regular_season	5	203	completed	2025-10-18 09:05:16.341	\N	2025-10-14 09:10:10.118	\N	2025-10-14 09:05:16.347901	2025-10-14 09:10:10.121929	\N	\N	\N	\N	\N	\N
8639	16	29	23	0	2	23	BO3	regular_season	6	209	completed	2025-10-19 09:05:16.341	\N	2025-10-14 09:10:16.907	\N	2025-10-14 09:05:16.347901	2025-10-14 09:10:16.910103	\N	\N	\N	\N	\N	\N
8636	16	26	30	2	0	26	BO3	regular_season	6	206	completed	2025-10-19 09:05:16.341	\N	2025-10-14 09:10:16.951	\N	2025-10-14 09:05:16.347901	2025-10-14 09:10:16.953977	\N	\N	\N	\N	\N	\N
8638	16	28	24	0	2	24	BO3	regular_season	6	208	completed	2025-10-19 09:05:16.341	\N	2025-10-14 09:10:16.974	\N	2025-10-14 09:05:16.347901	2025-10-14 09:10:16.976108	\N	\N	\N	\N	\N	\N
8640	16	21	22	1	2	22	BO3	regular_season	6	210	completed	2025-10-19 09:05:16.341	\N	2025-10-14 09:10:16.98	\N	2025-10-14 09:05:16.347901	2025-10-14 09:10:16.982631	\N	\N	\N	\N	\N	\N
8645	16	22	23	2	0	22	BO3	regular_season	7	215	completed	2025-10-20 09:05:16.341	\N	2025-10-14 09:10:22.007	\N	2025-10-14 09:05:16.347901	2025-10-14 09:10:22.011451	\N	\N	\N	\N	\N	\N
8644	16	21	24	1	2	24	BO3	regular_season	7	214	completed	2025-10-20 09:05:16.341	\N	2025-10-14 09:10:22.048	\N	2025-10-14 09:05:16.347901	2025-10-14 09:10:22.052838	\N	\N	\N	\N	\N	\N
8643	16	29	25	0	2	25	BO3	regular_season	7	213	completed	2025-10-20 09:05:16.341	\N	2025-10-14 09:10:22.059	\N	2025-10-14 09:05:16.347901	2025-10-14 09:10:22.062183	\N	\N	\N	\N	\N	\N
8642	16	28	26	1	2	26	BO3	regular_season	7	212	completed	2025-10-20 09:05:16.341	\N	2025-10-14 09:10:22.067	\N	2025-10-14 09:05:16.347901	2025-10-14 09:10:22.069338	\N	\N	\N	\N	\N	\N
8646	16	28	30	2	1	28	BO3	regular_season	8	216	completed	2025-10-21 09:05:16.341	\N	2025-10-14 09:10:24.947	\N	2025-10-14 09:05:16.347901	2025-10-14 09:10:24.949639	\N	\N	\N	\N	\N	\N
8647	16	29	27	2	1	29	BO3	regular_season	8	217	completed	2025-10-21 09:05:16.341	\N	2025-10-14 09:10:24.953	\N	2025-10-14 09:05:16.347901	2025-10-14 09:10:24.955242	\N	\N	\N	\N	\N	\N
8648	16	21	26	2	0	21	BO3	regular_season	8	218	completed	2025-10-21 09:05:16.341	\N	2025-10-14 09:10:24.96	\N	2025-10-14 09:05:16.347901	2025-10-14 09:10:24.962454	\N	\N	\N	\N	\N	\N
8584	16	11	17	2	0	11	BO3	regular_season	13	154	completed	2025-10-26 09:05:16.316	\N	2025-10-14 09:10:47.263	\N	2025-10-14 09:05:16.347901	2025-10-14 09:10:47.265405	\N	\N	\N	\N	\N	\N
8585	16	19	18	2	0	19	BO3	regular_season	13	155	completed	2025-10-26 09:05:16.316	\N	2025-10-14 09:10:47.269	\N	2025-10-14 09:05:16.347901	2025-10-14 09:10:47.271064	\N	\N	\N	\N	\N	\N
8586	16	20	15	1	2	15	BO3	regular_season	14	156	completed	2025-10-27 09:05:16.316	\N	2025-10-14 09:10:50.126	\N	2025-10-14 09:05:16.347901	2025-10-14 09:10:50.130321	\N	\N	\N	\N	\N	\N
8589	16	12	18	2	0	12	BO3	regular_season	14	159	completed	2025-10-27 09:05:16.316	\N	2025-10-14 09:10:50.179	\N	2025-10-14 09:05:16.347901	2025-10-14 09:10:50.182786	\N	\N	\N	\N	\N	\N
8588	16	13	17	2	0	13	BO3	regular_season	14	158	completed	2025-10-27 09:05:16.316	\N	2025-10-14 09:10:50.193	\N	2025-10-14 09:05:16.347901	2025-10-14 09:10:50.197676	\N	\N	\N	\N	\N	\N
8587	16	14	16	0	2	16	BO3	regular_season	14	157	completed	2025-10-27 09:05:16.316	\N	2025-10-14 09:10:50.204	\N	2025-10-14 09:05:16.347901	2025-10-14 09:10:50.20793	\N	\N	\N	\N	\N	\N
8591	16	20	16	0	2	16	BO3	regular_season	15	161	completed	2025-10-28 09:05:16.316	\N	2025-10-14 09:10:54.131	\N	2025-10-14 09:05:16.347901	2025-10-14 09:10:54.133375	\N	\N	\N	\N	\N	\N
8592	16	15	17	2	0	15	BO3	regular_season	15	162	completed	2025-10-28 09:05:16.316	\N	2025-10-14 09:10:54.138	\N	2025-10-14 09:05:16.347901	2025-10-14 09:10:54.141595	\N	\N	\N	\N	\N	\N
8593	16	14	18	2	0	14	BO3	regular_season	15	163	completed	2025-10-28 09:05:16.316	\N	2025-10-14 09:10:54.149	\N	2025-10-14 09:05:16.347901	2025-10-14 09:10:54.151736	\N	\N	\N	\N	\N	\N
8595	16	12	11	1	2	11	BO3	regular_season	15	165	completed	2025-10-28 09:05:16.316	\N	2025-10-14 09:10:54.165	\N	2025-10-14 09:05:16.347901	2025-10-14 09:10:54.169751	\N	\N	\N	\N	\N	\N
8600	16	13	12	2	0	13	BO3	regular_season	16	170	completed	2025-10-29 09:05:16.316	\N	2025-10-14 09:10:56.701	\N	2025-10-14 09:05:16.347901	2025-10-14 09:10:56.704411	\N	\N	\N	\N	\N	\N
8599	16	14	11	2	0	14	BO3	regular_season	16	169	completed	2025-10-29 09:05:16.316	\N	2025-10-14 09:10:56.708	\N	2025-10-14 09:05:16.347901	2025-10-14 09:10:56.710805	\N	\N	\N	\N	\N	\N
8598	16	15	19	2	0	15	BO3	regular_season	16	168	completed	2025-10-29 09:05:16.316	\N	2025-10-14 09:10:56.717	\N	2025-10-14 09:05:16.347901	2025-10-14 09:10:56.722074	\N	\N	\N	\N	\N	\N
8597	16	16	18	2	1	16	BO3	regular_season	16	167	completed	2025-10-29 09:05:16.316	\N	2025-10-14 09:10:56.727	\N	2025-10-14 09:05:16.347901	2025-10-14 09:10:56.730729	\N	\N	\N	\N	\N	\N
8596	16	20	17	0	2	17	BO3	regular_season	16	166	completed	2025-10-29 09:05:16.316	\N	2025-10-14 09:10:56.734	\N	2025-10-14 09:05:16.347901	2025-10-14 09:10:56.737793	\N	\N	\N	\N	\N	\N
8605	16	14	13	1	2	13	BO3	regular_season	17	175	completed	2025-10-30 09:05:16.316	\N	2025-10-14 09:11:00.342	\N	2025-10-14 09:05:16.347901	2025-10-14 09:11:00.345288	\N	\N	\N	\N	\N	\N
8604	16	15	12	2	0	15	BO3	regular_season	17	174	completed	2025-10-30 09:05:16.316	\N	2025-10-14 09:11:00.355	\N	2025-10-14 09:05:16.347901	2025-10-14 09:11:00.358263	\N	\N	\N	\N	\N	\N
8603	16	16	11	2	0	16	BO3	regular_season	17	173	completed	2025-10-30 09:05:16.316	\N	2025-10-14 09:11:00.363	\N	2025-10-14 09:05:16.347901	2025-10-14 09:11:00.36703	\N	\N	\N	\N	\N	\N
8602	16	17	19	2	0	17	BO3	regular_season	17	172	completed	2025-10-30 09:05:16.316	\N	2025-10-14 09:11:00.372	\N	2025-10-14 09:05:16.347901	2025-10-14 09:11:00.374457	\N	\N	\N	\N	\N	\N
8606	16	20	19	0	2	19	BO3	regular_season	18	176	completed	2025-10-31 09:05:16.316	\N	2025-10-14 09:11:03.623	\N	2025-10-14 09:05:16.347901	2025-10-14 09:11:03.64567	\N	\N	\N	\N	\N	\N
8607	16	18	11	0	2	11	BO3	regular_season	18	177	completed	2025-10-31 09:05:16.316	\N	2025-10-14 09:11:03.727	\N	2025-10-14 09:05:16.347901	2025-10-14 09:11:03.730586	\N	\N	\N	\N	\N	\N
8609	16	16	13	0	2	13	BO3	regular_season	18	179	completed	2025-10-31 09:05:16.316	\N	2025-10-14 09:11:03.744	\N	2025-10-14 09:05:16.347901	2025-10-14 09:11:03.745832	\N	\N	\N	\N	\N	\N
8610	16	15	14	0	2	14	BO3	regular_season	18	180	completed	2025-10-31 09:05:16.316	\N	2025-10-14 09:11:03.751	\N	2025-10-14 09:05:16.347901	2025-10-14 09:11:03.753541	\N	\N	\N	\N	\N	\N
9167	21	5	3	0	0	\N	BO3	regular_season	4	17	scheduled	2025-10-17 15:14:00.631	\N	\N	\N	2025-10-14 15:14:00.640225	2025-10-14 15:14:00.640225	\N	\N	\N	\N	\N	\N
8705	16	40	35	2	1	40	BO3	regular_season	1	275	completed	2025-10-14 09:05:16.341	\N	2025-10-14 09:09:29.421	\N	2025-10-14 09:05:16.347901	2025-10-14 09:09:29.423746	\N	\N	\N	\N	\N	\N
8702	16	32	38	2	0	32	BO3	regular_season	1	272	completed	2025-10-14 09:05:16.341	\N	2025-10-14 09:09:29.468	\N	2025-10-14 09:05:16.347901	2025-10-14 09:09:29.476773	\N	\N	\N	\N	\N	\N
8703	16	33	37	2	0	33	BO3	regular_season	1	273	completed	2025-10-14 09:05:16.341	\N	2025-10-14 09:09:29.485	\N	2025-10-14 09:05:16.347901	2025-10-14 09:09:29.489809	\N	\N	\N	\N	\N	\N
8701	16	31	39	2	0	31	BO3	regular_season	1	271	completed	2025-10-14 09:05:16.341	\N	2025-10-14 09:09:29.5	\N	2025-10-14 09:05:16.347901	2025-10-14 09:09:29.502634	\N	\N	\N	\N	\N	\N
8706	16	32	39	2	0	32	BO3	regular_season	2	276	completed	2025-10-15 09:05:16.341	\N	2025-10-14 09:09:34.376	\N	2025-10-14 09:05:16.347901	2025-10-14 09:09:34.37968	\N	\N	\N	\N	\N	\N
8708	16	34	38	2	1	34	BO3	regular_season	2	278	completed	2025-10-15 09:05:16.341	\N	2025-10-14 09:09:34.396	\N	2025-10-14 09:05:16.347901	2025-10-14 09:09:34.398523	\N	\N	\N	\N	\N	\N
8709	16	40	37	2	0	40	BO3	regular_season	2	279	completed	2025-10-15 09:05:16.341	\N	2025-10-14 09:09:34.406	\N	2025-10-14 09:05:16.347901	2025-10-14 09:09:34.409758	\N	\N	\N	\N	\N	\N
8710	16	35	36	2	1	35	BO3	regular_season	2	280	completed	2025-10-15 09:05:16.341	\N	2025-10-14 09:09:34.417	\N	2025-10-14 09:05:16.347901	2025-10-14 09:09:34.419531	\N	\N	\N	\N	\N	\N
8711	16	33	39	2	0	33	BO3	regular_season	3	281	completed	2025-10-16 09:05:16.341	\N	2025-10-14 09:09:37.774	\N	2025-10-14 09:05:16.347901	2025-10-14 09:09:37.776206	\N	\N	\N	\N	\N	\N
8713	16	40	31	2	0	40	BO3	regular_season	3	283	completed	2025-10-16 09:05:16.341	\N	2025-10-14 09:09:37.795	\N	2025-10-14 09:05:16.347901	2025-10-14 09:09:37.798778	\N	\N	\N	\N	\N	\N
8712	16	34	32	1	2	32	BO3	regular_season	3	282	completed	2025-10-16 09:05:16.341	\N	2025-10-14 09:09:37.805	\N	2025-10-14 09:05:16.347901	2025-10-14 09:09:37.807015	\N	\N	\N	\N	\N	\N
8649	16	22	25	2	1	22	BO3	regular_season	8	219	completed	2025-10-21 09:05:16.341	\N	2025-10-14 09:10:24.969	\N	2025-10-14 09:05:16.347901	2025-10-14 09:10:24.972111	\N	\N	\N	\N	\N	\N
8652	16	21	28	2	1	21	BO3	regular_season	9	222	completed	2025-10-22 09:05:16.341	\N	2025-10-14 09:10:28.003	\N	2025-10-14 09:05:16.347901	2025-10-14 09:10:28.006716	\N	\N	\N	\N	\N	\N
8651	16	29	30	2	0	29	BO3	regular_season	9	221	completed	2025-10-22 09:05:16.341	\N	2025-10-14 09:10:28.038	\N	2025-10-14 09:05:16.347901	2025-10-14 09:10:28.04113	\N	\N	\N	\N	\N	\N
8655	16	24	25	1	2	25	BO3	regular_season	9	225	completed	2025-10-22 09:05:16.341	\N	2025-10-14 09:10:28.057	\N	2025-10-14 09:05:16.347901	2025-10-14 09:10:28.059059	\N	\N	\N	\N	\N	\N
8654	16	23	26	2	0	23	BO3	regular_season	9	224	completed	2025-10-22 09:05:16.341	\N	2025-10-14 09:10:28.068	\N	2025-10-14 09:05:16.347901	2025-10-14 09:10:28.069612	\N	\N	\N	\N	\N	\N
8653	16	22	27	2	0	22	BO3	regular_season	9	223	completed	2025-10-22 09:05:16.341	\N	2025-10-14 09:10:28.072	\N	2025-10-14 09:05:16.347901	2025-10-14 09:10:28.074468	\N	\N	\N	\N	\N	\N
8656	16	30	21	2	1	30	BO3	regular_season	10	226	completed	2025-10-23 09:05:16.341	\N	2025-10-14 09:10:30.599	\N	2025-10-14 09:05:16.347901	2025-10-14 09:10:30.600943	\N	\N	\N	\N	\N	\N
8657	16	29	22	0	2	22	BO3	regular_season	10	227	completed	2025-10-23 09:05:16.341	\N	2025-10-14 09:10:30.607	\N	2025-10-14 09:05:16.347901	2025-10-14 09:10:30.609373	\N	\N	\N	\N	\N	\N
8658	16	28	23	1	2	23	BO3	regular_season	10	228	completed	2025-10-23 09:05:16.341	\N	2025-10-14 09:10:30.615	\N	2025-10-14 09:05:16.347901	2025-10-14 09:10:30.619265	\N	\N	\N	\N	\N	\N
8660	16	26	25	2	1	26	BO3	regular_season	10	230	completed	2025-10-23 09:05:16.341	\N	2025-10-14 09:10:30.624	\N	2025-10-14 09:05:16.347901	2025-10-14 09:10:30.627018	\N	\N	\N	\N	\N	\N
8661	16	30	22	0	2	22	BO3	regular_season	11	231	completed	2025-10-24 09:05:16.341	\N	2025-10-14 09:10:33.971	\N	2025-10-14 09:05:16.347901	2025-10-14 09:10:33.974524	\N	\N	\N	\N	\N	\N
8665	16	27	26	1	2	26	BO3	regular_season	11	235	completed	2025-10-24 09:05:16.341	\N	2025-10-14 09:10:34.002	\N	2025-10-14 09:05:16.347901	2025-10-14 09:10:34.005687	\N	\N	\N	\N	\N	\N
8663	16	29	24	0	2	24	BO3	regular_season	11	233	completed	2025-10-24 09:05:16.341	\N	2025-10-14 09:10:34.019	\N	2025-10-14 09:05:16.347901	2025-10-14 09:10:34.021669	\N	\N	\N	\N	\N	\N
8662	16	21	23	2	1	21	BO3	regular_season	11	232	completed	2025-10-24 09:05:16.341	\N	2025-10-14 09:10:34.028	\N	2025-10-14 09:05:16.347901	2025-10-14 09:10:34.032824	\N	\N	\N	\N	\N	\N
8666	16	30	23	0	2	23	BO3	regular_season	12	236	completed	2025-10-25 09:05:16.341	\N	2025-10-14 09:10:36.642	\N	2025-10-14 09:05:16.347901	2025-10-14 09:10:36.643848	\N	\N	\N	\N	\N	\N
8667	16	22	24	2	1	22	BO3	regular_season	12	237	completed	2025-10-25 09:05:16.341	\N	2025-10-14 09:10:36.649	\N	2025-10-14 09:05:16.347901	2025-10-14 09:10:36.650941	\N	\N	\N	\N	\N	\N
8668	16	21	25	2	0	21	BO3	regular_season	12	238	completed	2025-10-25 09:05:16.341	\N	2025-10-14 09:10:36.657	\N	2025-10-14 09:05:16.347901	2025-10-14 09:10:36.659013	\N	\N	\N	\N	\N	\N
8669	16	29	26	1	2	26	BO3	regular_season	12	239	completed	2025-10-25 09:05:16.341	\N	2025-10-14 09:10:36.664	\N	2025-10-14 09:05:16.347901	2025-10-14 09:10:36.666761	\N	\N	\N	\N	\N	\N
8671	16	30	24	1	2	24	BO3	regular_season	13	241	completed	2025-10-26 09:05:16.341	\N	2025-10-14 09:10:47.178	\N	2025-10-14 09:05:16.347901	2025-10-14 09:10:47.182798	\N	\N	\N	\N	\N	\N
8675	16	29	28	0	2	28	BO3	regular_season	13	245	completed	2025-10-26 09:05:16.341	\N	2025-10-14 09:10:47.189	\N	2025-10-14 09:05:16.347901	2025-10-14 09:10:47.191373	\N	\N	\N	\N	\N	\N
8674	16	21	27	2	1	21	BO3	regular_season	13	244	completed	2025-10-26 09:05:16.341	\N	2025-10-14 09:10:47.196	\N	2025-10-14 09:05:16.347901	2025-10-14 09:10:47.198816	\N	\N	\N	\N	\N	\N
8673	16	22	26	2	1	22	BO3	regular_season	13	243	completed	2025-10-26 09:05:16.341	\N	2025-10-14 09:10:47.203	\N	2025-10-14 09:05:16.347901	2025-10-14 09:10:47.204921	\N	\N	\N	\N	\N	\N
8672	16	23	25	2	0	23	BO3	regular_season	13	242	completed	2025-10-26 09:05:16.341	\N	2025-10-14 09:10:47.209	\N	2025-10-14 09:05:16.347901	2025-10-14 09:10:47.211186	\N	\N	\N	\N	\N	\N
8676	16	30	25	0	2	25	BO3	regular_season	14	246	completed	2025-10-27 09:05:16.341	\N	2025-10-14 09:10:50.049	\N	2025-10-14 09:05:16.347901	2025-10-14 09:10:50.050937	\N	\N	\N	\N	\N	\N
8679	16	22	28	2	0	22	BO3	regular_season	14	249	completed	2025-10-27 09:05:16.341	\N	2025-10-14 09:10:50.102	\N	2025-10-14 09:05:16.347901	2025-10-14 09:10:50.105289	\N	\N	\N	\N	\N	\N
8678	16	23	27	2	1	23	BO3	regular_season	14	248	completed	2025-10-27 09:05:16.341	\N	2025-10-14 09:10:50.11	\N	2025-10-14 09:05:16.347901	2025-10-14 09:10:50.115037	\N	\N	\N	\N	\N	\N
8677	16	24	26	2	0	24	BO3	regular_season	14	247	completed	2025-10-27 09:05:16.341	\N	2025-10-14 09:10:50.121	\N	2025-10-14 09:05:16.347901	2025-10-14 09:10:50.122742	\N	\N	\N	\N	\N	\N
8681	16	30	26	0	2	26	BO3	regular_season	15	251	completed	2025-10-28 09:05:16.341	\N	2025-10-14 09:10:54.033	\N	2025-10-14 09:05:16.347901	2025-10-14 09:10:54.038697	\N	\N	\N	\N	\N	\N
8682	16	25	27	2	1	25	BO3	regular_season	15	252	completed	2025-10-28 09:05:16.341	\N	2025-10-14 09:10:54.047	\N	2025-10-14 09:05:16.347901	2025-10-14 09:10:54.049554	\N	\N	\N	\N	\N	\N
8683	16	24	28	2	0	24	BO3	regular_season	15	253	completed	2025-10-28 09:05:16.341	\N	2025-10-14 09:10:54.054	\N	2025-10-14 09:05:16.347901	2025-10-14 09:10:54.056701	\N	\N	\N	\N	\N	\N
8685	16	22	21	0	2	21	BO3	regular_season	15	255	completed	2025-10-28 09:05:16.341	\N	2025-10-14 09:10:54.07	\N	2025-10-14 09:05:16.347901	2025-10-14 09:10:54.072323	\N	\N	\N	\N	\N	\N
8690	16	23	22	0	2	22	BO3	regular_season	16	260	completed	2025-10-29 09:05:16.341	\N	2025-10-14 09:10:56.619	\N	2025-10-14 09:05:16.347901	2025-10-14 09:10:56.622581	\N	\N	\N	\N	\N	\N
8689	16	24	21	0	2	21	BO3	regular_season	16	259	completed	2025-10-29 09:05:16.341	\N	2025-10-14 09:10:56.627	\N	2025-10-14 09:05:16.347901	2025-10-14 09:10:56.629953	\N	\N	\N	\N	\N	\N
8688	16	25	29	2	1	25	BO3	regular_season	16	258	completed	2025-10-29 09:05:16.341	\N	2025-10-14 09:10:56.634	\N	2025-10-14 09:05:16.347901	2025-10-14 09:10:56.636793	\N	\N	\N	\N	\N	\N
8687	16	26	28	2	0	26	BO3	regular_season	16	257	completed	2025-10-29 09:05:16.341	\N	2025-10-14 09:10:56.64	\N	2025-10-14 09:05:16.347901	2025-10-14 09:10:56.642263	\N	\N	\N	\N	\N	\N
8686	16	30	27	2	0	30	BO3	regular_season	16	256	completed	2025-10-29 09:05:16.341	\N	2025-10-14 09:10:56.647	\N	2025-10-14 09:05:16.347901	2025-10-14 09:10:56.64931	\N	\N	\N	\N	\N	\N
8692	16	27	29	0	2	29	BO3	regular_season	17	262	completed	2025-10-30 09:05:16.341	\N	2025-10-14 09:11:00.226	\N	2025-10-14 09:05:16.347901	2025-10-14 09:11:00.231992	\N	\N	\N	\N	\N	\N
8693	16	26	21	2	1	26	BO3	regular_season	17	263	completed	2025-10-30 09:05:16.341	\N	2025-10-14 09:11:00.238	\N	2025-10-14 09:05:16.347901	2025-10-14 09:11:00.240579	\N	\N	\N	\N	\N	\N
8694	16	25	22	2	0	25	BO3	regular_season	17	264	completed	2025-10-30 09:05:16.341	\N	2025-10-14 09:11:00.244	\N	2025-10-14 09:05:16.347901	2025-10-14 09:11:00.246622	\N	\N	\N	\N	\N	\N
8695	16	24	23	1	2	23	BO3	regular_season	17	265	completed	2025-10-30 09:05:16.341	\N	2025-10-14 09:11:00.25	\N	2025-10-14 09:05:16.347901	2025-10-14 09:11:00.253081	\N	\N	\N	\N	\N	\N
8696	16	30	29	0	2	29	BO3	regular_season	18	266	completed	2025-10-31 09:05:16.341	\N	2025-10-14 09:11:03.518	\N	2025-10-14 09:05:16.347901	2025-10-14 09:11:03.520263	\N	\N	\N	\N	\N	\N
8697	16	28	21	0	2	21	BO3	regular_season	18	267	completed	2025-10-31 09:05:16.341	\N	2025-10-14 09:11:03.524	\N	2025-10-14 09:05:16.347901	2025-10-14 09:11:03.526285	\N	\N	\N	\N	\N	\N
8699	16	26	23	0	2	23	BO3	regular_season	18	269	completed	2025-10-31 09:05:16.341	\N	2025-10-14 09:11:03.536	\N	2025-10-14 09:05:16.347901	2025-10-14 09:11:03.538855	\N	\N	\N	\N	\N	\N
8700	16	25	24	1	2	24	BO3	regular_season	18	270	completed	2025-10-31 09:05:16.341	\N	2025-10-14 09:11:03.543	\N	2025-10-14 09:05:16.347901	2025-10-14 09:11:03.545412	\N	\N	\N	\N	\N	\N
9168	21	6	2	0	0	\N	BO3	regular_season	4	18	scheduled	2025-10-17 15:14:00.631	\N	\N	\N	2025-10-14 15:14:00.640225	2025-10-14 15:14:00.640225	\N	\N	\N	\N	\N	\N
8714	16	35	38	2	0	35	BO3	regular_season	3	284	completed	2025-10-16 09:05:16.341	\N	2025-10-14 09:09:37.787	\N	2025-10-14 09:05:16.347901	2025-10-14 09:09:37.789942	\N	\N	\N	\N	\N	\N
8716	16	34	39	2	1	34	BO3	regular_season	4	286	completed	2025-10-17 09:05:16.341	\N	2025-10-14 09:10:06.065	\N	2025-10-14 09:05:16.347901	2025-10-14 09:10:06.068725	\N	\N	\N	\N	\N	\N
8717	16	40	33	1	2	33	BO3	regular_season	4	287	completed	2025-10-17 09:05:16.341	\N	2025-10-14 09:10:06.081	\N	2025-10-14 09:05:16.347901	2025-10-14 09:10:06.084863	\N	\N	\N	\N	\N	\N
8718	16	35	32	0	2	32	BO3	regular_season	4	288	completed	2025-10-17 09:05:16.341	\N	2025-10-14 09:10:06.089	\N	2025-10-14 09:05:16.347901	2025-10-14 09:10:06.094014	\N	\N	\N	\N	\N	\N
8719	16	36	31	1	2	31	BO3	regular_season	4	289	completed	2025-10-17 09:05:16.341	\N	2025-10-14 09:10:06.102	\N	2025-10-14 09:05:16.347901	2025-10-14 09:10:06.106784	\N	\N	\N	\N	\N	\N
8722	16	35	34	2	0	35	BO3	regular_season	5	292	completed	2025-10-18 09:05:16.341	\N	2025-10-14 09:10:10.018	\N	2025-10-14 09:05:16.347901	2025-10-14 09:10:10.022895	\N	\N	\N	\N	\N	\N
8723	16	36	33	2	0	36	BO3	regular_season	5	293	completed	2025-10-18 09:05:16.341	\N	2025-10-14 09:10:10.044	\N	2025-10-14 09:05:16.347901	2025-10-14 09:10:10.052412	\N	\N	\N	\N	\N	\N
8724	16	37	32	0	2	32	BO3	regular_season	5	294	completed	2025-10-18 09:05:16.341	\N	2025-10-14 09:10:10.063	\N	2025-10-14 09:05:16.347901	2025-10-14 09:10:10.06769	\N	\N	\N	\N	\N	\N
8725	16	38	31	1	2	31	BO3	regular_season	5	295	completed	2025-10-18 09:05:16.341	\N	2025-10-14 09:10:10.075	\N	2025-10-14 09:05:16.347901	2025-10-14 09:10:10.08131	\N	\N	\N	\N	\N	\N
8721	16	40	39	2	1	40	BO3	regular_season	5	291	completed	2025-10-18 09:05:16.341	\N	2025-10-14 09:10:10.089	\N	2025-10-14 09:05:16.347901	2025-10-14 09:10:10.094984	\N	\N	\N	\N	\N	\N
8726	16	35	39	2	1	35	BO3	regular_season	6	296	completed	2025-10-19 09:05:16.341	\N	2025-10-14 09:10:16.915	\N	2025-10-14 09:05:16.347901	2025-10-14 09:10:16.91759	\N	\N	\N	\N	\N	\N
8728	16	37	34	2	1	37	BO3	regular_season	6	298	completed	2025-10-19 09:05:16.341	\N	2025-10-14 09:10:16.929	\N	2025-10-14 09:05:16.347901	2025-10-14 09:10:16.931323	\N	\N	\N	\N	\N	\N
8729	16	38	33	1	2	33	BO3	regular_season	6	299	completed	2025-10-19 09:05:16.341	\N	2025-10-14 09:10:16.937	\N	2025-10-14 09:05:16.347901	2025-10-14 09:10:16.938749	\N	\N	\N	\N	\N	\N
8730	16	31	32	1	2	32	BO3	regular_season	6	300	completed	2025-10-19 09:05:16.341	\N	2025-10-14 09:10:16.943	\N	2025-10-14 09:05:16.347901	2025-10-14 09:10:16.946059	\N	\N	\N	\N	\N	\N
8732	16	37	35	1	2	35	BO3	regular_season	7	302	completed	2025-10-20 09:05:16.341	\N	2025-10-14 09:10:22.015	\N	2025-10-14 09:05:16.347901	2025-10-14 09:10:22.017287	\N	\N	\N	\N	\N	\N
8733	16	38	40	1	2	40	BO3	regular_season	7	303	completed	2025-10-20 09:05:16.341	\N	2025-10-14 09:10:22.02	\N	2025-10-14 09:05:16.347901	2025-10-14 09:10:22.022697	\N	\N	\N	\N	\N	\N
8734	16	31	34	2	0	31	BO3	regular_season	7	304	completed	2025-10-20 09:05:16.341	\N	2025-10-14 09:10:22.027	\N	2025-10-14 09:05:16.347901	2025-10-14 09:10:22.029509	\N	\N	\N	\N	\N	\N
8731	16	36	39	2	1	36	BO3	regular_season	7	301	completed	2025-10-20 09:05:16.341	\N	2025-10-14 09:10:22.039	\N	2025-10-14 09:05:16.347901	2025-10-14 09:10:22.043337	\N	\N	\N	\N	\N	\N
8739	16	32	40	2	1	32	BO3	regular_season	8	309	completed	2025-10-21 09:05:16.341	\N	2025-10-14 09:10:24.917	\N	2025-10-14 09:05:16.347901	2025-10-14 09:10:24.921528	\N	\N	\N	\N	\N	\N
8738	16	31	35	0	2	35	BO3	regular_season	8	308	completed	2025-10-21 09:05:16.341	\N	2025-10-14 09:10:24.926	\N	2025-10-14 09:05:16.347901	2025-10-14 09:10:24.929223	\N	\N	\N	\N	\N	\N
8737	16	38	36	1	2	36	BO3	regular_season	8	307	completed	2025-10-21 09:05:16.341	\N	2025-10-14 09:10:24.933	\N	2025-10-14 09:05:16.347901	2025-10-14 09:10:24.936278	\N	\N	\N	\N	\N	\N
8736	16	37	39	2	0	37	BO3	regular_season	8	306	completed	2025-10-21 09:05:16.341	\N	2025-10-14 09:10:24.94	\N	2025-10-14 09:05:16.347901	2025-10-14 09:10:24.943187	\N	\N	\N	\N	\N	\N
8740	16	33	34	0	2	34	BO3	regular_season	8	310	completed	2025-10-21 09:05:16.341	\N	2025-10-14 09:10:24.978	\N	2025-10-14 09:05:16.347901	2025-10-14 09:10:24.980747	\N	\N	\N	\N	\N	\N
8743	16	32	36	2	0	32	BO3	regular_season	9	313	completed	2025-10-22 09:05:16.341	\N	2025-10-14 09:10:28.024	\N	2025-10-14 09:05:16.347901	2025-10-14 09:10:28.026174	\N	\N	\N	\N	\N	\N
8742	16	31	37	2	0	31	BO3	regular_season	9	312	completed	2025-10-22 09:05:16.341	\N	2025-10-14 09:10:28.031	\N	2025-10-14 09:05:16.347901	2025-10-14 09:10:28.033465	\N	\N	\N	\N	\N	\N
8745	16	34	40	2	1	34	BO3	regular_season	9	315	completed	2025-10-22 09:05:16.341	\N	2025-10-14 09:10:28.047	\N	2025-10-14 09:05:16.347901	2025-10-14 09:10:28.050953	\N	\N	\N	\N	\N	\N
8741	16	38	39	0	2	39	BO3	regular_season	9	311	completed	2025-10-22 09:05:16.341	\N	2025-10-14 09:10:28.063	\N	2025-10-14 09:05:16.347901	2025-10-14 09:10:28.064807	\N	\N	\N	\N	\N	\N
8748	16	37	33	2	0	37	BO3	regular_season	10	318	completed	2025-10-23 09:05:16.341	\N	2025-10-14 09:10:30.56	\N	2025-10-14 09:05:16.347901	2025-10-14 09:10:30.563464	\N	\N	\N	\N	\N	\N
8747	16	38	32	0	2	32	BO3	regular_season	10	317	completed	2025-10-23 09:05:16.341	\N	2025-10-14 09:10:30.57	\N	2025-10-14 09:05:16.347901	2025-10-14 09:10:30.572747	\N	\N	\N	\N	\N	\N
8750	16	35	40	0	2	40	BO3	regular_season	10	320	completed	2025-10-23 09:05:16.341	\N	2025-10-14 09:10:30.585	\N	2025-10-14 09:05:16.347901	2025-10-14 09:10:30.588487	\N	\N	\N	\N	\N	\N
8749	16	36	34	2	0	36	BO3	regular_season	10	319	completed	2025-10-23 09:05:16.341	\N	2025-10-14 09:10:30.592	\N	2025-10-14 09:05:16.347901	2025-10-14 09:10:30.594132	\N	\N	\N	\N	\N	\N
8751	16	39	32	0	2	32	BO3	regular_season	11	321	completed	2025-10-24 09:05:16.341	\N	2025-10-14 09:10:33.978	\N	2025-10-14 09:05:16.347901	2025-10-14 09:10:33.980579	\N	\N	\N	\N	\N	\N
8752	16	31	33	2	0	31	BO3	regular_season	11	322	completed	2025-10-24 09:05:16.341	\N	2025-10-14 09:10:33.986	\N	2025-10-14 09:05:16.347901	2025-10-14 09:10:33.988121	\N	\N	\N	\N	\N	\N
8753	16	38	34	2	0	38	BO3	regular_season	11	323	completed	2025-10-24 09:05:16.341	\N	2025-10-14 09:10:33.993	\N	2025-10-14 09:05:16.347901	2025-10-14 09:10:33.997213	\N	\N	\N	\N	\N	\N
8754	16	37	40	1	2	40	BO3	regular_season	11	324	completed	2025-10-24 09:05:16.341	\N	2025-10-14 09:10:34.04	\N	2025-10-14 09:05:16.347901	2025-10-14 09:10:34.043422	\N	\N	\N	\N	\N	\N
8760	16	37	36	1	2	36	BO3	regular_season	12	330	completed	2025-10-25 09:05:16.341	\N	2025-10-14 09:10:36.635	\N	2025-10-14 09:05:16.347901	2025-10-14 09:10:36.637824	\N	\N	\N	\N	\N	\N
8756	16	39	33	1	2	33	BO3	regular_season	12	326	completed	2025-10-25 09:05:16.341	\N	2025-10-14 09:10:36.68	\N	2025-10-14 09:05:16.347901	2025-10-14 09:10:36.682744	\N	\N	\N	\N	\N	\N
8757	16	32	34	2	0	32	BO3	regular_season	12	327	completed	2025-10-25 09:05:16.341	\N	2025-10-14 09:10:36.69	\N	2025-10-14 09:05:16.347901	2025-10-14 09:10:36.693519	\N	\N	\N	\N	\N	\N
8758	16	31	40	2	1	31	BO3	regular_season	12	328	completed	2025-10-25 09:05:16.341	\N	2025-10-14 09:10:36.7	\N	2025-10-14 09:05:16.347901	2025-10-14 09:10:36.702224	\N	\N	\N	\N	\N	\N
8759	16	38	35	0	2	35	BO3	regular_season	12	329	completed	2025-10-25 09:05:16.341	\N	2025-10-14 09:10:36.709	\N	2025-10-14 09:05:16.347901	2025-10-14 09:10:36.713888	\N	\N	\N	\N	\N	\N
8761	16	39	34	0	2	34	BO3	regular_season	13	331	completed	2025-10-26 09:05:16.341	\N	2025-10-14 09:10:47.17	\N	2025-10-14 09:05:16.347901	2025-10-14 09:10:47.172541	\N	\N	\N	\N	\N	\N
8764	16	31	36	2	0	31	BO3	regular_season	13	334	completed	2025-10-26 09:05:16.341	\N	2025-10-14 09:10:47.226	\N	2025-10-14 09:05:16.347901	2025-10-14 09:10:47.229332	\N	\N	\N	\N	\N	\N
8763	16	32	35	2	1	32	BO3	regular_season	13	333	completed	2025-10-26 09:05:16.341	\N	2025-10-14 09:10:47.234	\N	2025-10-14 09:05:16.347901	2025-10-14 09:10:47.23738	\N	\N	\N	\N	\N	\N
8762	16	33	40	0	2	40	BO3	regular_season	13	332	completed	2025-10-26 09:05:16.341	\N	2025-10-14 09:10:47.241	\N	2025-10-14 09:05:16.347901	2025-10-14 09:10:47.244994	\N	\N	\N	\N	\N	\N
8766	16	39	40	1	2	40	BO3	regular_season	14	336	completed	2025-10-27 09:05:16.341	\N	2025-10-14 09:10:50.056	\N	2025-10-14 09:05:16.347901	2025-10-14 09:10:50.058512	\N	\N	\N	\N	\N	\N
8767	16	34	35	2	0	34	BO3	regular_season	14	337	completed	2025-10-27 09:05:16.341	\N	2025-10-14 09:10:50.062	\N	2025-10-14 09:05:16.347901	2025-10-14 09:10:50.065826	\N	\N	\N	\N	\N	\N
8768	16	33	36	2	1	33	BO3	regular_season	14	338	completed	2025-10-27 09:05:16.341	\N	2025-10-14 09:10:50.07	\N	2025-10-14 09:05:16.347901	2025-10-14 09:10:50.073615	\N	\N	\N	\N	\N	\N
8770	16	31	38	2	0	31	BO3	regular_season	14	340	completed	2025-10-27 09:05:16.341	\N	2025-10-14 09:10:50.089	\N	2025-10-14 09:05:16.347901	2025-10-14 09:10:50.091813	\N	\N	\N	\N	\N	\N
8771	16	39	35	2	0	39	BO3	regular_season	15	341	completed	2025-10-28 09:05:16.341	\N	2025-10-14 09:10:54.077	\N	2025-10-14 09:05:16.347901	2025-10-14 09:10:54.080586	\N	\N	\N	\N	\N	\N
8772	16	40	36	2	0	40	BO3	regular_season	15	342	completed	2025-10-28 09:05:16.341	\N	2025-10-14 09:10:54.085	\N	2025-10-14 09:05:16.347901	2025-10-14 09:10:54.087475	\N	\N	\N	\N	\N	\N
8773	16	34	37	1	2	37	BO3	regular_season	15	343	completed	2025-10-28 09:05:16.341	\N	2025-10-14 09:10:54.092	\N	2025-10-14 09:05:16.347901	2025-10-14 09:10:54.096082	\N	\N	\N	\N	\N	\N
8774	16	33	38	2	1	33	BO3	regular_season	15	344	completed	2025-10-28 09:05:16.341	\N	2025-10-14 09:10:54.114	\N	2025-10-14 09:05:16.347901	2025-10-14 09:10:54.116425	\N	\N	\N	\N	\N	\N
8775	16	32	31	1	2	31	BO3	regular_season	15	345	completed	2025-10-28 09:05:16.341	\N	2025-10-14 09:10:54.122	\N	2025-10-14 09:05:16.347901	2025-10-14 09:10:54.125573	\N	\N	\N	\N	\N	\N
8777	16	35	37	2	1	35	BO3	regular_season	16	347	completed	2025-10-29 09:05:16.341	\N	2025-10-14 09:10:56.661	\N	2025-10-14 09:05:16.347901	2025-10-14 09:10:56.663676	\N	\N	\N	\N	\N	\N
8778	16	40	38	2	1	40	BO3	regular_season	16	348	completed	2025-10-29 09:05:16.341	\N	2025-10-14 09:10:56.667	\N	2025-10-14 09:05:16.347901	2025-10-14 09:10:56.669854	\N	\N	\N	\N	\N	\N
9169	21	7	1	0	0	\N	BO3	regular_season	4	19	scheduled	2025-10-17 15:14:00.631	\N	\N	\N	2025-10-14 15:14:00.640225	2025-10-14 15:14:00.640225	\N	\N	\N	\N	\N	\N
8704	16	34	36	2	0	34	BO3	regular_season	1	274	completed	2025-10-14 09:05:16.341	\N	2025-10-14 09:09:29.385	\N	2025-10-14 09:05:16.347901	2025-10-14 09:09:29.393526	\N	\N	\N	\N	\N	\N
8615	16	25	26	1	2	26	BO3	regular_season	1	185	completed	2025-10-14 09:05:16.341	\N	2025-10-14 09:09:29.436	\N	2025-10-14 09:05:16.347901	2025-10-14 09:09:29.439379	\N	\N	\N	\N	\N	\N
8433	16	3	8	2	1	3	BO3	regular_season	1	3	completed	2025-10-14 09:05:16.316	\N	2025-10-14 09:09:29.538	\N	2025-10-14 09:05:16.347901	2025-10-14 09:09:29.54079	\N	\N	\N	\N	\N	\N
8521	16	11	20	2	0	11	BO3	regular_season	1	91	completed	2025-10-14 09:05:16.316	\N	2025-10-14 09:09:29.547	\N	2025-10-14 09:05:16.347901	2025-10-14 09:09:29.549821	\N	\N	\N	\N	\N	\N
8431	16	1	10	2	0	1	BO3	regular_season	1	1	completed	2025-10-14 09:05:16.316	\N	2025-10-14 09:09:29.583	\N	2025-10-14 09:05:16.347901	2025-10-14 09:09:29.585226	\N	\N	\N	\N	\N	\N
8435	16	5	6	1	2	6	BO3	regular_season	1	5	completed	2025-10-14 09:05:16.316	\N	2025-10-14 09:09:29.596	\N	2025-10-14 09:05:16.347901	2025-10-14 09:09:29.598897	\N	\N	\N	\N	\N	\N
8434	16	4	7	2	0	4	BO3	regular_season	1	4	completed	2025-10-14 09:05:16.316	\N	2025-10-14 09:09:29.604	\N	2025-10-14 09:05:16.347901	2025-10-14 09:09:29.607286	\N	\N	\N	\N	\N	\N
8432	16	2	9	2	0	2	BO3	regular_season	1	2	completed	2025-10-14 09:05:16.316	\N	2025-10-14 09:09:29.616	\N	2025-10-14 09:05:16.347901	2025-10-14 09:09:29.618384	\N	\N	\N	\N	\N	\N
8707	16	33	31	0	2	31	BO3	regular_season	2	277	completed	2025-10-15 09:05:16.341	\N	2025-10-14 09:09:34.388	\N	2025-10-14 09:05:16.347901	2025-10-14 09:09:34.390128	\N	\N	\N	\N	\N	\N
8616	16	22	30	2	0	22	BO3	regular_season	2	186	completed	2025-10-15 09:05:16.341	\N	2025-10-14 09:09:34.425	\N	2025-10-14 09:05:16.347901	2025-10-14 09:09:34.427735	\N	\N	\N	\N	\N	\N
8436	16	2	10	2	0	2	BO3	regular_season	2	6	completed	2025-10-15 09:05:16.316	\N	2025-10-14 09:09:34.468	\N	2025-10-14 09:05:16.347901	2025-10-14 09:09:34.470902	\N	\N	\N	\N	\N	\N
8440	16	6	7	0	2	7	BO3	regular_season	2	10	completed	2025-10-15 09:05:16.316	\N	2025-10-14 09:09:34.477	\N	2025-10-14 09:05:16.347901	2025-10-14 09:09:34.480688	\N	\N	\N	\N	\N	\N
8439	16	5	8	1	2	8	BO3	regular_season	2	9	completed	2025-10-15 09:05:16.316	\N	2025-10-14 09:09:34.488	\N	2025-10-14 09:05:16.347901	2025-10-14 09:09:34.489618	\N	\N	\N	\N	\N	\N
8530	16	16	17	2	0	16	BO3	regular_season	2	100	completed	2025-10-15 09:05:16.316	\N	2025-10-14 09:09:34.494	\N	2025-10-14 09:05:16.347901	2025-10-14 09:09:34.497118	\N	\N	\N	\N	\N	\N
8438	16	4	9	2	1	4	BO3	regular_season	2	8	completed	2025-10-15 09:05:16.316	\N	2025-10-14 09:09:34.502	\N	2025-10-14 09:05:16.347901	2025-10-14 09:09:34.505683	\N	\N	\N	\N	\N	\N
8437	16	3	1	0	2	1	BO3	regular_season	2	7	completed	2025-10-15 09:05:16.316	\N	2025-10-14 09:09:34.512	\N	2025-10-14 09:05:16.347901	2025-10-14 09:09:34.514503	\N	\N	\N	\N	\N	\N
8625	16	27	28	1	2	28	BO3	regular_season	3	195	completed	2025-10-16 09:05:16.341	\N	2025-10-14 09:09:37.767	\N	2025-10-14 09:05:16.347901	2025-10-14 09:09:37.769258	\N	\N	\N	\N	\N	\N
8715	16	36	37	0	2	37	BO3	regular_season	3	285	completed	2025-10-16 09:05:16.341	\N	2025-10-14 09:09:37.779	\N	2025-10-14 09:05:16.347901	2025-10-14 09:09:37.781473	\N	\N	\N	\N	\N	\N
8443	16	5	1	0	2	1	BO3	regular_season	3	13	completed	2025-10-16 09:05:16.316	\N	2025-10-14 09:09:37.826	\N	2025-10-14 09:05:16.347901	2025-10-14 09:09:37.827645	\N	\N	\N	\N	\N	\N
8531	16	13	20	2	0	13	BO3	regular_season	3	101	completed	2025-10-16 09:05:16.316	\N	2025-10-14 09:09:37.863	\N	2025-10-14 09:05:16.347901	2025-10-14 09:09:37.867043	\N	\N	\N	\N	\N	\N
8441	16	3	10	2	0	3	BO3	regular_season	3	11	completed	2025-10-16 09:05:16.316	\N	2025-10-14 09:09:37.875	\N	2025-10-14 09:05:16.347901	2025-10-14 09:09:37.880051	\N	\N	\N	\N	\N	\N
8442	16	4	2	1	2	2	BO3	regular_season	3	12	completed	2025-10-16 09:05:16.316	\N	2025-10-14 09:09:37.898	\N	2025-10-14 09:05:16.347901	2025-10-14 09:09:37.901359	\N	\N	\N	\N	\N	\N
8445	16	7	8	2	1	7	BO3	regular_season	3	15	completed	2025-10-16 09:05:16.316	\N	2025-10-14 09:09:37.905	\N	2025-10-14 09:05:16.347901	2025-10-14 09:09:37.907244	\N	\N	\N	\N	\N	\N
8720	16	37	38	2	1	37	BO3	regular_season	4	290	completed	2025-10-17 09:05:16.341	\N	2025-10-14 09:10:06.117	\N	2025-10-14 09:05:16.347901	2025-10-14 09:10:06.119588	\N	\N	\N	\N	\N	\N
8448	16	6	2	0	2	2	BO3	regular_season	4	18	completed	2025-10-17 09:05:16.316	\N	2025-10-14 09:10:06.172	\N	2025-10-14 09:05:16.347901	2025-10-14 09:10:06.174888	\N	\N	\N	\N	\N	\N
8632	16	26	24	1	2	24	BO3	regular_season	5	202	completed	2025-10-18 09:05:16.341	\N	2025-10-14 09:10:10.001	\N	2025-10-14 09:05:16.347901	2025-10-14 09:10:10.008549	\N	\N	\N	\N	\N	\N
8543	16	17	13	0	2	13	BO3	regular_season	5	113	completed	2025-10-18 09:05:16.316	\N	2025-10-14 09:10:10.127	\N	2025-10-14 09:05:16.347901	2025-10-14 09:10:10.130801	\N	\N	\N	\N	\N	\N
8454	16	8	2	0	2	2	BO3	regular_season	5	24	completed	2025-10-18 09:05:16.316	\N	2025-10-14 09:10:10.155	\N	2025-10-14 09:05:16.347901	2025-10-14 09:10:10.158533	\N	\N	\N	\N	\N	\N
8727	16	36	40	0	2	40	BO3	regular_season	6	297	completed	2025-10-19 09:05:16.341	\N	2025-10-14 09:10:16.923	\N	2025-10-14 09:05:16.347901	2025-10-14 09:10:16.925123	\N	\N	\N	\N	\N	\N
8637	16	27	25	2	1	27	BO3	regular_season	6	207	completed	2025-10-19 09:05:16.341	\N	2025-10-14 09:10:16.963	\N	2025-10-14 09:05:16.347901	2025-10-14 09:10:16.966818	\N	\N	\N	\N	\N	\N
8548	16	18	14	1	2	14	BO3	regular_season	6	118	completed	2025-10-19 09:05:16.316	\N	2025-10-14 09:10:17.004	\N	2025-10-14 09:05:16.347901	2025-10-14 09:10:17.006139	\N	\N	\N	\N	\N	\N
8458	16	8	4	1	2	4	BO3	regular_season	6	28	completed	2025-10-19 09:05:16.316	\N	2025-10-14 09:10:17.05	\N	2025-10-14 09:05:16.347901	2025-10-14 09:10:17.056154	\N	\N	\N	\N	\N	\N
8735	16	32	33	0	2	33	BO3	regular_season	7	305	completed	2025-10-20 09:05:16.341	\N	2025-10-14 09:10:22.034	\N	2025-10-14 09:05:16.347901	2025-10-14 09:10:22.035495	\N	\N	\N	\N	\N	\N
8641	16	27	30	2	0	27	BO3	regular_season	7	211	completed	2025-10-20 09:05:16.341	\N	2025-10-14 09:10:22.078	\N	2025-10-14 09:05:16.347901	2025-10-14 09:10:22.082118	\N	\N	\N	\N	\N	\N
8552	16	18	16	2	0	18	BO3	regular_season	7	122	completed	2025-10-20 09:05:16.316	\N	2025-10-14 09:10:22.179	\N	2025-10-14 09:05:16.347901	2025-10-14 09:10:22.181321	\N	\N	\N	\N	\N	\N
8650	16	23	24	2	0	23	BO3	regular_season	8	220	completed	2025-10-21 09:05:16.341	\N	2025-10-14 09:10:24.91	\N	2025-10-14 09:05:16.347901	2025-10-14 09:10:24.913196	\N	\N	\N	\N	\N	\N
8468	16	1	6	2	1	1	BO3	regular_season	8	38	completed	2025-10-21 09:05:16.316	\N	2025-10-14 09:10:24.993	\N	2025-10-14 09:05:16.347901	2025-10-14 09:10:24.995455	\N	\N	\N	\N	\N	\N
8744	16	33	35	2	1	33	BO3	regular_season	9	314	completed	2025-10-22 09:05:16.341	\N	2025-10-14 09:10:28.016	\N	2025-10-14 09:05:16.347901	2025-10-14 09:10:28.018454	\N	\N	\N	\N	\N	\N
8565	16	14	15	2	1	14	BO3	regular_season	9	135	completed	2025-10-22 09:05:16.316	\N	2025-10-14 09:10:28.083	\N	2025-10-14 09:05:16.347901	2025-10-14 09:10:28.088042	\N	\N	\N	\N	\N	\N
8472	16	1	8	2	0	1	BO3	regular_season	9	42	completed	2025-10-22 09:05:16.316	\N	2025-10-14 09:10:28.115	\N	2025-10-14 09:05:16.347901	2025-10-14 09:10:28.117667	\N	\N	\N	\N	\N	\N
8659	16	27	24	0	2	24	BO3	regular_season	10	229	completed	2025-10-23 09:05:16.341	\N	2025-10-14 09:10:30.552	\N	2025-10-14 09:05:16.347901	2025-10-14 09:10:30.553901	\N	\N	\N	\N	\N	\N
8746	16	39	31	0	2	31	BO3	regular_season	10	316	completed	2025-10-23 09:05:16.341	\N	2025-10-14 09:10:30.577	\N	2025-10-14 09:05:16.347901	2025-10-14 09:10:30.58084	\N	\N	\N	\N	\N	\N
8567	16	19	12	1	2	12	BO3	regular_season	10	137	completed	2025-10-23 09:05:16.316	\N	2025-10-14 09:10:30.667	\N	2025-10-14 09:05:16.347901	2025-10-14 09:10:30.670376	\N	\N	\N	\N	\N	\N
8664	16	28	25	0	2	25	BO3	regular_season	11	234	completed	2025-10-24 09:05:16.341	\N	2025-10-14 09:10:34.01	\N	2025-10-14 09:05:16.347901	2025-10-14 09:10:34.013334	\N	\N	\N	\N	\N	\N
8755	16	36	35	0	2	35	BO3	regular_season	11	325	completed	2025-10-24 09:05:16.341	\N	2025-10-14 09:10:34.05	\N	2025-10-14 09:05:16.347901	2025-10-14 09:10:34.053524	\N	\N	\N	\N	\N	\N
8481	16	10	2	1	2	2	BO3	regular_season	11	51	completed	2025-10-24 09:05:16.316	\N	2025-10-14 09:10:34.066	\N	2025-10-14 09:05:16.347901	2025-10-14 09:10:34.068739	\N	\N	\N	\N	\N	\N
8670	16	28	27	0	2	27	BO3	regular_season	12	240	completed	2025-10-25 09:05:16.341	\N	2025-10-14 09:10:36.672	\N	2025-10-14 09:05:16.347901	2025-10-14 09:10:36.674877	\N	\N	\N	\N	\N	\N
8780	16	33	32	1	2	32	BO3	regular_season	16	350	completed	2025-10-29 09:05:16.341	\N	2025-10-14 09:10:56.681	\N	2025-10-14 09:05:16.347901	2025-10-14 09:10:56.684734	\N	\N	\N	\N	\N	\N
8781	16	39	37	0	2	37	BO3	regular_season	17	351	completed	2025-10-30 09:05:16.341	\N	2025-10-14 09:11:00.258	\N	2025-10-14 09:05:16.347901	2025-10-14 09:11:00.261813	\N	\N	\N	\N	\N	\N
8782	16	36	38	2	0	36	BO3	regular_season	17	352	completed	2025-10-30 09:05:16.341	\N	2025-10-14 09:11:00.265	\N	2025-10-14 09:05:16.347901	2025-10-14 09:11:00.267002	\N	\N	\N	\N	\N	\N
8783	16	35	31	2	0	35	BO3	regular_season	17	353	completed	2025-10-30 09:05:16.341	\N	2025-10-14 09:11:00.271	\N	2025-10-14 09:05:16.347901	2025-10-14 09:11:00.274617	\N	\N	\N	\N	\N	\N
8784	16	40	32	0	2	32	BO3	regular_season	17	354	completed	2025-10-30 09:05:16.341	\N	2025-10-14 09:11:00.28	\N	2025-10-14 09:05:16.347901	2025-10-14 09:11:00.282663	\N	\N	\N	\N	\N	\N
8790	16	40	34	1	2	34	BO3	regular_season	18	360	completed	2025-10-31 09:05:16.341	\N	2025-10-14 09:11:03.509	\N	2025-10-14 09:05:16.347901	2025-10-14 09:11:03.511526	\N	\N	\N	\N	\N	\N
8786	16	39	38	0	2	38	BO3	regular_season	18	356	completed	2025-10-31 09:05:16.341	\N	2025-10-14 09:11:03.549	\N	2025-10-14 09:05:16.347901	2025-10-14 09:11:03.550663	\N	\N	\N	\N	\N	\N
8787	16	37	31	2	1	37	BO3	regular_season	18	357	completed	2025-10-31 09:05:16.341	\N	2025-10-14 09:11:03.553	\N	2025-10-14 09:05:16.347901	2025-10-14 09:11:03.555054	\N	\N	\N	\N	\N	\N
8788	16	36	32	2	0	36	BO3	regular_season	18	358	completed	2025-10-31 09:05:16.341	\N	2025-10-14 09:11:03.558	\N	2025-10-14 09:05:16.347901	2025-10-14 09:11:03.559696	\N	\N	\N	\N	\N	\N
8789	16	35	33	0	2	33	BO3	regular_season	18	359	completed	2025-10-31 09:05:16.341	\N	2025-10-14 09:11:03.562	\N	2025-10-14 09:05:16.347901	2025-10-14 09:11:03.564321	\N	\N	\N	\N	\N	\N
8580	16	18	17	1	2	17	BO3	regular_season	12	150	completed	2025-10-25 09:05:16.316	\N	2025-10-14 09:10:36.731	\N	2025-10-14 09:05:16.347901	2025-10-14 09:10:36.734153	\N	\N	\N	\N	\N	\N
8769	16	32	37	2	0	32	BO3	regular_season	14	339	completed	2025-10-27 09:05:16.341	\N	2025-10-14 09:10:50.079	\N	2025-10-14 09:05:16.347901	2025-10-14 09:10:50.084446	\N	\N	\N	\N	\N	\N
8680	16	21	29	2	0	21	BO3	regular_season	14	250	completed	2025-10-27 09:05:16.341	\N	2025-10-14 09:10:50.096	\N	2025-10-14 09:05:16.347901	2025-10-14 09:10:50.098517	\N	\N	\N	\N	\N	\N
8505	16	2	1	2	0	2	BO3	regular_season	15	75	completed	2025-10-28 09:05:16.316	\N	2025-10-14 09:10:54.18	\N	2025-10-14 09:05:16.347901	2025-10-14 09:10:54.183701	\N	\N	\N	\N	\N	\N
8503	16	4	8	2	0	4	BO3	regular_season	15	73	completed	2025-10-28 09:05:16.316	\N	2025-10-14 09:10:54.196	\N	2025-10-14 09:05:16.347901	2025-10-14 09:10:54.203795	\N	\N	\N	\N	\N	\N
8779	16	34	31	0	2	31	BO3	regular_season	16	349	completed	2025-10-29 09:05:16.341	\N	2025-10-14 09:10:56.674	\N	2025-10-14 09:05:16.347901	2025-10-14 09:10:56.675564	\N	\N	\N	\N	\N	\N
8691	16	30	28	0	2	28	BO3	regular_season	17	261	completed	2025-10-30 09:05:16.341	\N	2025-10-14 09:11:00.217	\N	2025-10-14 09:05:16.347901	2025-10-14 09:11:00.21995	\N	\N	\N	\N	\N	\N
8785	16	34	33	0	2	33	BO3	regular_season	17	355	completed	2025-10-30 09:05:16.341	\N	2025-10-14 09:11:00.287	\N	2025-10-14 09:05:16.347901	2025-10-14 09:11:00.289243	\N	\N	\N	\N	\N	\N
8608	16	17	12	0	2	12	BO3	regular_season	18	178	completed	2025-10-31 09:05:16.316	\N	2025-10-14 09:11:03.737	\N	2025-10-14 09:05:16.347901	2025-10-14 09:11:03.739447	\N	\N	\N	\N	\N	\N
9170	21	8	9	0	0	\N	BO3	regular_season	4	20	scheduled	2025-10-17 15:14:00.631	\N	\N	\N	2025-10-14 15:14:00.640225	2025-10-14 15:14:00.640225	\N	\N	\N	\N	\N	\N
9171	21	5	10	0	0	\N	BO3	regular_season	5	21	scheduled	2025-10-18 15:14:00.631	\N	\N	\N	2025-10-14 15:14:00.640225	2025-10-14 15:14:00.640225	\N	\N	\N	\N	\N	\N
8815	19	9	1	0	2	1	BO3	regular_season	5	25	completed	2025-10-18 09:42:57.612	\N	2025-10-14 09:43:24.063	\N	2025-10-14 09:42:57.617909	2025-10-14 09:43:24.065516	\N	\N	\N	\N	\N	\N
8812	19	6	4	1	2	4	BO3	regular_season	5	22	completed	2025-10-18 09:42:57.612	\N	2025-10-14 09:43:24.069	\N	2025-10-14 09:42:57.617909	2025-10-14 09:43:24.071985	\N	\N	\N	\N	\N	\N
8813	19	7	3	2	1	7	BO3	regular_season	5	23	completed	2025-10-18 09:42:57.612	\N	2025-10-14 09:43:24.083	\N	2025-10-14 09:42:57.617909	2025-10-14 09:43:24.086457	\N	\N	\N	\N	\N	\N
8814	19	8	2	1	2	2	BO3	regular_season	5	24	completed	2025-10-18 09:42:57.612	\N	2025-10-14 09:43:24.106	\N	2025-10-14 09:42:57.617909	2025-10-14 09:43:24.108523	\N	\N	\N	\N	\N	\N
8819	19	9	3	1	2	3	BO3	regular_season	6	29	completed	2025-10-19 09:42:57.612	\N	2025-10-14 09:43:27.366	\N	2025-10-14 09:42:57.617909	2025-10-14 09:43:27.368764	\N	\N	\N	\N	\N	\N
8818	19	8	4	2	1	8	BO3	regular_season	6	28	completed	2025-10-19 09:42:57.612	\N	2025-10-14 09:43:27.374	\N	2025-10-14 09:42:57.617909	2025-10-14 09:43:27.379563	\N	\N	\N	\N	\N	\N
8817	19	7	5	1	2	5	BO3	regular_season	6	27	completed	2025-10-19 09:42:57.612	\N	2025-10-14 09:43:27.386	\N	2025-10-14 09:42:57.617909	2025-10-14 09:43:27.389913	\N	\N	\N	\N	\N	\N
8816	19	6	10	2	1	6	BO3	regular_season	6	26	completed	2025-10-19 09:42:57.612	\N	2025-10-14 09:43:27.428	\N	2025-10-14 09:42:57.617909	2025-10-14 09:43:27.43213	\N	\N	\N	\N	\N	\N
8820	19	1	2	2	0	1	BO3	regular_season	6	30	completed	2025-10-19 09:42:57.612	\N	2025-10-14 09:43:27.481	\N	2025-10-14 09:42:57.617909	2025-10-14 09:43:27.483806	\N	\N	\N	\N	\N	\N
8822	19	8	6	2	0	8	BO3	regular_season	7	32	completed	2025-10-20 09:42:57.612	\N	2025-10-14 09:43:30.401	\N	2025-10-14 09:42:57.617909	2025-10-14 09:43:30.405949	\N	\N	\N	\N	\N	\N
8823	19	9	5	1	2	5	BO3	regular_season	7	33	completed	2025-10-20 09:42:57.612	\N	2025-10-14 09:43:30.421	\N	2025-10-14 09:42:57.617909	2025-10-14 09:43:30.422917	\N	\N	\N	\N	\N	\N
8824	19	1	4	2	0	1	BO3	regular_season	7	34	completed	2025-10-20 09:42:57.612	\N	2025-10-14 09:43:30.437	\N	2025-10-14 09:42:57.617909	2025-10-14 09:43:30.439055	\N	\N	\N	\N	\N	\N
8825	19	2	3	0	2	3	BO3	regular_season	7	35	completed	2025-10-20 09:42:57.612	\N	2025-10-14 09:43:30.486	\N	2025-10-14 09:42:57.617909	2025-10-14 09:43:30.48926	\N	\N	\N	\N	\N	\N
8830	19	3	4	1	2	4	BO3	regular_season	8	40	completed	2025-10-21 09:42:57.612	\N	2025-10-14 09:43:33.154	\N	2025-10-14 09:42:57.617909	2025-10-14 09:43:33.157262	\N	\N	\N	\N	\N	\N
8829	19	2	5	2	1	2	BO3	regular_season	8	39	completed	2025-10-21 09:42:57.612	\N	2025-10-14 09:43:33.163	\N	2025-10-14 09:42:57.617909	2025-10-14 09:43:33.166043	\N	\N	\N	\N	\N	\N
8828	19	1	6	0	2	6	BO3	regular_season	8	38	completed	2025-10-21 09:42:57.612	\N	2025-10-14 09:43:33.17	\N	2025-10-14 09:42:57.617909	2025-10-14 09:43:33.173501	\N	\N	\N	\N	\N	\N
8826	19	8	10	1	2	10	BO3	regular_season	8	36	completed	2025-10-21 09:42:57.612	\N	2025-10-14 09:43:33.273	\N	2025-10-14 09:42:57.617909	2025-10-14 09:43:33.275684	\N	\N	\N	\N	\N	\N
8831	19	9	10	1	2	10	BO3	regular_season	9	41	completed	2025-10-22 09:42:57.612	\N	2025-10-14 09:43:36.694	\N	2025-10-14 09:42:57.617909	2025-10-14 09:43:36.697655	\N	\N	\N	\N	\N	\N
8835	19	4	5	2	0	4	BO3	regular_season	9	45	completed	2025-10-22 09:42:57.612	\N	2025-10-14 09:43:36.703	\N	2025-10-14 09:42:57.617909	2025-10-14 09:43:36.705826	\N	\N	\N	\N	\N	\N
8834	19	3	6	2	0	3	BO3	regular_season	9	44	completed	2025-10-22 09:42:57.612	\N	2025-10-14 09:43:36.711	\N	2025-10-14 09:42:57.617909	2025-10-14 09:43:36.714167	\N	\N	\N	\N	\N	\N
8833	19	2	7	1	2	7	BO3	regular_season	9	43	completed	2025-10-22 09:42:57.612	\N	2025-10-14 09:43:36.719	\N	2025-10-14 09:42:57.617909	2025-10-14 09:43:36.722971	\N	\N	\N	\N	\N	\N
8832	19	1	8	0	2	8	BO3	regular_season	9	42	completed	2025-10-22 09:42:57.612	\N	2025-10-14 09:43:36.727	\N	2025-10-14 09:42:57.617909	2025-10-14 09:43:36.729608	\N	\N	\N	\N	\N	\N
8838	19	8	3	0	2	3	BO3	regular_season	10	48	completed	2025-10-23 09:42:57.612	\N	2025-10-14 09:43:39.284	\N	2025-10-14 09:42:57.617909	2025-10-14 09:43:39.2872	\N	\N	\N	\N	\N	\N
8839	19	7	4	2	1	7	BO3	regular_season	10	49	completed	2025-10-23 09:42:57.612	\N	2025-10-14 09:43:39.292	\N	2025-10-14 09:42:57.617909	2025-10-14 09:43:39.295381	\N	\N	\N	\N	\N	\N
8840	19	6	5	2	1	6	BO3	regular_season	10	50	completed	2025-10-23 09:42:57.612	\N	2025-10-14 09:43:39.3	\N	2025-10-14 09:42:57.617909	2025-10-14 09:43:39.302825	\N	\N	\N	\N	\N	\N
8836	19	10	1	0	2	1	BO3	regular_season	10	46	completed	2025-10-23 09:42:57.612	\N	2025-10-14 09:43:39.349	\N	2025-10-14 09:42:57.617909	2025-10-14 09:43:39.353049	\N	\N	\N	\N	\N	\N
8842	19	1	3	1	2	3	BO3	regular_season	11	52	completed	2025-10-24 09:42:57.612	\N	2025-10-14 09:43:42.093	\N	2025-10-14 09:42:57.617909	2025-10-14 09:43:42.097047	\N	\N	\N	\N	\N	\N
8843	19	9	4	0	2	4	BO3	regular_season	11	53	completed	2025-10-24 09:42:57.612	\N	2025-10-14 09:43:42.104	\N	2025-10-14 09:42:57.617909	2025-10-14 09:43:42.109261	\N	\N	\N	\N	\N	\N
8845	19	7	6	2	1	7	BO3	regular_season	11	55	completed	2025-10-24 09:42:57.612	\N	2025-10-14 09:43:42.121	\N	2025-10-14 09:42:57.617909	2025-10-14 09:43:42.123755	\N	\N	\N	\N	\N	\N
8841	19	10	2	0	2	2	BO3	regular_season	11	51	completed	2025-10-24 09:42:57.612	\N	2025-10-14 09:43:42.134	\N	2025-10-14 09:42:57.617909	2025-10-14 09:43:42.136515	\N	\N	\N	\N	\N	\N
8847	19	2	4	2	1	2	BO3	regular_season	12	57	completed	2025-10-25 09:42:57.612	\N	2025-10-14 09:43:44.39	\N	2025-10-14 09:42:57.617909	2025-10-14 09:43:44.393484	\N	\N	\N	\N	\N	\N
8848	19	1	5	2	0	1	BO3	regular_season	12	58	completed	2025-10-25 09:42:57.612	\N	2025-10-14 09:43:44.404	\N	2025-10-14 09:42:57.617909	2025-10-14 09:43:44.406648	\N	\N	\N	\N	\N	\N
8849	19	9	6	2	1	9	BO3	regular_season	12	59	completed	2025-10-25 09:42:57.612	\N	2025-10-14 09:43:44.41	\N	2025-10-14 09:42:57.617909	2025-10-14 09:43:44.412747	\N	\N	\N	\N	\N	\N
8846	19	10	3	1	2	3	BO3	regular_season	12	56	completed	2025-10-25 09:42:57.612	\N	2025-10-14 09:43:44.416	\N	2025-10-14 09:42:57.617909	2025-10-14 09:43:44.41895	\N	\N	\N	\N	\N	\N
8852	19	3	5	2	0	3	BO3	regular_season	13	62	completed	2025-10-26 09:42:57.612	\N	2025-10-14 09:43:48.368	\N	2025-10-14 09:42:57.617909	2025-10-14 09:43:48.370507	\N	\N	\N	\N	\N	\N
8853	19	2	6	2	0	2	BO3	regular_season	13	63	completed	2025-10-26 09:42:57.612	\N	2025-10-14 09:43:48.375	\N	2025-10-14 09:42:57.617909	2025-10-14 09:43:48.37874	\N	\N	\N	\N	\N	\N
8854	19	1	7	2	0	1	BO3	regular_season	13	64	completed	2025-10-26 09:42:57.612	\N	2025-10-14 09:43:48.388	\N	2025-10-14 09:42:57.617909	2025-10-14 09:43:48.393595	\N	\N	\N	\N	\N	\N
8855	19	9	8	2	1	9	BO3	regular_season	13	65	completed	2025-10-26 09:42:57.612	\N	2025-10-14 09:43:48.399	\N	2025-10-14 09:42:57.617909	2025-10-14 09:43:48.401897	\N	\N	\N	\N	\N	\N
8851	19	10	4	0	2	4	BO3	regular_season	13	61	completed	2025-10-26 09:42:57.612	\N	2025-10-14 09:43:48.436	\N	2025-10-14 09:42:57.617909	2025-10-14 09:43:48.440331	\N	\N	\N	\N	\N	\N
8856	19	10	5	0	2	5	BO3	regular_season	14	66	completed	2025-10-27 09:42:57.612	\N	2025-10-14 09:43:52.201	\N	2025-10-14 09:42:57.617909	2025-10-14 09:43:52.203757	\N	\N	\N	\N	\N	\N
8858	19	3	7	0	2	7	BO3	regular_season	14	68	completed	2025-10-27 09:42:57.612	\N	2025-10-14 09:43:52.215	\N	2025-10-14 09:42:57.617909	2025-10-14 09:43:52.218084	\N	\N	\N	\N	\N	\N
8859	19	2	8	2	0	2	BO3	regular_season	14	69	completed	2025-10-27 09:42:57.612	\N	2025-10-14 09:43:52.221	\N	2025-10-14 09:42:57.617909	2025-10-14 09:43:52.223201	\N	\N	\N	\N	\N	\N
8860	19	1	9	2	1	1	BO3	regular_season	14	70	completed	2025-10-27 09:42:57.612	\N	2025-10-14 09:43:52.227	\N	2025-10-14 09:42:57.617909	2025-10-14 09:43:52.228657	\N	\N	\N	\N	\N	\N
8862	19	5	7	2	0	5	BO3	regular_season	15	72	completed	2025-10-28 09:42:57.612	\N	2025-10-14 09:43:55.742	\N	2025-10-14 09:42:57.617909	2025-10-14 09:43:55.744515	\N	\N	\N	\N	\N	\N
8863	19	4	8	2	1	4	BO3	regular_season	15	73	completed	2025-10-28 09:42:57.612	\N	2025-10-14 09:43:55.748	\N	2025-10-14 09:42:57.617909	2025-10-14 09:43:55.751141	\N	\N	\N	\N	\N	\N
8864	19	3	9	2	1	3	BO3	regular_season	15	74	completed	2025-10-28 09:42:57.612	\N	2025-10-14 09:43:55.755	\N	2025-10-14 09:42:57.617909	2025-10-14 09:43:55.758031	\N	\N	\N	\N	\N	\N
8487	16	2	4	1	2	4	BO3	regular_season	12	57	completed	2025-10-25 09:05:16.316	\N	2025-10-14 09:10:36.789	\N	2025-10-14 09:05:16.347901	2025-10-14 09:10:36.791168	\N	\N	\N	\N	\N	\N
8765	16	38	37	2	1	38	BO3	regular_season	13	335	completed	2025-10-26 09:05:16.341	\N	2025-10-14 09:10:47.218	\N	2025-10-14 09:05:16.347901	2025-10-14 09:10:47.222523	\N	\N	\N	\N	\N	\N
8581	16	20	14	1	2	14	BO3	regular_season	13	151	completed	2025-10-26 09:05:16.316	\N	2025-10-14 09:10:47.284	\N	2025-10-14 09:05:16.347901	2025-10-14 09:10:47.28749	\N	\N	\N	\N	\N	\N
8493	16	2	6	2	1	2	BO3	regular_season	13	63	completed	2025-10-26 09:05:16.316	\N	2025-10-14 09:10:47.322	\N	2025-10-14 09:05:16.347901	2025-10-14 09:10:47.324383	\N	\N	\N	\N	\N	\N
8590	16	11	19	2	0	11	BO3	regular_season	14	160	completed	2025-10-27 09:05:16.316	\N	2025-10-14 09:10:50.171	\N	2025-10-14 09:05:16.347901	2025-10-14 09:10:50.174617	\N	\N	\N	\N	\N	\N
8684	16	23	29	2	0	23	BO3	regular_season	15	254	completed	2025-10-28 09:05:16.341	\N	2025-10-14 09:10:54.062	\N	2025-10-14 09:05:16.347901	2025-10-14 09:10:54.065152	\N	\N	\N	\N	\N	\N
8594	16	13	19	2	0	13	BO3	regular_season	15	164	completed	2025-10-28 09:05:16.316	\N	2025-10-14 09:10:54.158	\N	2025-10-14 09:05:16.347901	2025-10-14 09:10:54.159999	\N	\N	\N	\N	\N	\N
8504	16	3	9	2	0	3	BO3	regular_season	15	74	completed	2025-10-28 09:05:16.316	\N	2025-10-14 09:10:54.188	\N	2025-10-14 09:05:16.347901	2025-10-14 09:10:54.191515	\N	\N	\N	\N	\N	\N
8776	16	39	36	2	1	39	BO3	regular_season	16	346	completed	2025-10-29 09:05:16.341	\N	2025-10-14 09:10:56.655	\N	2025-10-14 09:05:16.347901	2025-10-14 09:10:56.657364	\N	\N	\N	\N	\N	\N
8601	16	20	18	0	2	18	BO3	regular_season	17	171	completed	2025-10-30 09:05:16.316	\N	2025-10-14 09:11:00.295	\N	2025-10-14 09:05:16.347901	2025-10-14 09:11:00.297565	\N	\N	\N	\N	\N	\N
8514	16	5	2	0	2	2	BO3	regular_season	17	84	completed	2025-10-30 09:05:16.316	\N	2025-10-14 09:11:00.308	\N	2025-10-14 09:05:16.347901	2025-10-14 09:11:00.310484	\N	\N	\N	\N	\N	\N
8698	16	27	22	2	1	27	BO3	regular_season	18	268	completed	2025-10-31 09:05:16.341	\N	2025-10-14 09:11:03.531	\N	2025-10-14 09:05:16.347901	2025-10-14 09:11:03.533264	\N	\N	\N	\N	\N	\N
8881	19	11	20	2	0	11	BO3	regular_season	1	91	completed	2025-10-14 09:42:57.612	\N	2025-10-14 09:43:11.979	\N	2025-10-14 09:42:57.617909	2025-10-14 09:43:11.981651	\N	\N	\N	\N	\N	\N
8885	19	15	16	0	2	16	BO3	regular_season	1	95	completed	2025-10-14 09:42:57.612	\N	2025-10-14 09:43:11.988	\N	2025-10-14 09:42:57.617909	2025-10-14 09:43:11.990432	\N	\N	\N	\N	\N	\N
8882	19	12	19	2	0	12	BO3	regular_season	1	92	completed	2025-10-14 09:42:57.612	\N	2025-10-14 09:43:12.07	\N	2025-10-14 09:42:57.617909	2025-10-14 09:43:12.072134	\N	\N	\N	\N	\N	\N
8887	19	13	11	1	2	11	BO3	regular_season	2	97	completed	2025-10-15 09:42:57.612	\N	2025-10-14 09:43:15.368	\N	2025-10-14 09:42:57.617909	2025-10-14 09:43:15.370499	\N	\N	\N	\N	\N	\N
8889	19	15	18	2	1	15	BO3	regular_season	2	99	completed	2025-10-15 09:42:57.612	\N	2025-10-14 09:43:15.376	\N	2025-10-14 09:42:57.617909	2025-10-14 09:43:15.377807	\N	\N	\N	\N	\N	\N
8890	19	16	17	0	2	17	BO3	regular_season	2	100	completed	2025-10-15 09:42:57.612	\N	2025-10-14 09:43:15.39	\N	2025-10-14 09:42:57.617909	2025-10-14 09:43:15.39332	\N	\N	\N	\N	\N	\N
8888	19	14	19	2	0	14	BO3	regular_season	2	98	completed	2025-10-15 09:42:57.612	\N	2025-10-14 09:43:15.449	\N	2025-10-14 09:42:57.617909	2025-10-14 09:43:15.451046	\N	\N	\N	\N	\N	\N
8886	19	12	20	2	0	12	BO3	regular_season	2	96	completed	2025-10-15 09:42:57.612	\N	2025-10-14 09:43:15.469	\N	2025-10-14 09:42:57.617909	2025-10-14 09:43:15.472425	\N	\N	\N	\N	\N	\N
8895	19	17	18	2	0	17	BO3	regular_season	3	105	completed	2025-10-16 09:42:57.612	\N	2025-10-14 09:43:18.633	\N	2025-10-14 09:42:57.617909	2025-10-14 09:43:18.6359	\N	\N	\N	\N	\N	\N
8894	19	16	19	2	1	16	BO3	regular_season	3	104	completed	2025-10-16 09:42:57.612	\N	2025-10-14 09:43:18.648	\N	2025-10-14 09:42:57.617909	2025-10-14 09:43:18.652582	\N	\N	\N	\N	\N	\N
8893	19	15	11	2	0	15	BO3	regular_season	3	103	completed	2025-10-16 09:42:57.612	\N	2025-10-14 09:43:18.688	\N	2025-10-14 09:42:57.617909	2025-10-14 09:43:18.691232	\N	\N	\N	\N	\N	\N
8891	19	13	20	2	0	13	BO3	regular_season	3	101	completed	2025-10-16 09:42:57.612	\N	2025-10-14 09:43:18.698	\N	2025-10-14 09:42:57.617909	2025-10-14 09:43:18.701388	\N	\N	\N	\N	\N	\N
8896	19	14	20	2	0	14	BO3	regular_season	4	106	completed	2025-10-17 09:42:57.612	\N	2025-10-14 09:43:21.604	\N	2025-10-14 09:42:57.617909	2025-10-14 09:43:21.608969	\N	\N	\N	\N	\N	\N
8898	19	16	12	1	2	12	BO3	regular_season	4	108	completed	2025-10-17 09:42:57.612	\N	2025-10-14 09:43:21.614	\N	2025-10-14 09:42:57.617909	2025-10-14 09:43:21.618622	\N	\N	\N	\N	\N	\N
8899	19	17	11	0	2	11	BO3	regular_season	4	109	completed	2025-10-17 09:42:57.612	\N	2025-10-14 09:43:21.667	\N	2025-10-14 09:42:57.617909	2025-10-14 09:43:21.670436	\N	\N	\N	\N	\N	\N
8900	19	18	19	2	0	18	BO3	regular_season	4	110	completed	2025-10-17 09:42:57.612	\N	2025-10-14 09:43:21.715	\N	2025-10-14 09:42:57.617909	2025-10-14 09:43:21.718082	\N	\N	\N	\N	\N	\N
8904	19	18	12	2	0	18	BO3	regular_season	5	114	completed	2025-10-18 09:42:57.612	\N	2025-10-14 09:43:24.033	\N	2025-10-14 09:42:57.617909	2025-10-14 09:43:24.036916	\N	\N	\N	\N	\N	\N
8903	19	17	13	2	0	17	BO3	regular_season	5	113	completed	2025-10-18 09:42:57.612	\N	2025-10-14 09:43:24.055	\N	2025-10-14 09:42:57.617909	2025-10-14 09:43:24.057276	\N	\N	\N	\N	\N	\N
8902	19	16	14	1	2	14	BO3	regular_season	5	112	completed	2025-10-18 09:42:57.612	\N	2025-10-14 09:43:24.076	\N	2025-10-14 09:42:57.617909	2025-10-14 09:43:24.078666	\N	\N	\N	\N	\N	\N
8901	19	15	20	2	0	15	BO3	regular_season	5	111	completed	2025-10-18 09:42:57.612	\N	2025-10-14 09:43:24.133	\N	2025-10-14 09:42:57.617909	2025-10-14 09:43:24.137455	\N	\N	\N	\N	\N	\N
8906	19	16	20	2	1	16	BO3	regular_season	6	116	completed	2025-10-19 09:42:57.612	\N	2025-10-14 09:43:27.357	\N	2025-10-14 09:42:57.617909	2025-10-14 09:43:27.35899	\N	\N	\N	\N	\N	\N
8910	19	11	12	2	1	11	BO3	regular_season	6	120	completed	2025-10-19 09:42:57.612	\N	2025-10-14 09:43:27.404	\N	2025-10-14 09:42:57.617909	2025-10-14 09:43:27.407323	\N	\N	\N	\N	\N	\N
8909	19	19	13	0	2	13	BO3	regular_season	6	119	completed	2025-10-19 09:42:57.612	\N	2025-10-14 09:43:27.438	\N	2025-10-14 09:42:57.617909	2025-10-14 09:43:27.441234	\N	\N	\N	\N	\N	\N
8908	19	18	14	2	0	18	BO3	regular_season	6	118	completed	2025-10-19 09:42:57.612	\N	2025-10-14 09:43:27.456	\N	2025-10-14 09:42:57.617909	2025-10-14 09:43:27.459671	\N	\N	\N	\N	\N	\N
8907	19	17	15	2	1	17	BO3	regular_season	6	117	completed	2025-10-19 09:42:57.612	\N	2025-10-14 09:43:27.464	\N	2025-10-14 09:42:57.617909	2025-10-14 09:43:27.467322	\N	\N	\N	\N	\N	\N
8913	19	19	15	2	1	19	BO3	regular_season	7	123	completed	2025-10-20 09:42:57.612	\N	2025-10-14 09:43:30.376	\N	2025-10-14 09:42:57.617909	2025-10-14 09:43:30.378271	\N	\N	\N	\N	\N	\N
8915	19	12	13	1	2	13	BO3	regular_season	7	125	completed	2025-10-20 09:42:57.612	\N	2025-10-14 09:43:30.443	\N	2025-10-14 09:42:57.617909	2025-10-14 09:43:30.445671	\N	\N	\N	\N	\N	\N
8911	19	17	20	2	1	17	BO3	regular_season	7	121	completed	2025-10-20 09:42:57.612	\N	2025-10-14 09:43:30.452	\N	2025-10-14 09:42:57.617909	2025-10-14 09:43:30.455029	\N	\N	\N	\N	\N	\N
8914	19	11	14	2	0	11	BO3	regular_season	7	124	completed	2025-10-20 09:42:57.612	\N	2025-10-14 09:43:30.477	\N	2025-10-14 09:42:57.617909	2025-10-14 09:43:30.480508	\N	\N	\N	\N	\N	\N
8916	19	18	20	0	2	20	BO3	regular_season	8	126	completed	2025-10-21 09:42:57.612	\N	2025-10-14 09:43:33.237	\N	2025-10-14 09:42:57.617909	2025-10-14 09:43:33.239439	\N	\N	\N	\N	\N	\N
8865	19	2	1	1	2	1	BO3	regular_season	15	75	completed	2025-10-28 09:42:57.612	\N	2025-10-14 09:43:55.761	\N	2025-10-14 09:42:57.617909	2025-10-14 09:43:55.763507	\N	\N	\N	\N	\N	\N
8866	19	10	7	2	0	10	BO3	regular_season	16	76	completed	2025-10-29 09:42:57.612	\N	2025-10-14 09:43:59.286	\N	2025-10-14 09:42:57.617909	2025-10-14 09:43:59.288926	\N	\N	\N	\N	\N	\N
8869	19	4	1	2	1	4	BO3	regular_season	16	79	completed	2025-10-29 09:42:57.612	\N	2025-10-14 09:43:59.359	\N	2025-10-14 09:42:57.617909	2025-10-14 09:43:59.361716	\N	\N	\N	\N	\N	\N
8868	19	5	9	2	0	5	BO3	regular_season	16	78	completed	2025-10-29 09:42:57.612	\N	2025-10-14 09:43:59.369	\N	2025-10-14 09:42:57.617909	2025-10-14 09:43:59.372942	\N	\N	\N	\N	\N	\N
8867	19	6	8	1	2	8	BO3	regular_season	16	77	completed	2025-10-29 09:42:57.612	\N	2025-10-14 09:43:59.391	\N	2025-10-14 09:42:57.617909	2025-10-14 09:43:59.39299	\N	\N	\N	\N	\N	\N
8872	19	7	9	2	1	7	BO3	regular_season	17	82	completed	2025-10-30 09:42:57.612	\N	2025-10-14 09:44:01.921	\N	2025-10-14 09:42:57.617909	2025-10-14 09:44:01.924691	\N	\N	\N	\N	\N	\N
8873	19	6	1	1	2	1	BO3	regular_season	17	83	completed	2025-10-30 09:42:57.612	\N	2025-10-14 09:44:01.933	\N	2025-10-14 09:42:57.617909	2025-10-14 09:44:01.937962	\N	\N	\N	\N	\N	\N
8874	19	5	2	0	2	2	BO3	regular_season	17	84	completed	2025-10-30 09:42:57.612	\N	2025-10-14 09:44:01.948	\N	2025-10-14 09:42:57.617909	2025-10-14 09:44:01.956341	\N	\N	\N	\N	\N	\N
8871	19	10	8	2	1	10	BO3	regular_season	17	81	completed	2025-10-30 09:42:57.612	\N	2025-10-14 09:44:02.02	\N	2025-10-14 09:42:57.617909	2025-10-14 09:44:02.022309	\N	\N	\N	\N	\N	\N
8876	19	10	9	2	1	10	BO3	regular_season	18	86	completed	2025-10-31 09:42:57.612	\N	2025-10-14 09:44:05.534	\N	2025-10-14 09:42:57.617909	2025-10-14 09:44:05.538622	\N	\N	\N	\N	\N	\N
8877	19	8	1	2	1	8	BO3	regular_season	18	87	completed	2025-10-31 09:42:57.612	\N	2025-10-14 09:44:05.616	\N	2025-10-14 09:42:57.617909	2025-10-14 09:44:05.61871	\N	\N	\N	\N	\N	\N
8878	19	7	2	2	1	7	BO3	regular_season	18	88	completed	2025-10-31 09:42:57.612	\N	2025-10-14 09:44:05.629	\N	2025-10-14 09:42:57.617909	2025-10-14 09:44:05.631794	\N	\N	\N	\N	\N	\N
8879	19	6	3	1	2	3	BO3	regular_season	18	89	completed	2025-10-31 09:42:57.612	\N	2025-10-14 09:44:05.64	\N	2025-10-14 09:42:57.617909	2025-10-14 09:44:05.646243	\N	\N	\N	\N	\N	\N
8880	19	5	4	1	2	4	BO3	regular_season	18	90	completed	2025-10-31 09:42:57.612	\N	2025-10-14 09:44:05.654	\N	2025-10-14 09:42:57.617909	2025-10-14 09:44:05.656398	\N	\N	\N	\N	\N	\N
9172	21	6	4	0	0	\N	BO3	regular_season	5	22	scheduled	2025-10-18 15:14:00.631	\N	\N	\N	2025-10-14 15:14:00.640225	2025-10-14 15:14:00.640225	\N	\N	\N	\N	\N	\N
8971	19	21	30	2	0	21	BO3	regular_season	1	181	completed	2025-10-14 09:42:57.612	\N	2025-10-14 09:43:12.02	\N	2025-10-14 09:42:57.617909	2025-10-14 09:43:12.022642	\N	\N	\N	\N	\N	\N
8974	19	24	27	1	2	27	BO3	regular_season	1	184	completed	2025-10-14 09:42:57.612	\N	2025-10-14 09:43:12.027	\N	2025-10-14 09:42:57.617909	2025-10-14 09:43:12.03051	\N	\N	\N	\N	\N	\N
8972	19	22	29	2	1	22	BO3	regular_season	1	182	completed	2025-10-14 09:42:57.612	\N	2025-10-14 09:43:12.043	\N	2025-10-14 09:42:57.617909	2025-10-14 09:43:12.046843	\N	\N	\N	\N	\N	\N
8975	19	25	26	2	1	25	BO3	regular_season	1	185	completed	2025-10-14 09:42:57.612	\N	2025-10-14 09:43:12.079	\N	2025-10-14 09:42:57.617909	2025-10-14 09:43:12.084816	\N	\N	\N	\N	\N	\N
8976	19	22	30	2	0	22	BO3	regular_season	2	186	completed	2025-10-15 09:42:57.612	\N	2025-10-14 09:43:15.398	\N	2025-10-14 09:42:57.617909	2025-10-14 09:43:15.400687	\N	\N	\N	\N	\N	\N
8980	19	26	27	1	2	27	BO3	regular_season	2	190	completed	2025-10-15 09:42:57.612	\N	2025-10-14 09:43:15.412	\N	2025-10-14 09:42:57.617909	2025-10-14 09:43:15.415193	\N	\N	\N	\N	\N	\N
8977	19	23	21	0	2	21	BO3	regular_season	2	187	completed	2025-10-15 09:42:57.612	\N	2025-10-14 09:43:15.441	\N	2025-10-14 09:42:57.617909	2025-10-14 09:43:15.443801	\N	\N	\N	\N	\N	\N
8979	19	25	28	2	1	25	BO3	regular_season	2	189	completed	2025-10-15 09:42:57.612	\N	2025-10-14 09:43:15.462	\N	2025-10-14 09:42:57.617909	2025-10-14 09:43:15.465414	\N	\N	\N	\N	\N	\N
8981	19	23	30	2	0	23	BO3	regular_season	3	191	completed	2025-10-16 09:42:57.612	\N	2025-10-14 09:43:18.586	\N	2025-10-14 09:42:57.617909	2025-10-14 09:43:18.589481	\N	\N	\N	\N	\N	\N
8917	19	19	17	1	2	17	BO3	regular_season	8	127	completed	2025-10-21 09:42:57.612	\N	2025-10-14 09:43:33.244	\N	2025-10-14 09:42:57.617909	2025-10-14 09:43:33.246273	\N	\N	\N	\N	\N	\N
8918	19	11	16	2	1	11	BO3	regular_season	8	128	completed	2025-10-21 09:42:57.612	\N	2025-10-14 09:43:33.251	\N	2025-10-14 09:42:57.617909	2025-10-14 09:43:33.253675	\N	\N	\N	\N	\N	\N
8920	19	13	14	1	2	14	BO3	regular_season	8	130	completed	2025-10-21 09:42:57.612	\N	2025-10-14 09:43:33.266	\N	2025-10-14 09:42:57.617909	2025-10-14 09:43:33.26846	\N	\N	\N	\N	\N	\N
8921	19	19	20	2	0	19	BO3	regular_season	9	131	completed	2025-10-22 09:42:57.612	\N	2025-10-14 09:43:36.62	\N	2025-10-14 09:42:57.617909	2025-10-14 09:43:36.622217	\N	\N	\N	\N	\N	\N
8925	19	14	15	2	0	14	BO3	regular_season	9	135	completed	2025-10-22 09:42:57.612	\N	2025-10-14 09:43:36.664	\N	2025-10-14 09:42:57.617909	2025-10-14 09:43:36.666499	\N	\N	\N	\N	\N	\N
8924	19	13	16	1	2	16	BO3	regular_season	9	134	completed	2025-10-22 09:42:57.612	\N	2025-10-14 09:43:36.672	\N	2025-10-14 09:42:57.617909	2025-10-14 09:43:36.675018	\N	\N	\N	\N	\N	\N
8923	19	12	17	2	0	12	BO3	regular_season	9	133	completed	2025-10-22 09:42:57.612	\N	2025-10-14 09:43:36.68	\N	2025-10-14 09:42:57.617909	2025-10-14 09:43:36.682701	\N	\N	\N	\N	\N	\N
8922	19	11	18	2	0	11	BO3	regular_season	9	132	completed	2025-10-22 09:42:57.612	\N	2025-10-14 09:43:36.688	\N	2025-10-14 09:42:57.617909	2025-10-14 09:43:36.690255	\N	\N	\N	\N	\N	\N
8929	19	17	14	2	1	17	BO3	regular_season	10	139	completed	2025-10-23 09:42:57.612	\N	2025-10-14 09:43:39.312	\N	2025-10-14 09:42:57.617909	2025-10-14 09:43:39.315193	\N	\N	\N	\N	\N	\N
8928	19	18	13	0	2	13	BO3	regular_season	10	138	completed	2025-10-23 09:42:57.612	\N	2025-10-14 09:43:39.32	\N	2025-10-14 09:42:57.617909	2025-10-14 09:43:39.322853	\N	\N	\N	\N	\N	\N
8926	19	20	11	0	2	11	BO3	regular_season	10	136	completed	2025-10-23 09:42:57.612	\N	2025-10-14 09:43:39.328	\N	2025-10-14 09:42:57.617909	2025-10-14 09:43:39.331387	\N	\N	\N	\N	\N	\N
8927	19	19	12	0	2	12	BO3	regular_season	10	137	completed	2025-10-23 09:42:57.612	\N	2025-10-14 09:43:39.336	\N	2025-10-14 09:42:57.617909	2025-10-14 09:43:39.339888	\N	\N	\N	\N	\N	\N
8932	19	11	13	2	0	11	BO3	regular_season	11	142	completed	2025-10-24 09:42:57.612	\N	2025-10-14 09:43:42.08	\N	2025-10-14 09:42:57.617909	2025-10-14 09:43:42.08165	\N	\N	\N	\N	\N	\N
8931	19	20	12	0	2	12	BO3	regular_season	11	141	completed	2025-10-24 09:42:57.612	\N	2025-10-14 09:43:42.128	\N	2025-10-14 09:42:57.617909	2025-10-14 09:43:42.130244	\N	\N	\N	\N	\N	\N
8934	19	18	15	2	0	18	BO3	regular_season	11	144	completed	2025-10-24 09:42:57.612	\N	2025-10-14 09:43:42.175	\N	2025-10-14 09:42:57.617909	2025-10-14 09:43:42.179798	\N	\N	\N	\N	\N	\N
8933	19	19	14	0	2	14	BO3	regular_season	11	143	completed	2025-10-24 09:42:57.612	\N	2025-10-14 09:43:42.185	\N	2025-10-14 09:42:57.617909	2025-10-14 09:43:42.188039	\N	\N	\N	\N	\N	\N
8936	19	20	13	0	2	13	BO3	regular_season	12	146	completed	2025-10-25 09:42:57.612	\N	2025-10-14 09:43:44.354	\N	2025-10-14 09:42:57.617909	2025-10-14 09:43:44.3563	\N	\N	\N	\N	\N	\N
8940	19	18	17	2	1	18	BO3	regular_season	12	150	completed	2025-10-25 09:42:57.612	\N	2025-10-14 09:43:44.455	\N	2025-10-14 09:42:57.617909	2025-10-14 09:43:44.457424	\N	\N	\N	\N	\N	\N
8939	19	19	16	0	2	16	BO3	regular_season	12	149	completed	2025-10-25 09:42:57.612	\N	2025-10-14 09:43:44.463	\N	2025-10-14 09:42:57.617909	2025-10-14 09:43:44.4653	\N	\N	\N	\N	\N	\N
8938	19	11	15	2	1	11	BO3	regular_season	12	148	completed	2025-10-25 09:42:57.612	\N	2025-10-14 09:43:44.469	\N	2025-10-14 09:42:57.617909	2025-10-14 09:43:44.473017	\N	\N	\N	\N	\N	\N
8941	19	20	14	0	2	14	BO3	regular_season	13	151	completed	2025-10-26 09:42:57.612	\N	2025-10-14 09:43:48.35	\N	2025-10-14 09:42:57.617909	2025-10-14 09:43:48.353243	\N	\N	\N	\N	\N	\N
8945	19	19	18	2	0	19	BO3	regular_season	13	155	completed	2025-10-26 09:42:57.612	\N	2025-10-14 09:43:48.36	\N	2025-10-14 09:42:57.617909	2025-10-14 09:43:48.362563	\N	\N	\N	\N	\N	\N
8942	19	13	15	2	0	13	BO3	regular_season	13	152	completed	2025-10-26 09:42:57.612	\N	2025-10-14 09:43:48.452	\N	2025-10-14 09:42:57.617909	2025-10-14 09:43:48.454151	\N	\N	\N	\N	\N	\N
8943	19	12	16	2	0	12	BO3	regular_season	13	153	completed	2025-10-26 09:42:57.612	\N	2025-10-14 09:43:48.458	\N	2025-10-14 09:42:57.617909	2025-10-14 09:43:48.460533	\N	\N	\N	\N	\N	\N
8944	19	11	17	2	0	11	BO3	regular_season	13	154	completed	2025-10-26 09:42:57.612	\N	2025-10-14 09:43:48.464	\N	2025-10-14 09:42:57.617909	2025-10-14 09:43:48.466644	\N	\N	\N	\N	\N	\N
8946	19	20	15	0	2	15	BO3	regular_season	14	156	completed	2025-10-27 09:42:57.612	\N	2025-10-14 09:43:52.11	\N	2025-10-14 09:42:57.617909	2025-10-14 09:43:52.112078	\N	\N	\N	\N	\N	\N
8949	19	12	18	2	0	12	BO3	regular_season	14	159	completed	2025-10-27 09:42:57.612	\N	2025-10-14 09:43:52.162	\N	2025-10-14 09:42:57.617909	2025-10-14 09:43:52.167088	\N	\N	\N	\N	\N	\N
8948	19	13	17	2	0	13	BO3	regular_season	14	158	completed	2025-10-27 09:42:57.612	\N	2025-10-14 09:43:52.171	\N	2025-10-14 09:42:57.617909	2025-10-14 09:43:52.175029	\N	\N	\N	\N	\N	\N
8947	19	14	16	1	2	16	BO3	regular_season	14	157	completed	2025-10-27 09:42:57.612	\N	2025-10-14 09:43:52.182	\N	2025-10-14 09:42:57.617909	2025-10-14 09:43:52.185608	\N	\N	\N	\N	\N	\N
8952	19	15	17	0	2	17	BO3	regular_season	15	162	completed	2025-10-28 09:42:57.612	\N	2025-10-14 09:43:55.685	\N	2025-10-14 09:42:57.617909	2025-10-14 09:43:55.686926	\N	\N	\N	\N	\N	\N
8953	19	14	18	2	0	14	BO3	regular_season	15	163	completed	2025-10-28 09:42:57.612	\N	2025-10-14 09:43:55.695	\N	2025-10-14 09:42:57.617909	2025-10-14 09:43:55.698394	\N	\N	\N	\N	\N	\N
8954	19	13	19	2	0	13	BO3	regular_season	15	164	completed	2025-10-28 09:42:57.612	\N	2025-10-14 09:43:55.707	\N	2025-10-14 09:42:57.617909	2025-10-14 09:43:55.710276	\N	\N	\N	\N	\N	\N
8951	19	20	16	1	2	16	BO3	regular_season	15	161	completed	2025-10-28 09:42:57.612	\N	2025-10-14 09:43:55.726	\N	2025-10-14 09:42:57.617909	2025-10-14 09:43:55.728724	\N	\N	\N	\N	\N	\N
8960	19	13	12	2	1	13	BO3	regular_season	16	170	completed	2025-10-29 09:42:57.612	\N	2025-10-14 09:43:59.296	\N	2025-10-14 09:42:57.617909	2025-10-14 09:43:59.29902	\N	\N	\N	\N	\N	\N
8959	19	14	11	2	1	14	BO3	regular_season	16	169	completed	2025-10-29 09:42:57.612	\N	2025-10-14 09:43:59.306	\N	2025-10-14 09:42:57.617909	2025-10-14 09:43:59.309457	\N	\N	\N	\N	\N	\N
8958	19	15	19	2	0	15	BO3	regular_season	16	168	completed	2025-10-29 09:42:57.612	\N	2025-10-14 09:43:59.315	\N	2025-10-14 09:42:57.617909	2025-10-14 09:43:59.317771	\N	\N	\N	\N	\N	\N
8957	19	16	18	1	2	18	BO3	regular_season	16	167	completed	2025-10-29 09:42:57.612	\N	2025-10-14 09:43:59.325	\N	2025-10-14 09:42:57.617909	2025-10-14 09:43:59.330512	\N	\N	\N	\N	\N	\N
8956	19	20	17	1	2	17	BO3	regular_season	16	166	completed	2025-10-29 09:42:57.612	\N	2025-10-14 09:43:59.338	\N	2025-10-14 09:42:57.617909	2025-10-14 09:43:59.341662	\N	\N	\N	\N	\N	\N
8962	19	17	19	2	1	17	BO3	regular_season	17	172	completed	2025-10-30 09:42:57.612	\N	2025-10-14 09:44:01.976	\N	2025-10-14 09:42:57.617909	2025-10-14 09:44:01.979781	\N	\N	\N	\N	\N	\N
8963	19	16	11	2	0	16	BO3	regular_season	17	173	completed	2025-10-30 09:42:57.612	\N	2025-10-14 09:44:01.987	\N	2025-10-14 09:42:57.617909	2025-10-14 09:44:01.990002	\N	\N	\N	\N	\N	\N
8964	19	15	12	1	2	12	BO3	regular_season	17	174	completed	2025-10-30 09:42:57.612	\N	2025-10-14 09:44:01.998	\N	2025-10-14 09:42:57.617909	2025-10-14 09:44:02.000507	\N	\N	\N	\N	\N	\N
8965	19	14	13	2	1	14	BO3	regular_season	17	175	completed	2025-10-30 09:42:57.612	\N	2025-10-14 09:44:02.009	\N	2025-10-14 09:42:57.617909	2025-10-14 09:44:02.015545	\N	\N	\N	\N	\N	\N
8966	19	20	19	2	0	20	BO3	regular_season	18	176	completed	2025-10-31 09:42:57.612	\N	2025-10-14 09:44:05.479	\N	2025-10-14 09:42:57.617909	2025-10-14 09:44:05.481144	\N	\N	\N	\N	\N	\N
8967	19	18	11	1	2	11	BO3	regular_season	18	177	completed	2025-10-31 09:42:57.612	\N	2025-10-14 09:44:05.484	\N	2025-10-14 09:42:57.617909	2025-10-14 09:44:05.489814	\N	\N	\N	\N	\N	\N
8969	19	16	13	1	2	13	BO3	regular_season	18	179	completed	2025-10-31 09:42:57.612	\N	2025-10-14 09:44:05.509	\N	2025-10-14 09:42:57.617909	2025-10-14 09:44:05.512714	\N	\N	\N	\N	\N	\N
8970	19	15	14	0	2	14	BO3	regular_season	18	180	completed	2025-10-31 09:42:57.612	\N	2025-10-14 09:44:05.518	\N	2025-10-14 09:42:57.617909	2025-10-14 09:44:05.523135	\N	\N	\N	\N	\N	\N
9173	21	7	3	0	0	\N	BO3	regular_season	5	23	scheduled	2025-10-18 15:14:00.631	\N	\N	\N	2025-10-14 15:14:00.640225	2025-10-14 15:14:00.640225	\N	\N	\N	\N	\N	\N
8983	19	25	21	1	2	21	BO3	regular_season	3	193	completed	2025-10-16 09:42:57.612	\N	2025-10-14 09:43:18.62	\N	2025-10-14 09:42:57.617909	2025-10-14 09:43:18.622699	\N	\N	\N	\N	\N	\N
8984	19	26	29	2	0	26	BO3	regular_season	3	194	completed	2025-10-16 09:42:57.612	\N	2025-10-14 09:43:18.64	\N	2025-10-14 09:42:57.617909	2025-10-14 09:43:18.64342	\N	\N	\N	\N	\N	\N
8985	19	27	28	2	1	27	BO3	regular_season	3	195	completed	2025-10-16 09:42:57.612	\N	2025-10-14 09:43:18.664	\N	2025-10-14 09:42:57.617909	2025-10-14 09:43:18.666953	\N	\N	\N	\N	\N	\N
8988	19	26	22	2	1	26	BO3	regular_season	4	198	completed	2025-10-17 09:42:57.612	\N	2025-10-14 09:43:21.637	\N	2025-10-14 09:42:57.617909	2025-10-14 09:43:21.640694	\N	\N	\N	\N	\N	\N
8989	19	27	21	2	0	27	BO3	regular_season	4	199	completed	2025-10-17 09:42:57.612	\N	2025-10-14 09:43:21.687	\N	2025-10-14 09:42:57.617909	2025-10-14 09:43:21.692275	\N	\N	\N	\N	\N	\N
8986	19	24	30	2	0	24	BO3	regular_season	4	196	completed	2025-10-17 09:42:57.612	\N	2025-10-14 09:43:21.723	\N	2025-10-14 09:42:57.617909	2025-10-14 09:43:21.726129	\N	\N	\N	\N	\N	\N
8987	19	25	23	2	1	25	BO3	regular_season	4	197	completed	2025-10-17 09:42:57.612	\N	2025-10-14 09:43:21.729	\N	2025-10-14 09:42:57.617909	2025-10-14 09:43:21.732102	\N	\N	\N	\N	\N	\N
8992	19	26	24	1	2	24	BO3	regular_season	5	202	completed	2025-10-18 09:42:57.612	\N	2025-10-14 09:43:24.041	\N	2025-10-14 09:42:57.617909	2025-10-14 09:43:24.042613	\N	\N	\N	\N	\N	\N
8994	19	28	22	0	2	22	BO3	regular_season	5	204	completed	2025-10-18 09:42:57.612	\N	2025-10-14 09:43:24.048	\N	2025-10-14 09:42:57.617909	2025-10-14 09:43:24.050297	\N	\N	\N	\N	\N	\N
8991	19	25	30	2	0	25	BO3	regular_season	5	201	completed	2025-10-18 09:42:57.612	\N	2025-10-14 09:43:24.091	\N	2025-10-14 09:42:57.617909	2025-10-14 09:43:24.094209	\N	\N	\N	\N	\N	\N
8995	19	29	21	0	2	21	BO3	regular_season	5	205	completed	2025-10-18 09:42:57.612	\N	2025-10-14 09:43:24.098	\N	2025-10-14 09:42:57.617909	2025-10-14 09:43:24.100568	\N	\N	\N	\N	\N	\N
8997	19	27	25	2	1	27	BO3	regular_season	6	207	completed	2025-10-19 09:42:57.612	\N	2025-10-14 09:43:27.396	\N	2025-10-14 09:42:57.617909	2025-10-14 09:43:27.399289	\N	\N	\N	\N	\N	\N
8998	19	28	24	1	2	24	BO3	regular_season	6	208	completed	2025-10-19 09:42:57.612	\N	2025-10-14 09:43:27.412	\N	2025-10-14 09:42:57.617909	2025-10-14 09:43:27.4153	\N	\N	\N	\N	\N	\N
9000	19	21	22	2	0	21	BO3	regular_season	6	210	completed	2025-10-19 09:42:57.612	\N	2025-10-14 09:43:27.42	\N	2025-10-14 09:42:57.617909	2025-10-14 09:43:27.423264	\N	\N	\N	\N	\N	\N
8999	19	29	23	1	2	23	BO3	regular_season	6	209	completed	2025-10-19 09:42:57.612	\N	2025-10-14 09:43:27.447	\N	2025-10-14 09:42:57.617909	2025-10-14 09:43:27.449737	\N	\N	\N	\N	\N	\N
8996	19	26	30	2	0	26	BO3	regular_season	6	206	completed	2025-10-19 09:42:57.612	\N	2025-10-14 09:43:27.473	\N	2025-10-14 09:42:57.617909	2025-10-14 09:43:27.474915	\N	\N	\N	\N	\N	\N
9004	19	21	24	2	0	21	BO3	regular_season	7	214	completed	2025-10-20 09:42:57.612	\N	2025-10-14 09:43:30.369	\N	2025-10-14 09:42:57.617909	2025-10-14 09:43:30.370816	\N	\N	\N	\N	\N	\N
9002	19	28	26	2	1	28	BO3	regular_season	7	212	completed	2025-10-20 09:42:57.612	\N	2025-10-14 09:43:30.43	\N	2025-10-14 09:42:57.617909	2025-10-14 09:43:30.432446	\N	\N	\N	\N	\N	\N
9005	19	22	23	2	0	22	BO3	regular_season	7	215	completed	2025-10-20 09:42:57.612	\N	2025-10-14 09:43:30.461	\N	2025-10-14 09:42:57.617909	2025-10-14 09:43:30.464256	\N	\N	\N	\N	\N	\N
9001	19	27	30	1	2	30	BO3	regular_season	7	211	completed	2025-10-20 09:42:57.612	\N	2025-10-14 09:43:30.469	\N	2025-10-14 09:42:57.617909	2025-10-14 09:43:30.47152	\N	\N	\N	\N	\N	\N
9010	19	23	24	1	2	24	BO3	regular_season	8	220	completed	2025-10-21 09:42:57.612	\N	2025-10-14 09:43:33.184	\N	2025-10-14 09:42:57.617909	2025-10-14 09:43:33.186612	\N	\N	\N	\N	\N	\N
9009	19	22	25	2	1	22	BO3	regular_season	8	219	completed	2025-10-21 09:42:57.612	\N	2025-10-14 09:43:33.192	\N	2025-10-14 09:42:57.617909	2025-10-14 09:43:33.19471	\N	\N	\N	\N	\N	\N
9008	19	21	26	2	0	21	BO3	regular_season	8	218	completed	2025-10-21 09:42:57.612	\N	2025-10-14 09:43:33.199	\N	2025-10-14 09:42:57.617909	2025-10-14 09:43:33.202426	\N	\N	\N	\N	\N	\N
9006	19	28	30	2	1	28	BO3	regular_season	8	216	completed	2025-10-21 09:42:57.612	\N	2025-10-14 09:43:33.228	\N	2025-10-14 09:42:57.617909	2025-10-14 09:43:33.229593	\N	\N	\N	\N	\N	\N
9015	19	24	25	2	0	24	BO3	regular_season	9	225	completed	2025-10-22 09:42:57.612	\N	2025-10-14 09:43:36.628	\N	2025-10-14 09:42:57.617909	2025-10-14 09:43:36.630219	\N	\N	\N	\N	\N	\N
9011	19	29	30	2	0	29	BO3	regular_season	9	221	completed	2025-10-22 09:42:57.612	\N	2025-10-14 09:43:36.633	\N	2025-10-14 09:42:57.617909	2025-10-14 09:43:36.636995	\N	\N	\N	\N	\N	\N
9014	19	23	26	2	1	23	BO3	regular_season	9	224	completed	2025-10-22 09:42:57.612	\N	2025-10-14 09:43:36.641	\N	2025-10-14 09:42:57.617909	2025-10-14 09:43:36.645182	\N	\N	\N	\N	\N	\N
9013	19	22	27	2	1	22	BO3	regular_season	9	223	completed	2025-10-22 09:42:57.612	\N	2025-10-14 09:43:36.65	\N	2025-10-14 09:42:57.617909	2025-10-14 09:43:36.653201	\N	\N	\N	\N	\N	\N
9012	19	21	28	2	0	21	BO3	regular_season	9	222	completed	2025-10-22 09:42:57.612	\N	2025-10-14 09:43:36.657	\N	2025-10-14 09:42:57.617909	2025-10-14 09:43:36.660453	\N	\N	\N	\N	\N	\N
9020	19	26	25	2	1	26	BO3	regular_season	10	230	completed	2025-10-23 09:42:57.612	\N	2025-10-14 09:43:39.27	\N	2025-10-14 09:42:57.617909	2025-10-14 09:43:39.272662	\N	\N	\N	\N	\N	\N
9016	19	30	21	2	0	30	BO3	regular_season	10	226	completed	2025-10-23 09:42:57.612	\N	2025-10-14 09:43:39.385	\N	2025-10-14 09:42:57.617909	2025-10-14 09:43:39.387008	\N	\N	\N	\N	\N	\N
9017	19	29	22	0	2	22	BO3	regular_season	10	227	completed	2025-10-23 09:42:57.612	\N	2025-10-14 09:43:39.39	\N	2025-10-14 09:42:57.617909	2025-10-14 09:43:39.393701	\N	\N	\N	\N	\N	\N
9018	19	28	23	1	2	23	BO3	regular_season	10	228	completed	2025-10-23 09:42:57.612	\N	2025-10-14 09:43:39.398	\N	2025-10-14 09:42:57.617909	2025-10-14 09:43:39.400174	\N	\N	\N	\N	\N	\N
9021	19	30	22	0	2	22	BO3	regular_season	11	231	completed	2025-10-24 09:42:57.612	\N	2025-10-14 09:43:42.087	\N	2025-10-14 09:42:57.617909	2025-10-14 09:43:42.089361	\N	\N	\N	\N	\N	\N
9025	19	27	26	2	1	27	BO3	regular_season	11	235	completed	2025-10-24 09:42:57.612	\N	2025-10-14 09:43:42.14	\N	2025-10-14 09:42:57.617909	2025-10-14 09:43:42.143694	\N	\N	\N	\N	\N	\N
9023	19	29	24	0	2	24	BO3	regular_season	11	233	completed	2025-10-24 09:42:57.612	\N	2025-10-14 09:43:42.154	\N	2025-10-14 09:42:57.617909	2025-10-14 09:43:42.156434	\N	\N	\N	\N	\N	\N
9022	19	21	23	2	1	21	BO3	regular_season	11	232	completed	2025-10-24 09:42:57.612	\N	2025-10-14 09:43:42.16	\N	2025-10-14 09:42:57.617909	2025-10-14 09:43:42.162221	\N	\N	\N	\N	\N	\N
9029	19	29	26	1	2	26	BO3	regular_season	12	239	completed	2025-10-25 09:42:57.612	\N	2025-10-14 09:43:44.363	\N	2025-10-14 09:42:57.617909	2025-10-14 09:43:44.365091	\N	\N	\N	\N	\N	\N
9030	19	28	27	0	2	27	BO3	regular_season	12	240	completed	2025-10-25 09:42:57.612	\N	2025-10-14 09:43:44.378	\N	2025-10-14 09:42:57.617909	2025-10-14 09:43:44.380406	\N	\N	\N	\N	\N	\N
9026	19	30	23	2	0	30	BO3	regular_season	12	236	completed	2025-10-25 09:42:57.612	\N	2025-10-14 09:43:44.423	\N	2025-10-14 09:42:57.617909	2025-10-14 09:43:44.426261	\N	\N	\N	\N	\N	\N
9027	19	22	24	2	1	22	BO3	regular_season	12	237	completed	2025-10-25 09:42:57.612	\N	2025-10-14 09:43:44.431	\N	2025-10-14 09:42:57.617909	2025-10-14 09:43:44.434174	\N	\N	\N	\N	\N	\N
9034	19	21	27	2	0	21	BO3	regular_season	13	244	completed	2025-10-26 09:42:57.612	\N	2025-10-14 09:43:48.406	\N	2025-10-14 09:42:57.617909	2025-10-14 09:43:48.408602	\N	\N	\N	\N	\N	\N
9031	19	30	24	0	2	24	BO3	regular_season	13	241	completed	2025-10-26 09:42:57.612	\N	2025-10-14 09:43:48.412	\N	2025-10-14 09:42:57.617909	2025-10-14 09:43:48.415514	\N	\N	\N	\N	\N	\N
9033	19	22	26	0	2	26	BO3	regular_season	13	243	completed	2025-10-26 09:42:57.612	\N	2025-10-14 09:43:48.421	\N	2025-10-14 09:42:57.617909	2025-10-14 09:43:48.424833	\N	\N	\N	\N	\N	\N
9032	19	23	25	0	2	25	BO3	regular_season	13	242	completed	2025-10-26 09:42:57.612	\N	2025-10-14 09:43:48.428	\N	2025-10-14 09:42:57.617909	2025-10-14 09:43:48.431321	\N	\N	\N	\N	\N	\N
9035	19	29	28	2	0	29	BO3	regular_season	13	245	completed	2025-10-26 09:42:57.612	\N	2025-10-14 09:43:48.444	\N	2025-10-14 09:42:57.617909	2025-10-14 09:43:48.446429	\N	\N	\N	\N	\N	\N
9039	19	22	28	1	2	28	BO3	regular_season	14	249	completed	2025-10-27 09:42:57.612	\N	2025-10-14 09:43:52.117	\N	2025-10-14 09:42:57.617909	2025-10-14 09:43:52.119741	\N	\N	\N	\N	\N	\N
9037	19	24	26	1	2	26	BO3	regular_season	14	247	completed	2025-10-27 09:42:57.612	\N	2025-10-14 09:43:52.13	\N	2025-10-14 09:42:57.617909	2025-10-14 09:43:52.13323	\N	\N	\N	\N	\N	\N
9036	19	30	25	0	2	25	BO3	regular_season	14	246	completed	2025-10-27 09:42:57.612	\N	2025-10-14 09:43:52.136	\N	2025-10-14 09:42:57.617909	2025-10-14 09:43:52.140511	\N	\N	\N	\N	\N	\N
9040	19	21	29	2	0	21	BO3	regular_season	14	250	completed	2025-10-27 09:42:57.612	\N	2025-10-14 09:43:52.146	\N	2025-10-14 09:42:57.617909	2025-10-14 09:43:52.149425	\N	\N	\N	\N	\N	\N
9041	19	30	26	1	2	26	BO3	regular_season	15	251	completed	2025-10-28 09:42:57.612	\N	2025-10-14 09:43:55.677	\N	2025-10-14 09:42:57.617909	2025-10-14 09:43:55.679136	\N	\N	\N	\N	\N	\N
9045	19	22	21	1	2	21	BO3	regular_season	15	255	completed	2025-10-28 09:42:57.612	\N	2025-10-14 09:43:55.776	\N	2025-10-14 09:42:57.617909	2025-10-14 09:43:55.778171	\N	\N	\N	\N	\N	\N
9044	19	23	29	2	0	23	BO3	regular_season	15	254	completed	2025-10-28 09:42:57.612	\N	2025-10-14 09:43:55.786	\N	2025-10-14 09:42:57.617909	2025-10-14 09:43:55.787928	\N	\N	\N	\N	\N	\N
9042	19	25	27	2	0	25	BO3	regular_season	15	252	completed	2025-10-28 09:42:57.612	\N	2025-10-14 09:43:55.806	\N	2025-10-14 09:42:57.617909	2025-10-14 09:43:55.809008	\N	\N	\N	\N	\N	\N
9046	19	30	27	0	2	27	BO3	regular_season	16	256	completed	2025-10-29 09:42:57.612	\N	2025-10-14 09:43:59.43	\N	2025-10-14 09:42:57.617909	2025-10-14 09:43:59.432885	\N	\N	\N	\N	\N	\N
9174	21	8	2	0	0	\N	BO3	regular_season	5	24	scheduled	2025-10-18 15:14:00.631	\N	\N	\N	2025-10-14 15:14:00.640225	2025-10-14 15:14:00.640225	\N	\N	\N	\N	\N	\N
9063	19	33	37	2	1	33	BO3	regular_season	1	273	completed	2025-10-14 09:42:57.613	\N	2025-10-14 09:43:11.913	\N	2025-10-14 09:42:57.617909	2025-10-14 09:43:11.915389	\N	\N	\N	\N	\N	\N
9065	19	34	35	1	2	35	BO3	regular_season	1	275	completed	2025-10-14 09:42:57.613	\N	2025-10-14 09:43:11.927	\N	2025-10-14 09:42:57.617909	2025-10-14 09:43:11.928955	\N	\N	\N	\N	\N	\N
9062	19	32	38	2	1	32	BO3	regular_season	1	272	completed	2025-10-14 09:42:57.612	\N	2025-10-14 09:43:11.954	\N	2025-10-14 09:42:57.617909	2025-10-14 09:43:11.958737	\N	\N	\N	\N	\N	\N
9061	19	31	39	2	0	31	BO3	regular_season	1	271	completed	2025-10-14 09:42:57.612	\N	2025-10-14 09:43:12.012	\N	2025-10-14 09:42:57.617909	2025-10-14 09:43:12.015133	\N	\N	\N	\N	\N	\N
9066	19	32	39	2	0	32	BO3	regular_season	2	276	completed	2025-10-15 09:42:57.613	\N	2025-10-14 09:43:15.324	\N	2025-10-14 09:42:57.617909	2025-10-14 09:43:15.326671	\N	\N	\N	\N	\N	\N
9068	19	40	38	1	2	38	BO3	regular_season	2	278	completed	2025-10-15 09:42:57.613	\N	2025-10-14 09:43:15.343	\N	2025-10-14 09:42:57.617909	2025-10-14 09:43:15.346383	\N	\N	\N	\N	\N	\N
9070	19	35	36	1	2	36	BO3	regular_season	2	280	completed	2025-10-15 09:42:57.613	\N	2025-10-14 09:43:15.353	\N	2025-10-14 09:42:57.617909	2025-10-14 09:43:15.356412	\N	\N	\N	\N	\N	\N
9067	19	33	31	0	2	31	BO3	regular_season	2	277	completed	2025-10-15 09:42:57.613	\N	2025-10-14 09:43:15.36	\N	2025-10-14 09:42:57.617909	2025-10-14 09:43:15.36269	\N	\N	\N	\N	\N	\N
9075	19	36	37	2	0	36	BO3	regular_season	3	285	completed	2025-10-16 09:42:57.613	\N	2025-10-14 09:43:18.539	\N	2025-10-14 09:42:57.617909	2025-10-14 09:43:18.542693	\N	\N	\N	\N	\N	\N
9074	19	35	38	2	1	35	BO3	regular_season	3	284	completed	2025-10-16 09:42:57.613	\N	2025-10-14 09:43:18.55	\N	2025-10-14 09:42:57.617909	2025-10-14 09:43:18.55411	\N	\N	\N	\N	\N	\N
9072	19	40	32	2	0	40	BO3	regular_season	3	282	completed	2025-10-16 09:42:57.613	\N	2025-10-14 09:43:18.56	\N	2025-10-14 09:42:57.617909	2025-10-14 09:43:18.563811	\N	\N	\N	\N	\N	\N
9073	19	34	31	0	2	31	BO3	regular_season	3	283	completed	2025-10-16 09:42:57.613	\N	2025-10-14 09:43:18.577	\N	2025-10-14 09:42:57.617909	2025-10-14 09:43:18.579917	\N	\N	\N	\N	\N	\N
9079	19	36	31	0	2	31	BO3	regular_season	4	289	completed	2025-10-17 09:42:57.613	\N	2025-10-14 09:43:21.546	\N	2025-10-14 09:42:57.617909	2025-10-14 09:43:21.55034	\N	\N	\N	\N	\N	\N
9077	19	34	33	2	1	34	BO3	regular_season	4	287	completed	2025-10-17 09:42:57.613	\N	2025-10-14 09:43:21.555	\N	2025-10-14 09:42:57.617909	2025-10-14 09:43:21.559424	\N	\N	\N	\N	\N	\N
9076	19	40	39	2	0	40	BO3	regular_season	4	286	completed	2025-10-17 09:42:57.613	\N	2025-10-14 09:43:21.571	\N	2025-10-14 09:42:57.617909	2025-10-14 09:43:21.575144	\N	\N	\N	\N	\N	\N
9080	19	37	38	2	1	37	BO3	regular_season	4	290	completed	2025-10-17 09:42:57.613	\N	2025-10-14 09:43:21.582	\N	2025-10-14 09:42:57.617909	2025-10-14 09:43:21.584414	\N	\N	\N	\N	\N	\N
9078	19	35	32	0	2	32	BO3	regular_season	4	288	completed	2025-10-17 09:42:57.613	\N	2025-10-14 09:43:21.588	\N	2025-10-14 09:42:57.617909	2025-10-14 09:43:21.591908	\N	\N	\N	\N	\N	\N
9085	19	38	31	1	2	31	BO3	regular_season	5	295	completed	2025-10-18 09:42:57.613	\N	2025-10-14 09:43:24.003	\N	2025-10-14 09:42:57.617909	2025-10-14 09:43:24.006486	\N	\N	\N	\N	\N	\N
9082	19	35	40	0	2	40	BO3	regular_season	5	292	completed	2025-10-18 09:42:57.613	\N	2025-10-14 09:43:24.013	\N	2025-10-14 09:42:57.617909	2025-10-14 09:43:24.015705	\N	\N	\N	\N	\N	\N
9083	19	36	33	1	2	33	BO3	regular_season	5	293	completed	2025-10-18 09:42:57.613	\N	2025-10-14 09:43:24.02	\N	2025-10-14 09:42:57.617909	2025-10-14 09:43:24.0222	\N	\N	\N	\N	\N	\N
9084	19	37	32	2	0	37	BO3	regular_season	5	294	completed	2025-10-18 09:42:57.613	\N	2025-10-14 09:43:24.025	\N	2025-10-14 09:42:57.617909	2025-10-14 09:43:24.029052	\N	\N	\N	\N	\N	\N
9090	19	31	32	2	1	31	BO3	regular_season	6	300	completed	2025-10-19 09:42:57.613	\N	2025-10-14 09:43:27.312	\N	2025-10-14 09:42:57.617909	2025-10-14 09:43:27.314989	\N	\N	\N	\N	\N	\N
9088	19	37	40	0	2	40	BO3	regular_season	6	298	completed	2025-10-19 09:42:57.613	\N	2025-10-14 09:43:27.321	\N	2025-10-14 09:42:57.617909	2025-10-14 09:43:27.324856	\N	\N	\N	\N	\N	\N
9087	19	36	34	0	2	34	BO3	regular_season	6	297	completed	2025-10-19 09:42:57.613	\N	2025-10-14 09:43:27.34	\N	2025-10-14 09:42:57.617909	2025-10-14 09:43:27.343755	\N	\N	\N	\N	\N	\N
9089	19	38	33	0	2	33	BO3	regular_season	6	299	completed	2025-10-19 09:42:57.613	\N	2025-10-14 09:43:27.349	\N	2025-10-14 09:42:57.617909	2025-10-14 09:43:27.351875	\N	\N	\N	\N	\N	\N
9093	19	38	34	2	1	38	BO3	regular_season	7	303	completed	2025-10-20 09:42:57.613	\N	2025-10-14 09:43:30.328	\N	2025-10-14 09:42:57.617909	2025-10-14 09:43:30.332519	\N	\N	\N	\N	\N	\N
9095	19	32	33	1	2	33	BO3	regular_season	7	305	completed	2025-10-20 09:42:57.613	\N	2025-10-14 09:43:30.337	\N	2025-10-14 09:42:57.617909	2025-10-14 09:43:30.340051	\N	\N	\N	\N	\N	\N
9091	19	36	39	2	1	36	BO3	regular_season	7	301	completed	2025-10-20 09:42:57.613	\N	2025-10-14 09:43:30.345	\N	2025-10-14 09:42:57.617909	2025-10-14 09:43:30.346658	\N	\N	\N	\N	\N	\N
9092	19	37	35	1	2	35	BO3	regular_season	7	302	completed	2025-10-20 09:42:57.613	\N	2025-10-14 09:43:30.353	\N	2025-10-14 09:42:57.617909	2025-10-14 09:43:30.355035	\N	\N	\N	\N	\N	\N
9100	19	33	40	2	1	33	BO3	regular_season	8	310	completed	2025-10-21 09:42:57.613	\N	2025-10-14 09:43:33.115	\N	2025-10-14 09:42:57.617909	2025-10-14 09:43:33.119188	\N	\N	\N	\N	\N	\N
9099	19	32	34	2	0	32	BO3	regular_season	8	309	completed	2025-10-21 09:42:57.613	\N	2025-10-14 09:43:33.124	\N	2025-10-14 09:42:57.617909	2025-10-14 09:43:33.126018	\N	\N	\N	\N	\N	\N
9098	19	31	35	1	2	35	BO3	regular_season	8	308	completed	2025-10-21 09:42:57.613	\N	2025-10-14 09:43:33.131	\N	2025-10-14 09:42:57.617909	2025-10-14 09:43:33.1339	\N	\N	\N	\N	\N	\N
9097	19	38	36	2	1	38	BO3	regular_season	8	307	completed	2025-10-21 09:42:57.613	\N	2025-10-14 09:43:33.138	\N	2025-10-14 09:42:57.617909	2025-10-14 09:43:33.141262	\N	\N	\N	\N	\N	\N
9096	19	37	39	2	0	37	BO3	regular_season	8	306	completed	2025-10-21 09:42:57.613	\N	2025-10-14 09:43:33.145	\N	2025-10-14 09:42:57.617909	2025-10-14 09:43:33.149212	\N	\N	\N	\N	\N	\N
9102	19	31	37	2	0	31	BO3	regular_season	9	312	completed	2025-10-22 09:42:57.613	\N	2025-10-14 09:43:36.58	\N	2025-10-14 09:42:57.617909	2025-10-14 09:43:36.582579	\N	\N	\N	\N	\N	\N
9104	19	33	35	0	2	35	BO3	regular_season	9	314	completed	2025-10-22 09:42:57.613	\N	2025-10-14 09:43:36.596	\N	2025-10-14 09:42:57.617909	2025-10-14 09:43:36.599056	\N	\N	\N	\N	\N	\N
9103	19	32	36	2	0	32	BO3	regular_season	9	313	completed	2025-10-22 09:42:57.613	\N	2025-10-14 09:43:36.605	\N	2025-10-14 09:42:57.617909	2025-10-14 09:43:36.607204	\N	\N	\N	\N	\N	\N
9101	19	38	39	1	2	39	BO3	regular_season	9	311	completed	2025-10-22 09:42:57.613	\N	2025-10-14 09:43:36.611	\N	2025-10-14 09:42:57.617909	2025-10-14 09:43:36.61399	\N	\N	\N	\N	\N	\N
9106	19	39	31	1	2	31	BO3	regular_season	10	316	completed	2025-10-23 09:42:57.613	\N	2025-10-14 09:43:39.223	\N	2025-10-14 09:42:57.617909	2025-10-14 09:43:39.225707	\N	\N	\N	\N	\N	\N
9110	19	35	34	2	0	35	BO3	regular_season	10	320	completed	2025-10-23 09:42:57.613	\N	2025-10-14 09:43:39.231	\N	2025-10-14 09:42:57.617909	2025-10-14 09:43:39.233489	\N	\N	\N	\N	\N	\N
9109	19	36	40	1	2	40	BO3	regular_season	10	319	completed	2025-10-23 09:42:57.613	\N	2025-10-14 09:43:39.239	\N	2025-10-14 09:42:57.617909	2025-10-14 09:43:39.241615	\N	\N	\N	\N	\N	\N
9107	19	38	32	2	1	38	BO3	regular_season	10	317	completed	2025-10-23 09:42:57.613	\N	2025-10-14 09:43:39.254	\N	2025-10-14 09:42:57.617909	2025-10-14 09:43:39.256811	\N	\N	\N	\N	\N	\N
9111	19	39	32	1	2	32	BO3	regular_season	11	321	completed	2025-10-24 09:42:57.613	\N	2025-10-14 09:43:42.066	\N	2025-10-14 09:42:57.617909	2025-10-14 09:43:42.068805	\N	\N	\N	\N	\N	\N
9050	19	23	22	0	2	22	BO3	regular_season	16	260	completed	2025-10-29 09:42:57.612	\N	2025-10-14 09:43:59.383	\N	2025-10-14 09:42:57.617909	2025-10-14 09:43:59.385873	\N	\N	\N	\N	\N	\N
9049	19	24	21	2	1	24	BO3	regular_season	16	259	completed	2025-10-29 09:42:57.612	\N	2025-10-14 09:43:59.396	\N	2025-10-14 09:42:57.617909	2025-10-14 09:43:59.400155	\N	\N	\N	\N	\N	\N
9048	19	25	29	2	1	25	BO3	regular_season	16	258	completed	2025-10-29 09:42:57.612	\N	2025-10-14 09:43:59.406	\N	2025-10-14 09:42:57.617909	2025-10-14 09:43:59.408559	\N	\N	\N	\N	\N	\N
9047	19	26	28	2	0	26	BO3	regular_season	16	257	completed	2025-10-29 09:42:57.612	\N	2025-10-14 09:43:59.416	\N	2025-10-14 09:42:57.617909	2025-10-14 09:43:59.419123	\N	\N	\N	\N	\N	\N
9052	19	27	29	1	2	29	BO3	regular_season	17	262	completed	2025-10-30 09:42:57.612	\N	2025-10-14 09:44:02.032	\N	2025-10-14 09:42:57.617909	2025-10-14 09:44:02.03436	\N	\N	\N	\N	\N	\N
9053	19	26	21	0	2	21	BO3	regular_season	17	263	completed	2025-10-30 09:42:57.612	\N	2025-10-14 09:44:02.038	\N	2025-10-14 09:42:57.617909	2025-10-14 09:44:02.040997	\N	\N	\N	\N	\N	\N
9054	19	25	22	1	2	22	BO3	regular_season	17	264	completed	2025-10-30 09:42:57.612	\N	2025-10-14 09:44:02.048	\N	2025-10-14 09:42:57.617909	2025-10-14 09:44:02.050444	\N	\N	\N	\N	\N	\N
9055	19	24	23	2	1	24	BO3	regular_season	17	265	completed	2025-10-30 09:42:57.612	\N	2025-10-14 09:44:02.056	\N	2025-10-14 09:42:57.617909	2025-10-14 09:44:02.058241	\N	\N	\N	\N	\N	\N
9057	19	28	21	2	1	28	BO3	regular_season	18	267	completed	2025-10-31 09:42:57.612	\N	2025-10-14 09:44:05.549	\N	2025-10-14 09:42:57.617909	2025-10-14 09:44:05.554241	\N	\N	\N	\N	\N	\N
9058	19	27	22	0	2	22	BO3	regular_season	18	268	completed	2025-10-31 09:42:57.612	\N	2025-10-14 09:44:05.565	\N	2025-10-14 09:42:57.617909	2025-10-14 09:44:05.568259	\N	\N	\N	\N	\N	\N
9060	19	25	24	1	2	24	BO3	regular_season	18	270	completed	2025-10-31 09:42:57.612	\N	2025-10-14 09:44:05.595	\N	2025-10-14 09:42:57.617909	2025-10-14 09:44:05.600332	\N	\N	\N	\N	\N	\N
9056	19	30	29	1	2	29	BO3	regular_season	18	266	completed	2025-10-31 09:42:57.612	\N	2025-10-14 09:44:05.609	\N	2025-10-14 09:42:57.617909	2025-10-14 09:44:05.612022	\N	\N	\N	\N	\N	\N
9175	21	9	1	0	0	\N	BO3	regular_season	5	25	scheduled	2025-10-18 15:14:00.631	\N	\N	\N	2025-10-14 15:14:00.640225	2025-10-14 15:14:00.640225	\N	\N	\N	\N	\N	\N
9064	19	40	36	1	2	36	BO3	regular_season	1	274	completed	2025-10-14 09:42:57.613	\N	2025-10-14 09:43:11.9	\N	2025-10-14 09:42:57.617909	2025-10-14 09:43:11.90583	\N	\N	\N	\N	\N	\N
8794	19	4	7	0	2	7	BO3	regular_season	1	4	completed	2025-10-14 09:42:57.612	\N	2025-10-14 09:43:11.934	\N	2025-10-14 09:42:57.617909	2025-10-14 09:43:11.936605	\N	\N	\N	\N	\N	\N
8973	19	23	28	2	0	23	BO3	regular_season	1	183	completed	2025-10-14 09:42:57.612	\N	2025-10-14 09:43:11.942	\N	2025-10-14 09:42:57.617909	2025-10-14 09:43:11.945532	\N	\N	\N	\N	\N	\N
8884	19	14	17	2	1	14	BO3	regular_season	1	94	completed	2025-10-14 09:42:57.612	\N	2025-10-14 09:43:11.967	\N	2025-10-14 09:42:57.617909	2025-10-14 09:43:11.971282	\N	\N	\N	\N	\N	\N
8791	19	1	10	2	1	1	BO3	regular_season	1	1	completed	2025-10-14 09:42:57.612	\N	2025-10-14 09:43:11.995	\N	2025-10-14 09:42:57.617909	2025-10-14 09:43:11.998309	\N	\N	\N	\N	\N	\N
8793	19	3	8	0	2	8	BO3	regular_season	1	3	completed	2025-10-14 09:42:57.612	\N	2025-10-14 09:43:12.004	\N	2025-10-14 09:42:57.617909	2025-10-14 09:43:12.006706	\N	\N	\N	\N	\N	\N
8792	19	2	9	0	2	9	BO3	regular_season	1	2	completed	2025-10-14 09:42:57.612	\N	2025-10-14 09:43:12.035	\N	2025-10-14 09:42:57.617909	2025-10-14 09:43:12.038745	\N	\N	\N	\N	\N	\N
8883	19	13	18	2	0	13	BO3	regular_season	1	93	completed	2025-10-14 09:42:57.612	\N	2025-10-14 09:43:12.052	\N	2025-10-14 09:42:57.617909	2025-10-14 09:43:12.055633	\N	\N	\N	\N	\N	\N
8795	19	5	6	2	1	5	BO3	regular_season	1	5	completed	2025-10-14 09:42:57.612	\N	2025-10-14 09:43:12.062	\N	2025-10-14 09:42:57.617909	2025-10-14 09:43:12.064658	\N	\N	\N	\N	\N	\N
9069	19	34	37	2	1	34	BO3	regular_season	2	279	completed	2025-10-15 09:42:57.613	\N	2025-10-14 09:43:15.332	\N	2025-10-14 09:42:57.617909	2025-10-14 09:43:15.33551	\N	\N	\N	\N	\N	\N
8797	19	3	1	0	2	1	BO3	regular_season	2	7	completed	2025-10-15 09:42:57.612	\N	2025-10-14 09:43:15.384	\N	2025-10-14 09:42:57.617909	2025-10-14 09:43:15.386103	\N	\N	\N	\N	\N	\N
8978	19	24	29	2	1	24	BO3	regular_season	2	188	completed	2025-10-15 09:42:57.612	\N	2025-10-14 09:43:15.404	\N	2025-10-14 09:42:57.617909	2025-10-14 09:43:15.407931	\N	\N	\N	\N	\N	\N
8798	19	4	9	2	0	4	BO3	regular_season	2	8	completed	2025-10-15 09:42:57.612	\N	2025-10-14 09:43:15.42	\N	2025-10-14 09:42:57.617909	2025-10-14 09:43:15.4225	\N	\N	\N	\N	\N	\N
8799	19	5	8	2	0	5	BO3	regular_season	2	9	completed	2025-10-15 09:42:57.612	\N	2025-10-14 09:43:15.427	\N	2025-10-14 09:42:57.617909	2025-10-14 09:43:15.428869	\N	\N	\N	\N	\N	\N
8796	19	2	10	2	0	2	BO3	regular_season	2	6	completed	2025-10-15 09:42:57.612	\N	2025-10-14 09:43:15.433	\N	2025-10-14 09:42:57.617909	2025-10-14 09:43:15.435835	\N	\N	\N	\N	\N	\N
8800	19	6	7	2	0	6	BO3	regular_season	2	10	completed	2025-10-15 09:42:57.612	\N	2025-10-14 09:43:15.456	\N	2025-10-14 09:42:57.617909	2025-10-14 09:43:15.458655	\N	\N	\N	\N	\N	\N
9071	19	33	39	2	0	33	BO3	regular_season	3	281	completed	2025-10-16 09:42:57.613	\N	2025-10-14 09:43:18.568	\N	2025-10-14 09:42:57.617909	2025-10-14 09:43:18.57103	\N	\N	\N	\N	\N	\N
8982	19	24	22	2	1	24	BO3	regular_season	3	192	completed	2025-10-16 09:42:57.612	\N	2025-10-14 09:43:18.594	\N	2025-10-14 09:42:57.617909	2025-10-14 09:43:18.597342	\N	\N	\N	\N	\N	\N
8803	19	5	1	1	2	1	BO3	regular_season	3	13	completed	2025-10-16 09:42:57.612	\N	2025-10-14 09:43:18.602	\N	2025-10-14 09:42:57.617909	2025-10-14 09:43:18.606739	\N	\N	\N	\N	\N	\N
8805	19	7	8	1	2	8	BO3	regular_season	3	15	completed	2025-10-16 09:42:57.612	\N	2025-10-14 09:43:18.612	\N	2025-10-14 09:42:57.617909	2025-10-14 09:43:18.615281	\N	\N	\N	\N	\N	\N
8892	19	14	12	0	2	12	BO3	regular_season	3	102	completed	2025-10-16 09:42:57.612	\N	2025-10-14 09:43:18.627	\N	2025-10-14 09:42:57.617909	2025-10-14 09:43:18.628943	\N	\N	\N	\N	\N	\N
8801	19	3	10	2	1	3	BO3	regular_season	3	11	completed	2025-10-16 09:42:57.612	\N	2025-10-14 09:43:18.658	\N	2025-10-14 09:42:57.617909	2025-10-14 09:43:18.660381	\N	\N	\N	\N	\N	\N
8804	19	6	9	1	2	9	BO3	regular_season	3	14	completed	2025-10-16 09:42:57.612	\N	2025-10-14 09:43:18.676	\N	2025-10-14 09:42:57.617909	2025-10-14 09:43:18.680349	\N	\N	\N	\N	\N	\N
9114	19	37	34	1	2	34	BO3	regular_season	11	324	completed	2025-10-24 09:42:57.613	\N	2025-10-14 09:43:42.051	\N	2025-10-14 09:42:57.617909	2025-10-14 09:43:42.054627	\N	\N	\N	\N	\N	\N
9115	19	36	35	1	2	35	BO3	regular_season	11	325	completed	2025-10-24 09:42:57.613	\N	2025-10-14 09:43:42.059	\N	2025-10-14 09:42:57.617909	2025-10-14 09:43:42.062261	\N	\N	\N	\N	\N	\N
9112	19	31	33	2	1	31	BO3	regular_season	11	322	completed	2025-10-24 09:42:57.613	\N	2025-10-14 09:43:42.072	\N	2025-10-14 09:42:57.617909	2025-10-14 09:43:42.075078	\N	\N	\N	\N	\N	\N
9116	19	39	33	1	2	33	BO3	regular_season	12	326	completed	2025-10-25 09:42:57.613	\N	2025-10-14 09:43:44.318	\N	2025-10-14 09:42:57.617909	2025-10-14 09:43:44.320325	\N	\N	\N	\N	\N	\N
9120	19	37	36	0	2	36	BO3	regular_season	12	330	completed	2025-10-25 09:42:57.613	\N	2025-10-14 09:43:44.324	\N	2025-10-14 09:42:57.617909	2025-10-14 09:43:44.325698	\N	\N	\N	\N	\N	\N
9118	19	31	34	2	0	31	BO3	regular_season	12	328	completed	2025-10-25 09:42:57.613	\N	2025-10-14 09:43:44.339	\N	2025-10-14 09:42:57.617909	2025-10-14 09:43:44.341604	\N	\N	\N	\N	\N	\N
9117	19	32	40	2	1	32	BO3	regular_season	12	327	completed	2025-10-25 09:42:57.613	\N	2025-10-14 09:43:44.347	\N	2025-10-14 09:42:57.617909	2025-10-14 09:43:44.348694	\N	\N	\N	\N	\N	\N
9122	19	33	34	2	1	33	BO3	regular_season	13	332	completed	2025-10-26 09:42:57.613	\N	2025-10-14 09:43:48.301	\N	2025-10-14 09:42:57.617909	2025-10-14 09:43:48.303771	\N	\N	\N	\N	\N	\N
9121	19	39	40	1	2	40	BO3	regular_season	13	331	completed	2025-10-26 09:42:57.613	\N	2025-10-14 09:43:48.309	\N	2025-10-14 09:42:57.617909	2025-10-14 09:43:48.312909	\N	\N	\N	\N	\N	\N
9125	19	38	37	2	0	38	BO3	regular_season	13	335	completed	2025-10-26 09:42:57.613	\N	2025-10-14 09:43:48.319	\N	2025-10-14 09:42:57.617909	2025-10-14 09:43:48.323454	\N	\N	\N	\N	\N	\N
9124	19	31	36	2	0	31	BO3	regular_season	13	334	completed	2025-10-26 09:42:57.613	\N	2025-10-14 09:43:48.328	\N	2025-10-14 09:42:57.617909	2025-10-14 09:43:48.332014	\N	\N	\N	\N	\N	\N
9126	19	39	34	1	2	34	BO3	regular_season	14	336	completed	2025-10-27 09:42:57.613	\N	2025-10-14 09:43:52.079	\N	2025-10-14 09:42:57.617909	2025-10-14 09:43:52.08192	\N	\N	\N	\N	\N	\N
9127	19	40	35	2	1	40	BO3	regular_season	14	337	completed	2025-10-27 09:42:57.613	\N	2025-10-14 09:43:52.085	\N	2025-10-14 09:42:57.617909	2025-10-14 09:43:52.087122	\N	\N	\N	\N	\N	\N
9128	19	33	36	2	1	33	BO3	regular_season	14	338	completed	2025-10-27 09:42:57.613	\N	2025-10-14 09:43:52.09	\N	2025-10-14 09:42:57.617909	2025-10-14 09:43:52.092201	\N	\N	\N	\N	\N	\N
9129	19	32	37	2	0	32	BO3	regular_season	14	339	completed	2025-10-27 09:42:57.613	\N	2025-10-14 09:43:52.096	\N	2025-10-14 09:42:57.617909	2025-10-14 09:43:52.098681	\N	\N	\N	\N	\N	\N
9130	19	31	38	2	1	31	BO3	regular_season	14	340	completed	2025-10-27 09:42:57.613	\N	2025-10-14 09:43:52.103	\N	2025-10-14 09:42:57.617909	2025-10-14 09:43:52.104762	\N	\N	\N	\N	\N	\N
9131	19	39	35	0	2	35	BO3	regular_season	15	341	completed	2025-10-28 09:42:57.613	\N	2025-10-14 09:43:55.632	\N	2025-10-14 09:42:57.617909	2025-10-14 09:43:55.634464	\N	\N	\N	\N	\N	\N
9133	19	40	37	1	2	37	BO3	regular_season	15	343	completed	2025-10-28 09:42:57.613	\N	2025-10-14 09:43:55.648	\N	2025-10-14 09:42:57.617909	2025-10-14 09:43:55.652345	\N	\N	\N	\N	\N	\N
9134	19	33	38	2	0	33	BO3	regular_season	15	344	completed	2025-10-28 09:42:57.613	\N	2025-10-14 09:43:55.658	\N	2025-10-14 09:42:57.617909	2025-10-14 09:43:55.661878	\N	\N	\N	\N	\N	\N
9135	19	32	31	2	0	32	BO3	regular_season	15	345	completed	2025-10-28 09:42:57.613	\N	2025-10-14 09:43:55.668	\N	2025-10-14 09:42:57.617909	2025-10-14 09:43:55.670726	\N	\N	\N	\N	\N	\N
9136	19	39	36	0	2	36	BO3	regular_season	16	346	completed	2025-10-29 09:42:57.613	\N	2025-10-14 09:43:59.25	\N	2025-10-14 09:42:57.617909	2025-10-14 09:43:59.253325	\N	\N	\N	\N	\N	\N
9137	19	35	37	2	0	35	BO3	regular_season	16	347	completed	2025-10-29 09:42:57.613	\N	2025-10-14 09:43:59.257	\N	2025-10-14 09:42:57.617909	2025-10-14 09:43:59.260235	\N	\N	\N	\N	\N	\N
9138	19	34	38	2	0	34	BO3	regular_season	16	348	completed	2025-10-29 09:42:57.613	\N	2025-10-14 09:43:59.265	\N	2025-10-14 09:42:57.617909	2025-10-14 09:43:59.268005	\N	\N	\N	\N	\N	\N
9140	19	33	32	1	2	32	BO3	regular_season	16	350	completed	2025-10-29 09:42:57.613	\N	2025-10-14 09:43:59.281	\N	2025-10-14 09:42:57.617909	2025-10-14 09:43:59.283047	\N	\N	\N	\N	\N	\N
9145	19	40	33	0	2	33	BO3	regular_season	17	355	completed	2025-10-30 09:42:57.613	\N	2025-10-14 09:44:01.878	\N	2025-10-14 09:42:57.617909	2025-10-14 09:44:01.879731	\N	\N	\N	\N	\N	\N
9144	19	34	32	2	0	34	BO3	regular_season	17	354	completed	2025-10-30 09:42:57.613	\N	2025-10-14 09:44:01.883	\N	2025-10-14 09:42:57.617909	2025-10-14 09:44:01.884575	\N	\N	\N	\N	\N	\N
9143	19	35	31	0	2	31	BO3	regular_season	17	353	completed	2025-10-30 09:42:57.613	\N	2025-10-14 09:44:01.888	\N	2025-10-14 09:42:57.617909	2025-10-14 09:44:01.890016	\N	\N	\N	\N	\N	\N
9142	19	36	38	2	0	36	BO3	regular_season	17	352	completed	2025-10-30 09:42:57.613	\N	2025-10-14 09:44:01.893	\N	2025-10-14 09:42:57.617909	2025-10-14 09:44:01.894901	\N	\N	\N	\N	\N	\N
9141	19	39	37	1	2	37	BO3	regular_season	17	351	completed	2025-10-30 09:42:57.613	\N	2025-10-14 09:44:01.899	\N	2025-10-14 09:42:57.617909	2025-10-14 09:44:01.904708	\N	\N	\N	\N	\N	\N
9147	19	37	31	1	2	31	BO3	regular_season	18	357	completed	2025-10-31 09:42:57.613	\N	2025-10-14 09:44:05.418	\N	2025-10-14 09:42:57.617909	2025-10-14 09:44:05.439783	\N	\N	\N	\N	\N	\N
9148	19	36	32	0	2	32	BO3	regular_season	18	358	completed	2025-10-31 09:42:57.613	\N	2025-10-14 09:44:05.448	\N	2025-10-14 09:42:57.617909	2025-10-14 09:44:05.450576	\N	\N	\N	\N	\N	\N
9149	19	35	33	2	1	35	BO3	regular_season	18	359	completed	2025-10-31 09:42:57.613	\N	2025-10-14 09:44:05.456	\N	2025-10-14 09:42:57.617909	2025-10-14 09:44:05.459195	\N	\N	\N	\N	\N	\N
9150	19	34	40	1	2	40	BO3	regular_season	18	360	completed	2025-10-31 09:42:57.613	\N	2025-10-14 09:44:05.466	\N	2025-10-14 09:42:57.617909	2025-10-14 09:44:05.468342	\N	\N	\N	\N	\N	\N
8802	19	4	2	1	2	2	BO3	regular_season	3	12	completed	2025-10-16 09:42:57.612	\N	2025-10-14 09:43:18.708	\N	2025-10-14 09:42:57.617909	2025-10-14 09:43:18.711357	\N	\N	\N	\N	\N	\N
8808	19	6	2	1	2	2	BO3	regular_season	4	18	completed	2025-10-17 09:42:57.612	\N	2025-10-14 09:43:21.596	\N	2025-10-14 09:42:57.617909	2025-10-14 09:43:21.598659	\N	\N	\N	\N	\N	\N
8809	19	7	1	0	2	1	BO3	regular_season	4	19	completed	2025-10-17 09:42:57.612	\N	2025-10-14 09:43:21.631	\N	2025-10-14 09:42:57.617909	2025-10-14 09:43:21.633388	\N	\N	\N	\N	\N	\N
8806	19	4	10	2	1	4	BO3	regular_season	4	16	completed	2025-10-17 09:42:57.612	\N	2025-10-14 09:43:21.656	\N	2025-10-14 09:42:57.617909	2025-10-14 09:43:21.659654	\N	\N	\N	\N	\N	\N
8811	19	5	10	2	0	5	BO3	regular_season	5	21	completed	2025-10-18 09:42:57.612	\N	2025-10-14 09:43:24.119	\N	2025-10-14 09:42:57.617909	2025-10-14 09:43:24.121417	\N	\N	\N	\N	\N	\N
9086	19	35	39	0	2	39	BO3	regular_season	6	296	completed	2025-10-19 09:42:57.613	\N	2025-10-14 09:43:27.332	\N	2025-10-14 09:42:57.617909	2025-10-14 09:43:27.334788	\N	\N	\N	\N	\N	\N
8912	19	18	16	2	0	18	BO3	regular_season	7	122	completed	2025-10-20 09:42:57.612	\N	2025-10-14 09:43:30.383	\N	2025-10-14 09:42:57.617909	2025-10-14 09:43:30.386123	\N	\N	\N	\N	\N	\N
9176	21	6	10	0	0	\N	BO3	regular_season	6	26	scheduled	2025-10-19 15:14:00.631	\N	\N	\N	2025-10-14 15:14:00.640225	2025-10-14 15:14:00.640225	\N	\N	\N	\N	\N	\N
9177	21	7	5	0	0	\N	BO3	regular_season	6	27	scheduled	2025-10-19 15:14:00.631	\N	\N	\N	2025-10-14 15:14:00.640225	2025-10-14 15:14:00.640225	\N	\N	\N	\N	\N	\N
9178	21	8	4	0	0	\N	BO3	regular_season	6	28	scheduled	2025-10-19 15:14:00.631	\N	\N	\N	2025-10-14 15:14:00.640225	2025-10-14 15:14:00.640225	\N	\N	\N	\N	\N	\N
9179	21	9	3	0	0	\N	BO3	regular_season	6	29	scheduled	2025-10-19 15:14:00.631	\N	\N	\N	2025-10-14 15:14:00.640225	2025-10-14 15:14:00.640225	\N	\N	\N	\N	\N	\N
9180	21	1	2	0	0	\N	BO3	regular_season	6	30	scheduled	2025-10-19 15:14:00.631	\N	\N	\N	2025-10-14 15:14:00.640225	2025-10-14 15:14:00.640225	\N	\N	\N	\N	\N	\N
9181	21	7	10	0	0	\N	BO3	regular_season	7	31	scheduled	2025-10-20 15:14:00.631	\N	\N	\N	2025-10-14 15:14:00.640225	2025-10-14 15:14:00.640225	\N	\N	\N	\N	\N	\N
9182	21	8	6	0	0	\N	BO3	regular_season	7	32	scheduled	2025-10-20 15:14:00.631	\N	\N	\N	2025-10-14 15:14:00.640225	2025-10-14 15:14:00.640225	\N	\N	\N	\N	\N	\N
9183	21	9	5	0	0	\N	BO3	regular_season	7	33	scheduled	2025-10-20 15:14:00.631	\N	\N	\N	2025-10-14 15:14:00.640225	2025-10-14 15:14:00.640225	\N	\N	\N	\N	\N	\N
9184	21	1	4	0	0	\N	BO3	regular_season	7	34	scheduled	2025-10-20 15:14:00.631	\N	\N	\N	2025-10-14 15:14:00.640225	2025-10-14 15:14:00.640225	\N	\N	\N	\N	\N	\N
9185	21	2	3	0	0	\N	BO3	regular_season	7	35	scheduled	2025-10-20 15:14:00.631	\N	\N	\N	2025-10-14 15:14:00.640225	2025-10-14 15:14:00.640225	\N	\N	\N	\N	\N	\N
9186	21	8	10	0	0	\N	BO3	regular_season	8	36	scheduled	2025-10-21 15:14:00.631	\N	\N	\N	2025-10-14 15:14:00.640225	2025-10-14 15:14:00.640225	\N	\N	\N	\N	\N	\N
9187	21	9	7	0	0	\N	BO3	regular_season	8	37	scheduled	2025-10-21 15:14:00.631	\N	\N	\N	2025-10-14 15:14:00.640225	2025-10-14 15:14:00.640225	\N	\N	\N	\N	\N	\N
9188	21	1	6	0	0	\N	BO3	regular_season	8	38	scheduled	2025-10-21 15:14:00.631	\N	\N	\N	2025-10-14 15:14:00.640225	2025-10-14 15:14:00.640225	\N	\N	\N	\N	\N	\N
9189	21	2	5	0	0	\N	BO3	regular_season	8	39	scheduled	2025-10-21 15:14:00.631	\N	\N	\N	2025-10-14 15:14:00.640225	2025-10-14 15:14:00.640225	\N	\N	\N	\N	\N	\N
9190	21	3	4	0	0	\N	BO3	regular_season	8	40	scheduled	2025-10-21 15:14:00.631	\N	\N	\N	2025-10-14 15:14:00.640225	2025-10-14 15:14:00.640225	\N	\N	\N	\N	\N	\N
9191	21	9	10	0	0	\N	BO3	regular_season	9	41	scheduled	2025-10-22 15:14:00.631	\N	\N	\N	2025-10-14 15:14:00.640225	2025-10-14 15:14:00.640225	\N	\N	\N	\N	\N	\N
9192	21	1	8	0	0	\N	BO3	regular_season	9	42	scheduled	2025-10-22 15:14:00.631	\N	\N	\N	2025-10-14 15:14:00.640225	2025-10-14 15:14:00.640225	\N	\N	\N	\N	\N	\N
9193	21	2	7	0	0	\N	BO3	regular_season	9	43	scheduled	2025-10-22 15:14:00.631	\N	\N	\N	2025-10-14 15:14:00.640225	2025-10-14 15:14:00.640225	\N	\N	\N	\N	\N	\N
9194	21	3	6	0	0	\N	BO3	regular_season	9	44	scheduled	2025-10-22 15:14:00.631	\N	\N	\N	2025-10-14 15:14:00.640225	2025-10-14 15:14:00.640225	\N	\N	\N	\N	\N	\N
9195	21	4	5	0	0	\N	BO3	regular_season	9	45	scheduled	2025-10-22 15:14:00.631	\N	\N	\N	2025-10-14 15:14:00.640225	2025-10-14 15:14:00.640225	\N	\N	\N	\N	\N	\N
9196	21	10	1	0	0	\N	BO3	regular_season	10	46	scheduled	2025-10-23 15:14:00.631	\N	\N	\N	2025-10-14 15:14:00.640225	2025-10-14 15:14:00.640225	\N	\N	\N	\N	\N	\N
9197	21	9	2	0	0	\N	BO3	regular_season	10	47	scheduled	2025-10-23 15:14:00.631	\N	\N	\N	2025-10-14 15:14:00.640225	2025-10-14 15:14:00.640225	\N	\N	\N	\N	\N	\N
9198	21	8	3	0	0	\N	BO3	regular_season	10	48	scheduled	2025-10-23 15:14:00.631	\N	\N	\N	2025-10-14 15:14:00.640225	2025-10-14 15:14:00.640225	\N	\N	\N	\N	\N	\N
9199	21	7	4	0	0	\N	BO3	regular_season	10	49	scheduled	2025-10-23 15:14:00.631	\N	\N	\N	2025-10-14 15:14:00.640225	2025-10-14 15:14:00.640225	\N	\N	\N	\N	\N	\N
9200	21	6	5	0	0	\N	BO3	regular_season	10	50	scheduled	2025-10-23 15:14:00.631	\N	\N	\N	2025-10-14 15:14:00.640225	2025-10-14 15:14:00.640225	\N	\N	\N	\N	\N	\N
9201	21	10	2	0	0	\N	BO3	regular_season	11	51	scheduled	2025-10-24 15:14:00.631	\N	\N	\N	2025-10-14 15:14:00.640225	2025-10-14 15:14:00.640225	\N	\N	\N	\N	\N	\N
9202	21	1	3	0	0	\N	BO3	regular_season	11	52	scheduled	2025-10-24 15:14:00.631	\N	\N	\N	2025-10-14 15:14:00.640225	2025-10-14 15:14:00.640225	\N	\N	\N	\N	\N	\N
9203	21	9	4	0	0	\N	BO3	regular_season	11	53	scheduled	2025-10-24 15:14:00.631	\N	\N	\N	2025-10-14 15:14:00.640225	2025-10-14 15:14:00.640225	\N	\N	\N	\N	\N	\N
9204	21	8	5	0	0	\N	BO3	regular_season	11	54	scheduled	2025-10-24 15:14:00.631	\N	\N	\N	2025-10-14 15:14:00.640225	2025-10-14 15:14:00.640225	\N	\N	\N	\N	\N	\N
9205	21	7	6	0	0	\N	BO3	regular_season	11	55	scheduled	2025-10-24 15:14:00.631	\N	\N	\N	2025-10-14 15:14:00.640225	2025-10-14 15:14:00.640225	\N	\N	\N	\N	\N	\N
9206	21	10	3	0	0	\N	BO3	regular_season	12	56	scheduled	2025-10-25 15:14:00.631	\N	\N	\N	2025-10-14 15:14:00.640225	2025-10-14 15:14:00.640225	\N	\N	\N	\N	\N	\N
9207	21	2	4	0	0	\N	BO3	regular_season	12	57	scheduled	2025-10-25 15:14:00.631	\N	\N	\N	2025-10-14 15:14:00.640225	2025-10-14 15:14:00.640225	\N	\N	\N	\N	\N	\N
9208	21	1	5	0	0	\N	BO3	regular_season	12	58	scheduled	2025-10-25 15:14:00.631	\N	\N	\N	2025-10-14 15:14:00.640225	2025-10-14 15:14:00.640225	\N	\N	\N	\N	\N	\N
9209	21	9	6	0	0	\N	BO3	regular_season	12	59	scheduled	2025-10-25 15:14:00.631	\N	\N	\N	2025-10-14 15:14:00.640225	2025-10-14 15:14:00.640225	\N	\N	\N	\N	\N	\N
9210	21	8	7	0	0	\N	BO3	regular_season	12	60	scheduled	2025-10-25 15:14:00.631	\N	\N	\N	2025-10-14 15:14:00.640225	2025-10-14 15:14:00.640225	\N	\N	\N	\N	\N	\N
9211	21	10	4	0	0	\N	BO3	regular_season	13	61	scheduled	2025-10-26 15:14:00.631	\N	\N	\N	2025-10-14 15:14:00.640225	2025-10-14 15:14:00.640225	\N	\N	\N	\N	\N	\N
9212	21	3	5	0	0	\N	BO3	regular_season	13	62	scheduled	2025-10-26 15:14:00.631	\N	\N	\N	2025-10-14 15:14:00.640225	2025-10-14 15:14:00.640225	\N	\N	\N	\N	\N	\N
9213	21	2	6	0	0	\N	BO3	regular_season	13	63	scheduled	2025-10-26 15:14:00.631	\N	\N	\N	2025-10-14 15:14:00.640225	2025-10-14 15:14:00.640225	\N	\N	\N	\N	\N	\N
9214	21	1	7	0	0	\N	BO3	regular_season	13	64	scheduled	2025-10-26 15:14:00.631	\N	\N	\N	2025-10-14 15:14:00.640225	2025-10-14 15:14:00.640225	\N	\N	\N	\N	\N	\N
9215	21	9	8	0	0	\N	BO3	regular_season	13	65	scheduled	2025-10-26 15:14:00.631	\N	\N	\N	2025-10-14 15:14:00.640225	2025-10-14 15:14:00.640225	\N	\N	\N	\N	\N	\N
9216	21	10	5	0	0	\N	BO3	regular_season	14	66	scheduled	2025-10-27 15:14:00.631	\N	\N	\N	2025-10-14 15:14:00.640225	2025-10-14 15:14:00.640225	\N	\N	\N	\N	\N	\N
9217	21	4	6	0	0	\N	BO3	regular_season	14	67	scheduled	2025-10-27 15:14:00.631	\N	\N	\N	2025-10-14 15:14:00.640225	2025-10-14 15:14:00.640225	\N	\N	\N	\N	\N	\N
9218	21	3	7	0	0	\N	BO3	regular_season	14	68	scheduled	2025-10-27 15:14:00.631	\N	\N	\N	2025-10-14 15:14:00.640225	2025-10-14 15:14:00.640225	\N	\N	\N	\N	\N	\N
9219	21	2	8	0	0	\N	BO3	regular_season	14	69	scheduled	2025-10-27 15:14:00.631	\N	\N	\N	2025-10-14 15:14:00.640225	2025-10-14 15:14:00.640225	\N	\N	\N	\N	\N	\N
9220	21	1	9	0	0	\N	BO3	regular_season	14	70	scheduled	2025-10-27 15:14:00.631	\N	\N	\N	2025-10-14 15:14:00.640225	2025-10-14 15:14:00.640225	\N	\N	\N	\N	\N	\N
9221	21	10	6	0	0	\N	BO3	regular_season	15	71	scheduled	2025-10-28 15:14:00.631	\N	\N	\N	2025-10-14 15:14:00.640225	2025-10-14 15:14:00.640225	\N	\N	\N	\N	\N	\N
9222	21	5	7	0	0	\N	BO3	regular_season	15	72	scheduled	2025-10-28 15:14:00.631	\N	\N	\N	2025-10-14 15:14:00.640225	2025-10-14 15:14:00.640225	\N	\N	\N	\N	\N	\N
9223	21	4	8	0	0	\N	BO3	regular_season	15	73	scheduled	2025-10-28 15:14:00.631	\N	\N	\N	2025-10-14 15:14:00.640225	2025-10-14 15:14:00.640225	\N	\N	\N	\N	\N	\N
9224	21	3	9	0	0	\N	BO3	regular_season	15	74	scheduled	2025-10-28 15:14:00.631	\N	\N	\N	2025-10-14 15:14:00.640225	2025-10-14 15:14:00.640225	\N	\N	\N	\N	\N	\N
9225	21	2	1	0	0	\N	BO3	regular_season	15	75	scheduled	2025-10-28 15:14:00.631	\N	\N	\N	2025-10-14 15:14:00.640225	2025-10-14 15:14:00.640225	\N	\N	\N	\N	\N	\N
9226	21	10	7	0	0	\N	BO3	regular_season	16	76	scheduled	2025-10-29 15:14:00.631	\N	\N	\N	2025-10-14 15:14:00.640225	2025-10-14 15:14:00.640225	\N	\N	\N	\N	\N	\N
9227	21	6	8	0	0	\N	BO3	regular_season	16	77	scheduled	2025-10-29 15:14:00.631	\N	\N	\N	2025-10-14 15:14:00.640225	2025-10-14 15:14:00.640225	\N	\N	\N	\N	\N	\N
9228	21	5	9	0	0	\N	BO3	regular_season	16	78	scheduled	2025-10-29 15:14:00.631	\N	\N	\N	2025-10-14 15:14:00.640225	2025-10-14 15:14:00.640225	\N	\N	\N	\N	\N	\N
9229	21	4	1	0	0	\N	BO3	regular_season	16	79	scheduled	2025-10-29 15:14:00.631	\N	\N	\N	2025-10-14 15:14:00.640225	2025-10-14 15:14:00.640225	\N	\N	\N	\N	\N	\N
9230	21	3	2	0	0	\N	BO3	regular_season	16	80	scheduled	2025-10-29 15:14:00.631	\N	\N	\N	2025-10-14 15:14:00.640225	2025-10-14 15:14:00.640225	\N	\N	\N	\N	\N	\N
9231	21	10	8	0	0	\N	BO3	regular_season	17	81	scheduled	2025-10-30 15:14:00.631	\N	\N	\N	2025-10-14 15:14:00.640225	2025-10-14 15:14:00.640225	\N	\N	\N	\N	\N	\N
9232	21	7	9	0	0	\N	BO3	regular_season	17	82	scheduled	2025-10-30 15:14:00.631	\N	\N	\N	2025-10-14 15:14:00.640225	2025-10-14 15:14:00.640225	\N	\N	\N	\N	\N	\N
8897	19	15	13	2	0	15	BO3	regular_season	4	107	completed	2025-10-17 09:42:57.612	\N	2025-10-14 09:43:21.624	\N	2025-10-14 09:42:57.617909	2025-10-14 09:43:21.626339	\N	\N	\N	\N	\N	\N
8807	19	5	3	2	1	5	BO3	regular_season	4	17	completed	2025-10-17 09:42:57.612	\N	2025-10-14 09:43:21.645	\N	2025-10-14 09:42:57.617909	2025-10-14 09:43:21.649028	\N	\N	\N	\N	\N	\N
8810	19	8	9	2	1	8	BO3	regular_season	4	20	completed	2025-10-17 09:42:57.612	\N	2025-10-14 09:43:21.676	\N	2025-10-14 09:42:57.617909	2025-10-14 09:43:21.678368	\N	\N	\N	\N	\N	\N
8990	19	28	29	1	2	29	BO3	regular_season	4	200	completed	2025-10-17 09:42:57.612	\N	2025-10-14 09:43:21.702	\N	2025-10-14 09:42:57.617909	2025-10-14 09:43:21.70666	\N	\N	\N	\N	\N	\N
9081	19	34	39	2	1	34	BO3	regular_season	5	291	completed	2025-10-18 09:42:57.613	\N	2025-10-14 09:43:23.992	\N	2025-10-14 09:42:57.617909	2025-10-14 09:43:23.995977	\N	\N	\N	\N	\N	\N
8993	19	27	23	0	2	23	BO3	regular_season	5	203	completed	2025-10-18 09:42:57.612	\N	2025-10-14 09:43:24.126	\N	2025-10-14 09:42:57.617909	2025-10-14 09:43:24.129097	\N	\N	\N	\N	\N	\N
8905	19	19	11	0	2	11	BO3	regular_season	5	115	completed	2025-10-18 09:42:57.612	\N	2025-10-14 09:43:24.141	\N	2025-10-14 09:42:57.617909	2025-10-14 09:43:24.144456	\N	\N	\N	\N	\N	\N
9094	19	31	40	2	1	31	BO3	regular_season	7	304	completed	2025-10-20 09:42:57.613	\N	2025-10-14 09:43:30.361	\N	2025-10-14 09:42:57.617909	2025-10-14 09:43:30.363645	\N	\N	\N	\N	\N	\N
9003	19	29	25	0	2	25	BO3	regular_season	7	213	completed	2025-10-20 09:42:57.612	\N	2025-10-14 09:43:30.391	\N	2025-10-14 09:42:57.617909	2025-10-14 09:43:30.394534	\N	\N	\N	\N	\N	\N
8821	19	7	10	2	1	7	BO3	regular_season	7	31	completed	2025-10-20 09:42:57.612	\N	2025-10-14 09:43:30.413	\N	2025-10-14 09:42:57.617909	2025-10-14 09:43:30.415877	\N	\N	\N	\N	\N	\N
8827	19	9	7	1	2	7	BO3	regular_season	8	37	completed	2025-10-21 09:42:57.612	\N	2025-10-14 09:43:33.177	\N	2025-10-14 09:42:57.617909	2025-10-14 09:43:33.179457	\N	\N	\N	\N	\N	\N
9007	19	29	27	2	1	29	BO3	regular_season	8	217	completed	2025-10-21 09:42:57.612	\N	2025-10-14 09:43:33.211	\N	2025-10-14 09:42:57.617909	2025-10-14 09:43:33.214951	\N	\N	\N	\N	\N	\N
8919	19	12	15	2	1	12	BO3	regular_season	8	129	completed	2025-10-21 09:42:57.612	\N	2025-10-14 09:43:33.259	\N	2025-10-14 09:42:57.617909	2025-10-14 09:43:33.261596	\N	\N	\N	\N	\N	\N
9105	19	40	34	2	1	40	BO3	regular_season	9	315	completed	2025-10-22 09:42:57.613	\N	2025-10-14 09:43:36.589	\N	2025-10-14 09:42:57.617909	2025-10-14 09:43:36.592102	\N	\N	\N	\N	\N	\N
9108	19	37	33	0	2	33	BO3	regular_season	10	318	completed	2025-10-23 09:42:57.613	\N	2025-10-14 09:43:39.245	\N	2025-10-14 09:42:57.617909	2025-10-14 09:43:39.248584	\N	\N	\N	\N	\N	\N
9019	19	27	24	0	2	24	BO3	regular_season	10	229	completed	2025-10-23 09:42:57.612	\N	2025-10-14 09:43:39.261	\N	2025-10-14 09:42:57.617909	2025-10-14 09:43:39.264845	\N	\N	\N	\N	\N	\N
8837	19	9	2	0	2	2	BO3	regular_season	10	47	completed	2025-10-23 09:42:57.612	\N	2025-10-14 09:43:39.276	\N	2025-10-14 09:42:57.617909	2025-10-14 09:43:39.27882	\N	\N	\N	\N	\N	\N
8930	19	16	15	0	2	15	BO3	regular_season	10	140	completed	2025-10-23 09:42:57.612	\N	2025-10-14 09:43:39.307	\N	2025-10-14 09:42:57.617909	2025-10-14 09:43:39.308585	\N	\N	\N	\N	\N	\N
9113	19	38	40	0	2	40	BO3	regular_season	11	323	completed	2025-10-24 09:42:57.613	\N	2025-10-14 09:43:42.039	\N	2025-10-14 09:42:57.617909	2025-10-14 09:43:42.045861	\N	\N	\N	\N	\N	\N
8844	19	8	5	0	2	5	BO3	regular_season	11	54	completed	2025-10-24 09:42:57.612	\N	2025-10-14 09:43:42.114	\N	2025-10-14 09:42:57.617909	2025-10-14 09:43:42.116042	\N	\N	\N	\N	\N	\N
9024	19	28	25	1	2	25	BO3	regular_season	11	234	completed	2025-10-24 09:42:57.612	\N	2025-10-14 09:43:42.148	\N	2025-10-14 09:42:57.617909	2025-10-14 09:43:42.150421	\N	\N	\N	\N	\N	\N
8935	19	17	16	2	0	17	BO3	regular_season	11	145	completed	2025-10-24 09:42:57.612	\N	2025-10-14 09:43:42.166	\N	2025-10-14 09:42:57.617909	2025-10-14 09:43:42.169535	\N	\N	\N	\N	\N	\N
9119	19	38	35	2	1	38	BO3	regular_season	12	329	completed	2025-10-25 09:42:57.613	\N	2025-10-14 09:43:44.33	\N	2025-10-14 09:42:57.617909	2025-10-14 09:43:44.334099	\N	\N	\N	\N	\N	\N
8850	19	8	7	1	2	7	BO3	regular_season	12	60	completed	2025-10-25 09:42:57.612	\N	2025-10-14 09:43:44.439	\N	2025-10-14 09:42:57.617909	2025-10-14 09:43:44.441623	\N	\N	\N	\N	\N	\N
9028	19	21	25	2	0	21	BO3	regular_season	12	238	completed	2025-10-25 09:42:57.612	\N	2025-10-14 09:43:44.446	\N	2025-10-14 09:42:57.617909	2025-10-14 09:43:44.449298	\N	\N	\N	\N	\N	\N
8937	19	12	14	2	0	12	BO3	regular_season	12	147	completed	2025-10-25 09:42:57.612	\N	2025-10-14 09:43:44.482	\N	2025-10-14 09:42:57.617909	2025-10-14 09:43:44.486644	\N	\N	\N	\N	\N	\N
9123	19	32	35	2	1	32	BO3	regular_season	13	333	completed	2025-10-26 09:42:57.613	\N	2025-10-14 09:43:48.34	\N	2025-10-14 09:42:57.617909	2025-10-14 09:43:48.342985	\N	\N	\N	\N	\N	\N
9038	19	23	27	2	0	23	BO3	regular_season	14	248	completed	2025-10-27 09:42:57.612	\N	2025-10-14 09:43:52.123	\N	2025-10-14 09:42:57.617909	2025-10-14 09:43:52.125876	\N	\N	\N	\N	\N	\N
8950	19	11	19	2	0	11	BO3	regular_season	14	160	completed	2025-10-27 09:42:57.612	\N	2025-10-14 09:43:52.155	\N	2025-10-14 09:42:57.617909	2025-10-14 09:43:52.158291	\N	\N	\N	\N	\N	\N
8857	19	4	6	2	1	4	BO3	regular_season	14	67	completed	2025-10-27 09:42:57.612	\N	2025-10-14 09:43:52.209	\N	2025-10-14 09:42:57.617909	2025-10-14 09:43:52.210726	\N	\N	\N	\N	\N	\N
9132	19	34	36	2	0	34	BO3	regular_season	15	342	completed	2025-10-28 09:42:57.613	\N	2025-10-14 09:43:55.639	\N	2025-10-14 09:42:57.617909	2025-10-14 09:43:55.643174	\N	\N	\N	\N	\N	\N
8955	19	12	11	2	0	12	BO3	regular_season	15	165	completed	2025-10-28 09:42:57.612	\N	2025-10-14 09:43:55.717	\N	2025-10-14 09:42:57.617909	2025-10-14 09:43:55.719287	\N	\N	\N	\N	\N	\N
8861	19	10	6	1	2	6	BO3	regular_season	15	71	completed	2025-10-28 09:42:57.612	\N	2025-10-14 09:43:55.77	\N	2025-10-14 09:42:57.617909	2025-10-14 09:43:55.771746	\N	\N	\N	\N	\N	\N
9043	19	24	28	2	1	24	BO3	regular_season	15	253	completed	2025-10-28 09:42:57.612	\N	2025-10-14 09:43:55.795	\N	2025-10-14 09:42:57.617909	2025-10-14 09:43:55.798657	\N	\N	\N	\N	\N	\N
9139	19	40	31	2	0	40	BO3	regular_season	16	349	completed	2025-10-29 09:42:57.613	\N	2025-10-14 09:43:59.274	\N	2025-10-14 09:42:57.617909	2025-10-14 09:43:59.276043	\N	\N	\N	\N	\N	\N
8870	19	3	2	2	1	3	BO3	regular_season	16	80	completed	2025-10-29 09:42:57.612	\N	2025-10-14 09:43:59.349	\N	2025-10-14 09:42:57.617909	2025-10-14 09:43:59.352435	\N	\N	\N	\N	\N	\N
9051	19	30	28	1	2	28	BO3	regular_season	17	261	completed	2025-10-30 09:42:57.612	\N	2025-10-14 09:44:01.913	\N	2025-10-14 09:42:57.617909	2025-10-14 09:44:01.915041	\N	\N	\N	\N	\N	\N
8875	19	4	3	1	2	3	BO3	regular_season	17	85	completed	2025-10-30 09:42:57.612	\N	2025-10-14 09:44:01.964	\N	2025-10-14 09:42:57.617909	2025-10-14 09:44:01.966293	\N	\N	\N	\N	\N	\N
8961	19	20	18	2	0	20	BO3	regular_season	17	171	completed	2025-10-30 09:42:57.612	\N	2025-10-14 09:44:01.971	\N	2025-10-14 09:42:57.617909	2025-10-14 09:44:01.973467	\N	\N	\N	\N	\N	\N
9146	19	39	38	2	1	39	BO3	regular_season	18	356	completed	2025-10-31 09:42:57.613	\N	2025-10-14 09:44:05.402	\N	2025-10-14 09:42:57.617909	2025-10-14 09:44:05.406895	\N	\N	\N	\N	\N	\N
8968	19	17	12	0	2	12	BO3	regular_season	18	178	completed	2025-10-31 09:42:57.612	\N	2025-10-14 09:44:05.497	\N	2025-10-14 09:42:57.617909	2025-10-14 09:44:05.500247	\N	\N	\N	\N	\N	\N
9059	19	26	23	2	1	26	BO3	regular_season	18	269	completed	2025-10-31 09:42:57.612	\N	2025-10-14 09:44:05.582	\N	2025-10-14 09:42:57.617909	2025-10-14 09:44:05.586969	\N	\N	\N	\N	\N	\N
9233	21	6	1	0	0	\N	BO3	regular_season	17	83	scheduled	2025-10-30 15:14:00.631	\N	\N	\N	2025-10-14 15:14:00.640225	2025-10-14 15:14:00.640225	\N	\N	\N	\N	\N	\N
9234	21	5	2	0	0	\N	BO3	regular_season	17	84	scheduled	2025-10-30 15:14:00.631	\N	\N	\N	2025-10-14 15:14:00.640225	2025-10-14 15:14:00.640225	\N	\N	\N	\N	\N	\N
9235	21	4	3	0	0	\N	BO3	regular_season	17	85	scheduled	2025-10-30 15:14:00.631	\N	\N	\N	2025-10-14 15:14:00.640225	2025-10-14 15:14:00.640225	\N	\N	\N	\N	\N	\N
9236	21	10	9	0	0	\N	BO3	regular_season	18	86	scheduled	2025-10-31 15:14:00.631	\N	\N	\N	2025-10-14 15:14:00.640225	2025-10-14 15:14:00.640225	\N	\N	\N	\N	\N	\N
9237	21	8	1	0	0	\N	BO3	regular_season	18	87	scheduled	2025-10-31 15:14:00.631	\N	\N	\N	2025-10-14 15:14:00.640225	2025-10-14 15:14:00.640225	\N	\N	\N	\N	\N	\N
9238	21	7	2	0	0	\N	BO3	regular_season	18	88	scheduled	2025-10-31 15:14:00.631	\N	\N	\N	2025-10-14 15:14:00.640225	2025-10-14 15:14:00.640225	\N	\N	\N	\N	\N	\N
9239	21	6	3	0	0	\N	BO3	regular_season	18	89	scheduled	2025-10-31 15:14:00.631	\N	\N	\N	2025-10-14 15:14:00.640225	2025-10-14 15:14:00.640225	\N	\N	\N	\N	\N	\N
9240	21	5	4	0	0	\N	BO3	regular_season	18	90	scheduled	2025-10-31 15:14:00.631	\N	\N	\N	2025-10-14 15:14:00.640225	2025-10-14 15:14:00.640225	\N	\N	\N	\N	\N	\N
9241	21	11	20	0	0	\N	BO3	regular_season	1	91	scheduled	2025-10-14 15:14:00.632	\N	\N	\N	2025-10-14 15:14:00.640225	2025-10-14 15:14:00.640225	\N	\N	\N	\N	\N	\N
9242	21	12	19	0	0	\N	BO3	regular_season	1	92	scheduled	2025-10-14 15:14:00.632	\N	\N	\N	2025-10-14 15:14:00.640225	2025-10-14 15:14:00.640225	\N	\N	\N	\N	\N	\N
9243	21	13	18	0	0	\N	BO3	regular_season	1	93	scheduled	2025-10-14 15:14:00.632	\N	\N	\N	2025-10-14 15:14:00.640225	2025-10-14 15:14:00.640225	\N	\N	\N	\N	\N	\N
9244	21	14	17	0	0	\N	BO3	regular_season	1	94	scheduled	2025-10-14 15:14:00.632	\N	\N	\N	2025-10-14 15:14:00.640225	2025-10-14 15:14:00.640225	\N	\N	\N	\N	\N	\N
9245	21	15	16	0	0	\N	BO3	regular_season	1	95	scheduled	2025-10-14 15:14:00.632	\N	\N	\N	2025-10-14 15:14:00.640225	2025-10-14 15:14:00.640225	\N	\N	\N	\N	\N	\N
9246	21	12	20	0	0	\N	BO3	regular_season	2	96	scheduled	2025-10-15 15:14:00.632	\N	\N	\N	2025-10-14 15:14:00.640225	2025-10-14 15:14:00.640225	\N	\N	\N	\N	\N	\N
9247	21	13	11	0	0	\N	BO3	regular_season	2	97	scheduled	2025-10-15 15:14:00.632	\N	\N	\N	2025-10-14 15:14:00.640225	2025-10-14 15:14:00.640225	\N	\N	\N	\N	\N	\N
9248	21	14	19	0	0	\N	BO3	regular_season	2	98	scheduled	2025-10-15 15:14:00.632	\N	\N	\N	2025-10-14 15:14:00.640225	2025-10-14 15:14:00.640225	\N	\N	\N	\N	\N	\N
9249	21	15	18	0	0	\N	BO3	regular_season	2	99	scheduled	2025-10-15 15:14:00.632	\N	\N	\N	2025-10-14 15:14:00.640225	2025-10-14 15:14:00.640225	\N	\N	\N	\N	\N	\N
9250	21	16	17	0	0	\N	BO3	regular_season	2	100	scheduled	2025-10-15 15:14:00.632	\N	\N	\N	2025-10-14 15:14:00.640225	2025-10-14 15:14:00.640225	\N	\N	\N	\N	\N	\N
9251	21	13	20	0	0	\N	BO3	regular_season	3	101	scheduled	2025-10-16 15:14:00.632	\N	\N	\N	2025-10-14 15:14:00.640225	2025-10-14 15:14:00.640225	\N	\N	\N	\N	\N	\N
9252	21	14	12	0	0	\N	BO3	regular_season	3	102	scheduled	2025-10-16 15:14:00.632	\N	\N	\N	2025-10-14 15:14:00.640225	2025-10-14 15:14:00.640225	\N	\N	\N	\N	\N	\N
9253	21	15	11	0	0	\N	BO3	regular_season	3	103	scheduled	2025-10-16 15:14:00.632	\N	\N	\N	2025-10-14 15:14:00.640225	2025-10-14 15:14:00.640225	\N	\N	\N	\N	\N	\N
9254	21	16	19	0	0	\N	BO3	regular_season	3	104	scheduled	2025-10-16 15:14:00.632	\N	\N	\N	2025-10-14 15:14:00.640225	2025-10-14 15:14:00.640225	\N	\N	\N	\N	\N	\N
9255	21	17	18	0	0	\N	BO3	regular_season	3	105	scheduled	2025-10-16 15:14:00.632	\N	\N	\N	2025-10-14 15:14:00.640225	2025-10-14 15:14:00.640225	\N	\N	\N	\N	\N	\N
9256	21	14	20	0	0	\N	BO3	regular_season	4	106	scheduled	2025-10-17 15:14:00.632	\N	\N	\N	2025-10-14 15:14:00.640225	2025-10-14 15:14:00.640225	\N	\N	\N	\N	\N	\N
9257	21	15	13	0	0	\N	BO3	regular_season	4	107	scheduled	2025-10-17 15:14:00.632	\N	\N	\N	2025-10-14 15:14:00.640225	2025-10-14 15:14:00.640225	\N	\N	\N	\N	\N	\N
9258	21	16	12	0	0	\N	BO3	regular_season	4	108	scheduled	2025-10-17 15:14:00.632	\N	\N	\N	2025-10-14 15:14:00.640225	2025-10-14 15:14:00.640225	\N	\N	\N	\N	\N	\N
9259	21	17	11	0	0	\N	BO3	regular_season	4	109	scheduled	2025-10-17 15:14:00.632	\N	\N	\N	2025-10-14 15:14:00.640225	2025-10-14 15:14:00.640225	\N	\N	\N	\N	\N	\N
9260	21	18	19	0	0	\N	BO3	regular_season	4	110	scheduled	2025-10-17 15:14:00.632	\N	\N	\N	2025-10-14 15:14:00.640225	2025-10-14 15:14:00.640225	\N	\N	\N	\N	\N	\N
9261	21	15	20	0	0	\N	BO3	regular_season	5	111	scheduled	2025-10-18 15:14:00.632	\N	\N	\N	2025-10-14 15:14:00.640225	2025-10-14 15:14:00.640225	\N	\N	\N	\N	\N	\N
9262	21	16	14	0	0	\N	BO3	regular_season	5	112	scheduled	2025-10-18 15:14:00.632	\N	\N	\N	2025-10-14 15:14:00.640225	2025-10-14 15:14:00.640225	\N	\N	\N	\N	\N	\N
9263	21	17	13	0	0	\N	BO3	regular_season	5	113	scheduled	2025-10-18 15:14:00.632	\N	\N	\N	2025-10-14 15:14:00.640225	2025-10-14 15:14:00.640225	\N	\N	\N	\N	\N	\N
9264	21	18	12	0	0	\N	BO3	regular_season	5	114	scheduled	2025-10-18 15:14:00.632	\N	\N	\N	2025-10-14 15:14:00.640225	2025-10-14 15:14:00.640225	\N	\N	\N	\N	\N	\N
9265	21	19	11	0	0	\N	BO3	regular_season	5	115	scheduled	2025-10-18 15:14:00.632	\N	\N	\N	2025-10-14 15:14:00.640225	2025-10-14 15:14:00.640225	\N	\N	\N	\N	\N	\N
9266	21	16	20	0	0	\N	BO3	regular_season	6	116	scheduled	2025-10-19 15:14:00.632	\N	\N	\N	2025-10-14 15:14:00.640225	2025-10-14 15:14:00.640225	\N	\N	\N	\N	\N	\N
9267	21	17	15	0	0	\N	BO3	regular_season	6	117	scheduled	2025-10-19 15:14:00.632	\N	\N	\N	2025-10-14 15:14:00.640225	2025-10-14 15:14:00.640225	\N	\N	\N	\N	\N	\N
9268	21	18	14	0	0	\N	BO3	regular_season	6	118	scheduled	2025-10-19 15:14:00.632	\N	\N	\N	2025-10-14 15:14:00.640225	2025-10-14 15:14:00.640225	\N	\N	\N	\N	\N	\N
9269	21	19	13	0	0	\N	BO3	regular_season	6	119	scheduled	2025-10-19 15:14:00.632	\N	\N	\N	2025-10-14 15:14:00.640225	2025-10-14 15:14:00.640225	\N	\N	\N	\N	\N	\N
9270	21	11	12	0	0	\N	BO3	regular_season	6	120	scheduled	2025-10-19 15:14:00.632	\N	\N	\N	2025-10-14 15:14:00.640225	2025-10-14 15:14:00.640225	\N	\N	\N	\N	\N	\N
9271	21	17	20	0	0	\N	BO3	regular_season	7	121	scheduled	2025-10-20 15:14:00.632	\N	\N	\N	2025-10-14 15:14:00.640225	2025-10-14 15:14:00.640225	\N	\N	\N	\N	\N	\N
9272	21	18	16	0	0	\N	BO3	regular_season	7	122	scheduled	2025-10-20 15:14:00.632	\N	\N	\N	2025-10-14 15:14:00.640225	2025-10-14 15:14:00.640225	\N	\N	\N	\N	\N	\N
9273	21	19	15	0	0	\N	BO3	regular_season	7	123	scheduled	2025-10-20 15:14:00.632	\N	\N	\N	2025-10-14 15:14:00.640225	2025-10-14 15:14:00.640225	\N	\N	\N	\N	\N	\N
9274	21	11	14	0	0	\N	BO3	regular_season	7	124	scheduled	2025-10-20 15:14:00.632	\N	\N	\N	2025-10-14 15:14:00.640225	2025-10-14 15:14:00.640225	\N	\N	\N	\N	\N	\N
9275	21	12	13	0	0	\N	BO3	regular_season	7	125	scheduled	2025-10-20 15:14:00.632	\N	\N	\N	2025-10-14 15:14:00.640225	2025-10-14 15:14:00.640225	\N	\N	\N	\N	\N	\N
9276	21	18	20	0	0	\N	BO3	regular_season	8	126	scheduled	2025-10-21 15:14:00.632	\N	\N	\N	2025-10-14 15:14:00.640225	2025-10-14 15:14:00.640225	\N	\N	\N	\N	\N	\N
9277	21	19	17	0	0	\N	BO3	regular_season	8	127	scheduled	2025-10-21 15:14:00.632	\N	\N	\N	2025-10-14 15:14:00.640225	2025-10-14 15:14:00.640225	\N	\N	\N	\N	\N	\N
9278	21	11	16	0	0	\N	BO3	regular_season	8	128	scheduled	2025-10-21 15:14:00.632	\N	\N	\N	2025-10-14 15:14:00.640225	2025-10-14 15:14:00.640225	\N	\N	\N	\N	\N	\N
9279	21	12	15	0	0	\N	BO3	regular_season	8	129	scheduled	2025-10-21 15:14:00.632	\N	\N	\N	2025-10-14 15:14:00.640225	2025-10-14 15:14:00.640225	\N	\N	\N	\N	\N	\N
9280	21	13	14	0	0	\N	BO3	regular_season	8	130	scheduled	2025-10-21 15:14:00.632	\N	\N	\N	2025-10-14 15:14:00.640225	2025-10-14 15:14:00.640225	\N	\N	\N	\N	\N	\N
9281	21	19	20	0	0	\N	BO3	regular_season	9	131	scheduled	2025-10-22 15:14:00.632	\N	\N	\N	2025-10-14 15:14:00.640225	2025-10-14 15:14:00.640225	\N	\N	\N	\N	\N	\N
9282	21	11	18	0	0	\N	BO3	regular_season	9	132	scheduled	2025-10-22 15:14:00.632	\N	\N	\N	2025-10-14 15:14:00.640225	2025-10-14 15:14:00.640225	\N	\N	\N	\N	\N	\N
9283	21	12	17	0	0	\N	BO3	regular_season	9	133	scheduled	2025-10-22 15:14:00.632	\N	\N	\N	2025-10-14 15:14:00.640225	2025-10-14 15:14:00.640225	\N	\N	\N	\N	\N	\N
9284	21	13	16	0	0	\N	BO3	regular_season	9	134	scheduled	2025-10-22 15:14:00.632	\N	\N	\N	2025-10-14 15:14:00.640225	2025-10-14 15:14:00.640225	\N	\N	\N	\N	\N	\N
9285	21	14	15	0	0	\N	BO3	regular_season	9	135	scheduled	2025-10-22 15:14:00.632	\N	\N	\N	2025-10-14 15:14:00.640225	2025-10-14 15:14:00.640225	\N	\N	\N	\N	\N	\N
9286	21	20	11	0	0	\N	BO3	regular_season	10	136	scheduled	2025-10-23 15:14:00.632	\N	\N	\N	2025-10-14 15:14:00.640225	2025-10-14 15:14:00.640225	\N	\N	\N	\N	\N	\N
9287	21	19	12	0	0	\N	BO3	regular_season	10	137	scheduled	2025-10-23 15:14:00.632	\N	\N	\N	2025-10-14 15:14:00.640225	2025-10-14 15:14:00.640225	\N	\N	\N	\N	\N	\N
9288	21	18	13	0	0	\N	BO3	regular_season	10	138	scheduled	2025-10-23 15:14:00.632	\N	\N	\N	2025-10-14 15:14:00.640225	2025-10-14 15:14:00.640225	\N	\N	\N	\N	\N	\N
9289	21	17	14	0	0	\N	BO3	regular_season	10	139	scheduled	2025-10-23 15:14:00.632	\N	\N	\N	2025-10-14 15:14:00.640225	2025-10-14 15:14:00.640225	\N	\N	\N	\N	\N	\N
9290	21	16	15	0	0	\N	BO3	regular_season	10	140	scheduled	2025-10-23 15:14:00.632	\N	\N	\N	2025-10-14 15:14:00.640225	2025-10-14 15:14:00.640225	\N	\N	\N	\N	\N	\N
9291	21	20	12	0	0	\N	BO3	regular_season	11	141	scheduled	2025-10-24 15:14:00.632	\N	\N	\N	2025-10-14 15:14:00.640225	2025-10-14 15:14:00.640225	\N	\N	\N	\N	\N	\N
9292	21	11	13	0	0	\N	BO3	regular_season	11	142	scheduled	2025-10-24 15:14:00.632	\N	\N	\N	2025-10-14 15:14:00.640225	2025-10-14 15:14:00.640225	\N	\N	\N	\N	\N	\N
9293	21	19	14	0	0	\N	BO3	regular_season	11	143	scheduled	2025-10-24 15:14:00.632	\N	\N	\N	2025-10-14 15:14:00.640225	2025-10-14 15:14:00.640225	\N	\N	\N	\N	\N	\N
9294	21	18	15	0	0	\N	BO3	regular_season	11	144	scheduled	2025-10-24 15:14:00.632	\N	\N	\N	2025-10-14 15:14:00.640225	2025-10-14 15:14:00.640225	\N	\N	\N	\N	\N	\N
9295	21	17	16	0	0	\N	BO3	regular_season	11	145	scheduled	2025-10-24 15:14:00.632	\N	\N	\N	2025-10-14 15:14:00.640225	2025-10-14 15:14:00.640225	\N	\N	\N	\N	\N	\N
9296	21	20	13	0	0	\N	BO3	regular_season	12	146	scheduled	2025-10-25 15:14:00.632	\N	\N	\N	2025-10-14 15:14:00.640225	2025-10-14 15:14:00.640225	\N	\N	\N	\N	\N	\N
9297	21	12	14	0	0	\N	BO3	regular_season	12	147	scheduled	2025-10-25 15:14:00.632	\N	\N	\N	2025-10-14 15:14:00.640225	2025-10-14 15:14:00.640225	\N	\N	\N	\N	\N	\N
9298	21	11	15	0	0	\N	BO3	regular_season	12	148	scheduled	2025-10-25 15:14:00.632	\N	\N	\N	2025-10-14 15:14:00.640225	2025-10-14 15:14:00.640225	\N	\N	\N	\N	\N	\N
9299	21	19	16	0	0	\N	BO3	regular_season	12	149	scheduled	2025-10-25 15:14:00.632	\N	\N	\N	2025-10-14 15:14:00.640225	2025-10-14 15:14:00.640225	\N	\N	\N	\N	\N	\N
9300	21	18	17	0	0	\N	BO3	regular_season	12	150	scheduled	2025-10-25 15:14:00.632	\N	\N	\N	2025-10-14 15:14:00.640225	2025-10-14 15:14:00.640225	\N	\N	\N	\N	\N	\N
9301	21	20	14	0	0	\N	BO3	regular_season	13	151	scheduled	2025-10-26 15:14:00.632	\N	\N	\N	2025-10-14 15:14:00.640225	2025-10-14 15:14:00.640225	\N	\N	\N	\N	\N	\N
9302	21	13	15	0	0	\N	BO3	regular_season	13	152	scheduled	2025-10-26 15:14:00.632	\N	\N	\N	2025-10-14 15:14:00.640225	2025-10-14 15:14:00.640225	\N	\N	\N	\N	\N	\N
9303	21	12	16	0	0	\N	BO3	regular_season	13	153	scheduled	2025-10-26 15:14:00.632	\N	\N	\N	2025-10-14 15:14:00.640225	2025-10-14 15:14:00.640225	\N	\N	\N	\N	\N	\N
9304	21	11	17	0	0	\N	BO3	regular_season	13	154	scheduled	2025-10-26 15:14:00.632	\N	\N	\N	2025-10-14 15:14:00.640225	2025-10-14 15:14:00.640225	\N	\N	\N	\N	\N	\N
9305	21	19	18	0	0	\N	BO3	regular_season	13	155	scheduled	2025-10-26 15:14:00.632	\N	\N	\N	2025-10-14 15:14:00.640225	2025-10-14 15:14:00.640225	\N	\N	\N	\N	\N	\N
9306	21	20	15	0	0	\N	BO3	regular_season	14	156	scheduled	2025-10-27 15:14:00.632	\N	\N	\N	2025-10-14 15:14:00.640225	2025-10-14 15:14:00.640225	\N	\N	\N	\N	\N	\N
9307	21	14	16	0	0	\N	BO3	regular_season	14	157	scheduled	2025-10-27 15:14:00.632	\N	\N	\N	2025-10-14 15:14:00.640225	2025-10-14 15:14:00.640225	\N	\N	\N	\N	\N	\N
9308	21	13	17	0	0	\N	BO3	regular_season	14	158	scheduled	2025-10-27 15:14:00.632	\N	\N	\N	2025-10-14 15:14:00.640225	2025-10-14 15:14:00.640225	\N	\N	\N	\N	\N	\N
9309	21	12	18	0	0	\N	BO3	regular_season	14	159	scheduled	2025-10-27 15:14:00.632	\N	\N	\N	2025-10-14 15:14:00.640225	2025-10-14 15:14:00.640225	\N	\N	\N	\N	\N	\N
9310	21	11	19	0	0	\N	BO3	regular_season	14	160	scheduled	2025-10-27 15:14:00.632	\N	\N	\N	2025-10-14 15:14:00.640225	2025-10-14 15:14:00.640225	\N	\N	\N	\N	\N	\N
9311	21	20	16	0	0	\N	BO3	regular_season	15	161	scheduled	2025-10-28 15:14:00.632	\N	\N	\N	2025-10-14 15:14:00.640225	2025-10-14 15:14:00.640225	\N	\N	\N	\N	\N	\N
9312	21	15	17	0	0	\N	BO3	regular_season	15	162	scheduled	2025-10-28 15:14:00.632	\N	\N	\N	2025-10-14 15:14:00.640225	2025-10-14 15:14:00.640225	\N	\N	\N	\N	\N	\N
9313	21	14	18	0	0	\N	BO3	regular_season	15	163	scheduled	2025-10-28 15:14:00.632	\N	\N	\N	2025-10-14 15:14:00.640225	2025-10-14 15:14:00.640225	\N	\N	\N	\N	\N	\N
9314	21	13	19	0	0	\N	BO3	regular_season	15	164	scheduled	2025-10-28 15:14:00.632	\N	\N	\N	2025-10-14 15:14:00.640225	2025-10-14 15:14:00.640225	\N	\N	\N	\N	\N	\N
9315	21	12	11	0	0	\N	BO3	regular_season	15	165	scheduled	2025-10-28 15:14:00.632	\N	\N	\N	2025-10-14 15:14:00.640225	2025-10-14 15:14:00.640225	\N	\N	\N	\N	\N	\N
9316	21	20	17	0	0	\N	BO3	regular_season	16	166	scheduled	2025-10-29 15:14:00.632	\N	\N	\N	2025-10-14 15:14:00.640225	2025-10-14 15:14:00.640225	\N	\N	\N	\N	\N	\N
9317	21	16	18	0	0	\N	BO3	regular_season	16	167	scheduled	2025-10-29 15:14:00.632	\N	\N	\N	2025-10-14 15:14:00.640225	2025-10-14 15:14:00.640225	\N	\N	\N	\N	\N	\N
9318	21	15	19	0	0	\N	BO3	regular_season	16	168	scheduled	2025-10-29 15:14:00.632	\N	\N	\N	2025-10-14 15:14:00.640225	2025-10-14 15:14:00.640225	\N	\N	\N	\N	\N	\N
9319	21	14	11	0	0	\N	BO3	regular_season	16	169	scheduled	2025-10-29 15:14:00.632	\N	\N	\N	2025-10-14 15:14:00.640225	2025-10-14 15:14:00.640225	\N	\N	\N	\N	\N	\N
9320	21	13	12	0	0	\N	BO3	regular_season	16	170	scheduled	2025-10-29 15:14:00.632	\N	\N	\N	2025-10-14 15:14:00.640225	2025-10-14 15:14:00.640225	\N	\N	\N	\N	\N	\N
9321	21	20	18	0	0	\N	BO3	regular_season	17	171	scheduled	2025-10-30 15:14:00.632	\N	\N	\N	2025-10-14 15:14:00.640225	2025-10-14 15:14:00.640225	\N	\N	\N	\N	\N	\N
9322	21	17	19	0	0	\N	BO3	regular_season	17	172	scheduled	2025-10-30 15:14:00.632	\N	\N	\N	2025-10-14 15:14:00.640225	2025-10-14 15:14:00.640225	\N	\N	\N	\N	\N	\N
9323	21	16	11	0	0	\N	BO3	regular_season	17	173	scheduled	2025-10-30 15:14:00.632	\N	\N	\N	2025-10-14 15:14:00.640225	2025-10-14 15:14:00.640225	\N	\N	\N	\N	\N	\N
9324	21	15	12	0	0	\N	BO3	regular_season	17	174	scheduled	2025-10-30 15:14:00.632	\N	\N	\N	2025-10-14 15:14:00.640225	2025-10-14 15:14:00.640225	\N	\N	\N	\N	\N	\N
9325	21	14	13	0	0	\N	BO3	regular_season	17	175	scheduled	2025-10-30 15:14:00.632	\N	\N	\N	2025-10-14 15:14:00.640225	2025-10-14 15:14:00.640225	\N	\N	\N	\N	\N	\N
9326	21	20	19	0	0	\N	BO3	regular_season	18	176	scheduled	2025-10-31 15:14:00.632	\N	\N	\N	2025-10-14 15:14:00.640225	2025-10-14 15:14:00.640225	\N	\N	\N	\N	\N	\N
9327	21	18	11	0	0	\N	BO3	regular_season	18	177	scheduled	2025-10-31 15:14:00.632	\N	\N	\N	2025-10-14 15:14:00.640225	2025-10-14 15:14:00.640225	\N	\N	\N	\N	\N	\N
9328	21	17	12	0	0	\N	BO3	regular_season	18	178	scheduled	2025-10-31 15:14:00.632	\N	\N	\N	2025-10-14 15:14:00.640225	2025-10-14 15:14:00.640225	\N	\N	\N	\N	\N	\N
9329	21	16	13	0	0	\N	BO3	regular_season	18	179	scheduled	2025-10-31 15:14:00.632	\N	\N	\N	2025-10-14 15:14:00.640225	2025-10-14 15:14:00.640225	\N	\N	\N	\N	\N	\N
9330	21	15	14	0	0	\N	BO3	regular_season	18	180	scheduled	2025-10-31 15:14:00.632	\N	\N	\N	2025-10-14 15:14:00.640225	2025-10-14 15:14:00.640225	\N	\N	\N	\N	\N	\N
9331	21	21	30	0	0	\N	BO3	regular_season	1	181	scheduled	2025-10-14 15:14:00.632	\N	\N	\N	2025-10-14 15:14:00.640225	2025-10-14 15:14:00.640225	\N	\N	\N	\N	\N	\N
9332	21	22	29	0	0	\N	BO3	regular_season	1	182	scheduled	2025-10-14 15:14:00.632	\N	\N	\N	2025-10-14 15:14:00.640225	2025-10-14 15:14:00.640225	\N	\N	\N	\N	\N	\N
9333	21	23	28	0	0	\N	BO3	regular_season	1	183	scheduled	2025-10-14 15:14:00.632	\N	\N	\N	2025-10-14 15:14:00.640225	2025-10-14 15:14:00.640225	\N	\N	\N	\N	\N	\N
9334	21	24	27	0	0	\N	BO3	regular_season	1	184	scheduled	2025-10-14 15:14:00.632	\N	\N	\N	2025-10-14 15:14:00.640225	2025-10-14 15:14:00.640225	\N	\N	\N	\N	\N	\N
9335	21	25	26	0	0	\N	BO3	regular_season	1	185	scheduled	2025-10-14 15:14:00.632	\N	\N	\N	2025-10-14 15:14:00.640225	2025-10-14 15:14:00.640225	\N	\N	\N	\N	\N	\N
9336	21	22	30	0	0	\N	BO3	regular_season	2	186	scheduled	2025-10-15 15:14:00.632	\N	\N	\N	2025-10-14 15:14:00.640225	2025-10-14 15:14:00.640225	\N	\N	\N	\N	\N	\N
9337	21	23	21	0	0	\N	BO3	regular_season	2	187	scheduled	2025-10-15 15:14:00.632	\N	\N	\N	2025-10-14 15:14:00.640225	2025-10-14 15:14:00.640225	\N	\N	\N	\N	\N	\N
9338	21	24	29	0	0	\N	BO3	regular_season	2	188	scheduled	2025-10-15 15:14:00.632	\N	\N	\N	2025-10-14 15:14:00.640225	2025-10-14 15:14:00.640225	\N	\N	\N	\N	\N	\N
9339	21	25	28	0	0	\N	BO3	regular_season	2	189	scheduled	2025-10-15 15:14:00.632	\N	\N	\N	2025-10-14 15:14:00.640225	2025-10-14 15:14:00.640225	\N	\N	\N	\N	\N	\N
9340	21	26	27	0	0	\N	BO3	regular_season	2	190	scheduled	2025-10-15 15:14:00.632	\N	\N	\N	2025-10-14 15:14:00.640225	2025-10-14 15:14:00.640225	\N	\N	\N	\N	\N	\N
9341	21	23	30	0	0	\N	BO3	regular_season	3	191	scheduled	2025-10-16 15:14:00.632	\N	\N	\N	2025-10-14 15:14:00.640225	2025-10-14 15:14:00.640225	\N	\N	\N	\N	\N	\N
9342	21	24	22	0	0	\N	BO3	regular_season	3	192	scheduled	2025-10-16 15:14:00.632	\N	\N	\N	2025-10-14 15:14:00.640225	2025-10-14 15:14:00.640225	\N	\N	\N	\N	\N	\N
9343	21	25	21	0	0	\N	BO3	regular_season	3	193	scheduled	2025-10-16 15:14:00.632	\N	\N	\N	2025-10-14 15:14:00.640225	2025-10-14 15:14:00.640225	\N	\N	\N	\N	\N	\N
9344	21	26	29	0	0	\N	BO3	regular_season	3	194	scheduled	2025-10-16 15:14:00.632	\N	\N	\N	2025-10-14 15:14:00.640225	2025-10-14 15:14:00.640225	\N	\N	\N	\N	\N	\N
9345	21	27	28	0	0	\N	BO3	regular_season	3	195	scheduled	2025-10-16 15:14:00.632	\N	\N	\N	2025-10-14 15:14:00.640225	2025-10-14 15:14:00.640225	\N	\N	\N	\N	\N	\N
9346	21	24	30	0	0	\N	BO3	regular_season	4	196	scheduled	2025-10-17 15:14:00.632	\N	\N	\N	2025-10-14 15:14:00.640225	2025-10-14 15:14:00.640225	\N	\N	\N	\N	\N	\N
9347	21	25	23	0	0	\N	BO3	regular_season	4	197	scheduled	2025-10-17 15:14:00.632	\N	\N	\N	2025-10-14 15:14:00.640225	2025-10-14 15:14:00.640225	\N	\N	\N	\N	\N	\N
9348	21	26	22	0	0	\N	BO3	regular_season	4	198	scheduled	2025-10-17 15:14:00.632	\N	\N	\N	2025-10-14 15:14:00.640225	2025-10-14 15:14:00.640225	\N	\N	\N	\N	\N	\N
9349	21	27	21	0	0	\N	BO3	regular_season	4	199	scheduled	2025-10-17 15:14:00.632	\N	\N	\N	2025-10-14 15:14:00.640225	2025-10-14 15:14:00.640225	\N	\N	\N	\N	\N	\N
9350	21	28	29	0	0	\N	BO3	regular_season	4	200	scheduled	2025-10-17 15:14:00.632	\N	\N	\N	2025-10-14 15:14:00.640225	2025-10-14 15:14:00.640225	\N	\N	\N	\N	\N	\N
9351	21	25	30	0	0	\N	BO3	regular_season	5	201	scheduled	2025-10-18 15:14:00.632	\N	\N	\N	2025-10-14 15:14:00.640225	2025-10-14 15:14:00.640225	\N	\N	\N	\N	\N	\N
9352	21	26	24	0	0	\N	BO3	regular_season	5	202	scheduled	2025-10-18 15:14:00.632	\N	\N	\N	2025-10-14 15:14:00.640225	2025-10-14 15:14:00.640225	\N	\N	\N	\N	\N	\N
9353	21	27	23	0	0	\N	BO3	regular_season	5	203	scheduled	2025-10-18 15:14:00.632	\N	\N	\N	2025-10-14 15:14:00.640225	2025-10-14 15:14:00.640225	\N	\N	\N	\N	\N	\N
9354	21	28	22	0	0	\N	BO3	regular_season	5	204	scheduled	2025-10-18 15:14:00.632	\N	\N	\N	2025-10-14 15:14:00.640225	2025-10-14 15:14:00.640225	\N	\N	\N	\N	\N	\N
9355	21	29	21	0	0	\N	BO3	regular_season	5	205	scheduled	2025-10-18 15:14:00.632	\N	\N	\N	2025-10-14 15:14:00.640225	2025-10-14 15:14:00.640225	\N	\N	\N	\N	\N	\N
9356	21	26	30	0	0	\N	BO3	regular_season	6	206	scheduled	2025-10-19 15:14:00.632	\N	\N	\N	2025-10-14 15:14:00.640225	2025-10-14 15:14:00.640225	\N	\N	\N	\N	\N	\N
9357	21	27	25	0	0	\N	BO3	regular_season	6	207	scheduled	2025-10-19 15:14:00.632	\N	\N	\N	2025-10-14 15:14:00.640225	2025-10-14 15:14:00.640225	\N	\N	\N	\N	\N	\N
9358	21	28	24	0	0	\N	BO3	regular_season	6	208	scheduled	2025-10-19 15:14:00.632	\N	\N	\N	2025-10-14 15:14:00.640225	2025-10-14 15:14:00.640225	\N	\N	\N	\N	\N	\N
9359	21	29	23	0	0	\N	BO3	regular_season	6	209	scheduled	2025-10-19 15:14:00.632	\N	\N	\N	2025-10-14 15:14:00.640225	2025-10-14 15:14:00.640225	\N	\N	\N	\N	\N	\N
9360	21	21	22	0	0	\N	BO3	regular_season	6	210	scheduled	2025-10-19 15:14:00.632	\N	\N	\N	2025-10-14 15:14:00.640225	2025-10-14 15:14:00.640225	\N	\N	\N	\N	\N	\N
9361	21	27	30	0	0	\N	BO3	regular_season	7	211	scheduled	2025-10-20 15:14:00.632	\N	\N	\N	2025-10-14 15:14:00.640225	2025-10-14 15:14:00.640225	\N	\N	\N	\N	\N	\N
9362	21	28	26	0	0	\N	BO3	regular_season	7	212	scheduled	2025-10-20 15:14:00.632	\N	\N	\N	2025-10-14 15:14:00.640225	2025-10-14 15:14:00.640225	\N	\N	\N	\N	\N	\N
9363	21	29	25	0	0	\N	BO3	regular_season	7	213	scheduled	2025-10-20 15:14:00.632	\N	\N	\N	2025-10-14 15:14:00.640225	2025-10-14 15:14:00.640225	\N	\N	\N	\N	\N	\N
9364	21	21	24	0	0	\N	BO3	regular_season	7	214	scheduled	2025-10-20 15:14:00.632	\N	\N	\N	2025-10-14 15:14:00.640225	2025-10-14 15:14:00.640225	\N	\N	\N	\N	\N	\N
9365	21	22	23	0	0	\N	BO3	regular_season	7	215	scheduled	2025-10-20 15:14:00.632	\N	\N	\N	2025-10-14 15:14:00.640225	2025-10-14 15:14:00.640225	\N	\N	\N	\N	\N	\N
9366	21	28	30	0	0	\N	BO3	regular_season	8	216	scheduled	2025-10-21 15:14:00.632	\N	\N	\N	2025-10-14 15:14:00.640225	2025-10-14 15:14:00.640225	\N	\N	\N	\N	\N	\N
9367	21	29	27	0	0	\N	BO3	regular_season	8	217	scheduled	2025-10-21 15:14:00.632	\N	\N	\N	2025-10-14 15:14:00.640225	2025-10-14 15:14:00.640225	\N	\N	\N	\N	\N	\N
9368	21	21	26	0	0	\N	BO3	regular_season	8	218	scheduled	2025-10-21 15:14:00.632	\N	\N	\N	2025-10-14 15:14:00.640225	2025-10-14 15:14:00.640225	\N	\N	\N	\N	\N	\N
9369	21	22	25	0	0	\N	BO3	regular_season	8	219	scheduled	2025-10-21 15:14:00.632	\N	\N	\N	2025-10-14 15:14:00.640225	2025-10-14 15:14:00.640225	\N	\N	\N	\N	\N	\N
9370	21	23	24	0	0	\N	BO3	regular_season	8	220	scheduled	2025-10-21 15:14:00.632	\N	\N	\N	2025-10-14 15:14:00.640225	2025-10-14 15:14:00.640225	\N	\N	\N	\N	\N	\N
9371	21	29	30	0	0	\N	BO3	regular_season	9	221	scheduled	2025-10-22 15:14:00.632	\N	\N	\N	2025-10-14 15:14:00.640225	2025-10-14 15:14:00.640225	\N	\N	\N	\N	\N	\N
9372	21	21	28	0	0	\N	BO3	regular_season	9	222	scheduled	2025-10-22 15:14:00.632	\N	\N	\N	2025-10-14 15:14:00.640225	2025-10-14 15:14:00.640225	\N	\N	\N	\N	\N	\N
9373	21	22	27	0	0	\N	BO3	regular_season	9	223	scheduled	2025-10-22 15:14:00.632	\N	\N	\N	2025-10-14 15:14:00.640225	2025-10-14 15:14:00.640225	\N	\N	\N	\N	\N	\N
9374	21	23	26	0	0	\N	BO3	regular_season	9	224	scheduled	2025-10-22 15:14:00.632	\N	\N	\N	2025-10-14 15:14:00.640225	2025-10-14 15:14:00.640225	\N	\N	\N	\N	\N	\N
9375	21	24	25	0	0	\N	BO3	regular_season	9	225	scheduled	2025-10-22 15:14:00.632	\N	\N	\N	2025-10-14 15:14:00.640225	2025-10-14 15:14:00.640225	\N	\N	\N	\N	\N	\N
9376	21	30	21	0	0	\N	BO3	regular_season	10	226	scheduled	2025-10-23 15:14:00.632	\N	\N	\N	2025-10-14 15:14:00.640225	2025-10-14 15:14:00.640225	\N	\N	\N	\N	\N	\N
9377	21	29	22	0	0	\N	BO3	regular_season	10	227	scheduled	2025-10-23 15:14:00.632	\N	\N	\N	2025-10-14 15:14:00.640225	2025-10-14 15:14:00.640225	\N	\N	\N	\N	\N	\N
9378	21	28	23	0	0	\N	BO3	regular_season	10	228	scheduled	2025-10-23 15:14:00.632	\N	\N	\N	2025-10-14 15:14:00.640225	2025-10-14 15:14:00.640225	\N	\N	\N	\N	\N	\N
9379	21	27	24	0	0	\N	BO3	regular_season	10	229	scheduled	2025-10-23 15:14:00.632	\N	\N	\N	2025-10-14 15:14:00.640225	2025-10-14 15:14:00.640225	\N	\N	\N	\N	\N	\N
9380	21	26	25	0	0	\N	BO3	regular_season	10	230	scheduled	2025-10-23 15:14:00.632	\N	\N	\N	2025-10-14 15:14:00.640225	2025-10-14 15:14:00.640225	\N	\N	\N	\N	\N	\N
9381	21	30	22	0	0	\N	BO3	regular_season	11	231	scheduled	2025-10-24 15:14:00.632	\N	\N	\N	2025-10-14 15:14:00.640225	2025-10-14 15:14:00.640225	\N	\N	\N	\N	\N	\N
9382	21	21	23	0	0	\N	BO3	regular_season	11	232	scheduled	2025-10-24 15:14:00.632	\N	\N	\N	2025-10-14 15:14:00.640225	2025-10-14 15:14:00.640225	\N	\N	\N	\N	\N	\N
9383	21	29	24	0	0	\N	BO3	regular_season	11	233	scheduled	2025-10-24 15:14:00.632	\N	\N	\N	2025-10-14 15:14:00.640225	2025-10-14 15:14:00.640225	\N	\N	\N	\N	\N	\N
9384	21	28	25	0	0	\N	BO3	regular_season	11	234	scheduled	2025-10-24 15:14:00.632	\N	\N	\N	2025-10-14 15:14:00.640225	2025-10-14 15:14:00.640225	\N	\N	\N	\N	\N	\N
9385	21	27	26	0	0	\N	BO3	regular_season	11	235	scheduled	2025-10-24 15:14:00.632	\N	\N	\N	2025-10-14 15:14:00.640225	2025-10-14 15:14:00.640225	\N	\N	\N	\N	\N	\N
9386	21	30	23	0	0	\N	BO3	regular_season	12	236	scheduled	2025-10-25 15:14:00.632	\N	\N	\N	2025-10-14 15:14:00.640225	2025-10-14 15:14:00.640225	\N	\N	\N	\N	\N	\N
9387	21	22	24	0	0	\N	BO3	regular_season	12	237	scheduled	2025-10-25 15:14:00.632	\N	\N	\N	2025-10-14 15:14:00.640225	2025-10-14 15:14:00.640225	\N	\N	\N	\N	\N	\N
9388	21	21	25	0	0	\N	BO3	regular_season	12	238	scheduled	2025-10-25 15:14:00.632	\N	\N	\N	2025-10-14 15:14:00.640225	2025-10-14 15:14:00.640225	\N	\N	\N	\N	\N	\N
9389	21	29	26	0	0	\N	BO3	regular_season	12	239	scheduled	2025-10-25 15:14:00.632	\N	\N	\N	2025-10-14 15:14:00.640225	2025-10-14 15:14:00.640225	\N	\N	\N	\N	\N	\N
9390	21	28	27	0	0	\N	BO3	regular_season	12	240	scheduled	2025-10-25 15:14:00.632	\N	\N	\N	2025-10-14 15:14:00.640225	2025-10-14 15:14:00.640225	\N	\N	\N	\N	\N	\N
9391	21	30	24	0	0	\N	BO3	regular_season	13	241	scheduled	2025-10-26 15:14:00.632	\N	\N	\N	2025-10-14 15:14:00.640225	2025-10-14 15:14:00.640225	\N	\N	\N	\N	\N	\N
9392	21	23	25	0	0	\N	BO3	regular_season	13	242	scheduled	2025-10-26 15:14:00.632	\N	\N	\N	2025-10-14 15:14:00.640225	2025-10-14 15:14:00.640225	\N	\N	\N	\N	\N	\N
9393	21	22	26	0	0	\N	BO3	regular_season	13	243	scheduled	2025-10-26 15:14:00.632	\N	\N	\N	2025-10-14 15:14:00.640225	2025-10-14 15:14:00.640225	\N	\N	\N	\N	\N	\N
9394	21	21	27	0	0	\N	BO3	regular_season	13	244	scheduled	2025-10-26 15:14:00.632	\N	\N	\N	2025-10-14 15:14:00.640225	2025-10-14 15:14:00.640225	\N	\N	\N	\N	\N	\N
9395	21	29	28	0	0	\N	BO3	regular_season	13	245	scheduled	2025-10-26 15:14:00.632	\N	\N	\N	2025-10-14 15:14:00.640225	2025-10-14 15:14:00.640225	\N	\N	\N	\N	\N	\N
9396	21	30	25	0	0	\N	BO3	regular_season	14	246	scheduled	2025-10-27 15:14:00.632	\N	\N	\N	2025-10-14 15:14:00.640225	2025-10-14 15:14:00.640225	\N	\N	\N	\N	\N	\N
9397	21	24	26	0	0	\N	BO3	regular_season	14	247	scheduled	2025-10-27 15:14:00.632	\N	\N	\N	2025-10-14 15:14:00.640225	2025-10-14 15:14:00.640225	\N	\N	\N	\N	\N	\N
9398	21	23	27	0	0	\N	BO3	regular_season	14	248	scheduled	2025-10-27 15:14:00.632	\N	\N	\N	2025-10-14 15:14:00.640225	2025-10-14 15:14:00.640225	\N	\N	\N	\N	\N	\N
9399	21	22	28	0	0	\N	BO3	regular_season	14	249	scheduled	2025-10-27 15:14:00.632	\N	\N	\N	2025-10-14 15:14:00.640225	2025-10-14 15:14:00.640225	\N	\N	\N	\N	\N	\N
9400	21	21	29	0	0	\N	BO3	regular_season	14	250	scheduled	2025-10-27 15:14:00.632	\N	\N	\N	2025-10-14 15:14:00.640225	2025-10-14 15:14:00.640225	\N	\N	\N	\N	\N	\N
9401	21	30	26	0	0	\N	BO3	regular_season	15	251	scheduled	2025-10-28 15:14:00.632	\N	\N	\N	2025-10-14 15:14:00.640225	2025-10-14 15:14:00.640225	\N	\N	\N	\N	\N	\N
9402	21	25	27	0	0	\N	BO3	regular_season	15	252	scheduled	2025-10-28 15:14:00.632	\N	\N	\N	2025-10-14 15:14:00.640225	2025-10-14 15:14:00.640225	\N	\N	\N	\N	\N	\N
9403	21	24	28	0	0	\N	BO3	regular_season	15	253	scheduled	2025-10-28 15:14:00.632	\N	\N	\N	2025-10-14 15:14:00.640225	2025-10-14 15:14:00.640225	\N	\N	\N	\N	\N	\N
9404	21	23	29	0	0	\N	BO3	regular_season	15	254	scheduled	2025-10-28 15:14:00.632	\N	\N	\N	2025-10-14 15:14:00.640225	2025-10-14 15:14:00.640225	\N	\N	\N	\N	\N	\N
9405	21	22	21	0	0	\N	BO3	regular_season	15	255	scheduled	2025-10-28 15:14:00.632	\N	\N	\N	2025-10-14 15:14:00.640225	2025-10-14 15:14:00.640225	\N	\N	\N	\N	\N	\N
9406	21	30	27	0	0	\N	BO3	regular_season	16	256	scheduled	2025-10-29 15:14:00.632	\N	\N	\N	2025-10-14 15:14:00.640225	2025-10-14 15:14:00.640225	\N	\N	\N	\N	\N	\N
9407	21	26	28	0	0	\N	BO3	regular_season	16	257	scheduled	2025-10-29 15:14:00.632	\N	\N	\N	2025-10-14 15:14:00.640225	2025-10-14 15:14:00.640225	\N	\N	\N	\N	\N	\N
9408	21	25	29	0	0	\N	BO3	regular_season	16	258	scheduled	2025-10-29 15:14:00.632	\N	\N	\N	2025-10-14 15:14:00.640225	2025-10-14 15:14:00.640225	\N	\N	\N	\N	\N	\N
9409	21	24	21	0	0	\N	BO3	regular_season	16	259	scheduled	2025-10-29 15:14:00.632	\N	\N	\N	2025-10-14 15:14:00.640225	2025-10-14 15:14:00.640225	\N	\N	\N	\N	\N	\N
9410	21	23	22	0	0	\N	BO3	regular_season	16	260	scheduled	2025-10-29 15:14:00.632	\N	\N	\N	2025-10-14 15:14:00.640225	2025-10-14 15:14:00.640225	\N	\N	\N	\N	\N	\N
9411	21	30	28	0	0	\N	BO3	regular_season	17	261	scheduled	2025-10-30 15:14:00.632	\N	\N	\N	2025-10-14 15:14:00.640225	2025-10-14 15:14:00.640225	\N	\N	\N	\N	\N	\N
9412	21	27	29	0	0	\N	BO3	regular_season	17	262	scheduled	2025-10-30 15:14:00.632	\N	\N	\N	2025-10-14 15:14:00.640225	2025-10-14 15:14:00.640225	\N	\N	\N	\N	\N	\N
9413	21	26	21	0	0	\N	BO3	regular_season	17	263	scheduled	2025-10-30 15:14:00.632	\N	\N	\N	2025-10-14 15:14:00.640225	2025-10-14 15:14:00.640225	\N	\N	\N	\N	\N	\N
9414	21	25	22	0	0	\N	BO3	regular_season	17	264	scheduled	2025-10-30 15:14:00.632	\N	\N	\N	2025-10-14 15:14:00.640225	2025-10-14 15:14:00.640225	\N	\N	\N	\N	\N	\N
9415	21	24	23	0	0	\N	BO3	regular_season	17	265	scheduled	2025-10-30 15:14:00.632	\N	\N	\N	2025-10-14 15:14:00.640225	2025-10-14 15:14:00.640225	\N	\N	\N	\N	\N	\N
9416	21	30	29	0	0	\N	BO3	regular_season	18	266	scheduled	2025-10-31 15:14:00.632	\N	\N	\N	2025-10-14 15:14:00.640225	2025-10-14 15:14:00.640225	\N	\N	\N	\N	\N	\N
9417	21	28	21	0	0	\N	BO3	regular_season	18	267	scheduled	2025-10-31 15:14:00.632	\N	\N	\N	2025-10-14 15:14:00.640225	2025-10-14 15:14:00.640225	\N	\N	\N	\N	\N	\N
9418	21	27	22	0	0	\N	BO3	regular_season	18	268	scheduled	2025-10-31 15:14:00.632	\N	\N	\N	2025-10-14 15:14:00.640225	2025-10-14 15:14:00.640225	\N	\N	\N	\N	\N	\N
9419	21	26	23	0	0	\N	BO3	regular_season	18	269	scheduled	2025-10-31 15:14:00.632	\N	\N	\N	2025-10-14 15:14:00.640225	2025-10-14 15:14:00.640225	\N	\N	\N	\N	\N	\N
9420	21	25	24	0	0	\N	BO3	regular_season	18	270	scheduled	2025-10-31 15:14:00.632	\N	\N	\N	2025-10-14 15:14:00.640225	2025-10-14 15:14:00.640225	\N	\N	\N	\N	\N	\N
9421	21	31	39	0	0	\N	BO3	regular_season	1	271	scheduled	2025-10-14 15:14:00.633	\N	\N	\N	2025-10-14 15:14:00.640225	2025-10-14 15:14:00.640225	\N	\N	\N	\N	\N	\N
9422	21	32	38	0	0	\N	BO3	regular_season	1	272	scheduled	2025-10-14 15:14:00.633	\N	\N	\N	2025-10-14 15:14:00.640225	2025-10-14 15:14:00.640225	\N	\N	\N	\N	\N	\N
9423	21	33	37	0	0	\N	BO3	regular_season	1	273	scheduled	2025-10-14 15:14:00.633	\N	\N	\N	2025-10-14 15:14:00.640225	2025-10-14 15:14:00.640225	\N	\N	\N	\N	\N	\N
9424	21	40	36	0	0	\N	BO3	regular_season	1	274	scheduled	2025-10-14 15:14:00.633	\N	\N	\N	2025-10-14 15:14:00.640225	2025-10-14 15:14:00.640225	\N	\N	\N	\N	\N	\N
9425	21	34	35	0	0	\N	BO3	regular_season	1	275	scheduled	2025-10-14 15:14:00.633	\N	\N	\N	2025-10-14 15:14:00.640225	2025-10-14 15:14:00.640225	\N	\N	\N	\N	\N	\N
9426	21	32	39	0	0	\N	BO3	regular_season	2	276	scheduled	2025-10-15 15:14:00.633	\N	\N	\N	2025-10-14 15:14:00.640225	2025-10-14 15:14:00.640225	\N	\N	\N	\N	\N	\N
9427	21	33	31	0	0	\N	BO3	regular_season	2	277	scheduled	2025-10-15 15:14:00.633	\N	\N	\N	2025-10-14 15:14:00.640225	2025-10-14 15:14:00.640225	\N	\N	\N	\N	\N	\N
9428	21	40	38	0	0	\N	BO3	regular_season	2	278	scheduled	2025-10-15 15:14:00.633	\N	\N	\N	2025-10-14 15:14:00.640225	2025-10-14 15:14:00.640225	\N	\N	\N	\N	\N	\N
9429	21	34	37	0	0	\N	BO3	regular_season	2	279	scheduled	2025-10-15 15:14:00.633	\N	\N	\N	2025-10-14 15:14:00.640225	2025-10-14 15:14:00.640225	\N	\N	\N	\N	\N	\N
9430	21	35	36	0	0	\N	BO3	regular_season	2	280	scheduled	2025-10-15 15:14:00.633	\N	\N	\N	2025-10-14 15:14:00.640225	2025-10-14 15:14:00.640225	\N	\N	\N	\N	\N	\N
9431	21	33	39	0	0	\N	BO3	regular_season	3	281	scheduled	2025-10-16 15:14:00.633	\N	\N	\N	2025-10-14 15:14:00.640225	2025-10-14 15:14:00.640225	\N	\N	\N	\N	\N	\N
9432	21	40	32	0	0	\N	BO3	regular_season	3	282	scheduled	2025-10-16 15:14:00.633	\N	\N	\N	2025-10-14 15:14:00.640225	2025-10-14 15:14:00.640225	\N	\N	\N	\N	\N	\N
9433	21	34	31	0	0	\N	BO3	regular_season	3	283	scheduled	2025-10-16 15:14:00.633	\N	\N	\N	2025-10-14 15:14:00.640225	2025-10-14 15:14:00.640225	\N	\N	\N	\N	\N	\N
9434	21	35	38	0	0	\N	BO3	regular_season	3	284	scheduled	2025-10-16 15:14:00.633	\N	\N	\N	2025-10-14 15:14:00.640225	2025-10-14 15:14:00.640225	\N	\N	\N	\N	\N	\N
9435	21	36	37	0	0	\N	BO3	regular_season	3	285	scheduled	2025-10-16 15:14:00.633	\N	\N	\N	2025-10-14 15:14:00.640225	2025-10-14 15:14:00.640225	\N	\N	\N	\N	\N	\N
9436	21	40	39	0	0	\N	BO3	regular_season	4	286	scheduled	2025-10-17 15:14:00.633	\N	\N	\N	2025-10-14 15:14:00.640225	2025-10-14 15:14:00.640225	\N	\N	\N	\N	\N	\N
9437	21	34	33	0	0	\N	BO3	regular_season	4	287	scheduled	2025-10-17 15:14:00.633	\N	\N	\N	2025-10-14 15:14:00.640225	2025-10-14 15:14:00.640225	\N	\N	\N	\N	\N	\N
9438	21	35	32	0	0	\N	BO3	regular_season	4	288	scheduled	2025-10-17 15:14:00.633	\N	\N	\N	2025-10-14 15:14:00.640225	2025-10-14 15:14:00.640225	\N	\N	\N	\N	\N	\N
9439	21	36	31	0	0	\N	BO3	regular_season	4	289	scheduled	2025-10-17 15:14:00.633	\N	\N	\N	2025-10-14 15:14:00.640225	2025-10-14 15:14:00.640225	\N	\N	\N	\N	\N	\N
9440	21	37	38	0	0	\N	BO3	regular_season	4	290	scheduled	2025-10-17 15:14:00.633	\N	\N	\N	2025-10-14 15:14:00.640225	2025-10-14 15:14:00.640225	\N	\N	\N	\N	\N	\N
9441	21	34	39	0	0	\N	BO3	regular_season	5	291	scheduled	2025-10-18 15:14:00.633	\N	\N	\N	2025-10-14 15:14:00.640225	2025-10-14 15:14:00.640225	\N	\N	\N	\N	\N	\N
9442	21	35	40	0	0	\N	BO3	regular_season	5	292	scheduled	2025-10-18 15:14:00.633	\N	\N	\N	2025-10-14 15:14:00.640225	2025-10-14 15:14:00.640225	\N	\N	\N	\N	\N	\N
9443	21	36	33	0	0	\N	BO3	regular_season	5	293	scheduled	2025-10-18 15:14:00.633	\N	\N	\N	2025-10-14 15:14:00.640225	2025-10-14 15:14:00.640225	\N	\N	\N	\N	\N	\N
9444	21	37	32	0	0	\N	BO3	regular_season	5	294	scheduled	2025-10-18 15:14:00.633	\N	\N	\N	2025-10-14 15:14:00.640225	2025-10-14 15:14:00.640225	\N	\N	\N	\N	\N	\N
9445	21	38	31	0	0	\N	BO3	regular_season	5	295	scheduled	2025-10-18 15:14:00.633	\N	\N	\N	2025-10-14 15:14:00.640225	2025-10-14 15:14:00.640225	\N	\N	\N	\N	\N	\N
9446	21	35	39	0	0	\N	BO3	regular_season	6	296	scheduled	2025-10-19 15:14:00.633	\N	\N	\N	2025-10-14 15:14:00.640225	2025-10-14 15:14:00.640225	\N	\N	\N	\N	\N	\N
9447	21	36	34	0	0	\N	BO3	regular_season	6	297	scheduled	2025-10-19 15:14:00.633	\N	\N	\N	2025-10-14 15:14:00.640225	2025-10-14 15:14:00.640225	\N	\N	\N	\N	\N	\N
9448	21	37	40	0	0	\N	BO3	regular_season	6	298	scheduled	2025-10-19 15:14:00.633	\N	\N	\N	2025-10-14 15:14:00.640225	2025-10-14 15:14:00.640225	\N	\N	\N	\N	\N	\N
9449	21	38	33	0	0	\N	BO3	regular_season	6	299	scheduled	2025-10-19 15:14:00.633	\N	\N	\N	2025-10-14 15:14:00.640225	2025-10-14 15:14:00.640225	\N	\N	\N	\N	\N	\N
9450	21	31	32	0	0	\N	BO3	regular_season	6	300	scheduled	2025-10-19 15:14:00.633	\N	\N	\N	2025-10-14 15:14:00.640225	2025-10-14 15:14:00.640225	\N	\N	\N	\N	\N	\N
9451	21	36	39	0	0	\N	BO3	regular_season	7	301	scheduled	2025-10-20 15:14:00.633	\N	\N	\N	2025-10-14 15:14:00.640225	2025-10-14 15:14:00.640225	\N	\N	\N	\N	\N	\N
9452	21	37	35	0	0	\N	BO3	regular_season	7	302	scheduled	2025-10-20 15:14:00.633	\N	\N	\N	2025-10-14 15:14:00.640225	2025-10-14 15:14:00.640225	\N	\N	\N	\N	\N	\N
9453	21	38	34	0	0	\N	BO3	regular_season	7	303	scheduled	2025-10-20 15:14:00.633	\N	\N	\N	2025-10-14 15:14:00.640225	2025-10-14 15:14:00.640225	\N	\N	\N	\N	\N	\N
9454	21	31	40	0	0	\N	BO3	regular_season	7	304	scheduled	2025-10-20 15:14:00.633	\N	\N	\N	2025-10-14 15:14:00.640225	2025-10-14 15:14:00.640225	\N	\N	\N	\N	\N	\N
9455	21	32	33	0	0	\N	BO3	regular_season	7	305	scheduled	2025-10-20 15:14:00.633	\N	\N	\N	2025-10-14 15:14:00.640225	2025-10-14 15:14:00.640225	\N	\N	\N	\N	\N	\N
9456	21	37	39	0	0	\N	BO3	regular_season	8	306	scheduled	2025-10-21 15:14:00.633	\N	\N	\N	2025-10-14 15:14:00.640225	2025-10-14 15:14:00.640225	\N	\N	\N	\N	\N	\N
9457	21	38	36	0	0	\N	BO3	regular_season	8	307	scheduled	2025-10-21 15:14:00.633	\N	\N	\N	2025-10-14 15:14:00.640225	2025-10-14 15:14:00.640225	\N	\N	\N	\N	\N	\N
9458	21	31	35	0	0	\N	BO3	regular_season	8	308	scheduled	2025-10-21 15:14:00.633	\N	\N	\N	2025-10-14 15:14:00.640225	2025-10-14 15:14:00.640225	\N	\N	\N	\N	\N	\N
9459	21	32	34	0	0	\N	BO3	regular_season	8	309	scheduled	2025-10-21 15:14:00.633	\N	\N	\N	2025-10-14 15:14:00.640225	2025-10-14 15:14:00.640225	\N	\N	\N	\N	\N	\N
9460	21	33	40	0	0	\N	BO3	regular_season	8	310	scheduled	2025-10-21 15:14:00.633	\N	\N	\N	2025-10-14 15:14:00.640225	2025-10-14 15:14:00.640225	\N	\N	\N	\N	\N	\N
9461	21	38	39	0	0	\N	BO3	regular_season	9	311	scheduled	2025-10-22 15:14:00.633	\N	\N	\N	2025-10-14 15:14:00.640225	2025-10-14 15:14:00.640225	\N	\N	\N	\N	\N	\N
9462	21	31	37	0	0	\N	BO3	regular_season	9	312	scheduled	2025-10-22 15:14:00.633	\N	\N	\N	2025-10-14 15:14:00.640225	2025-10-14 15:14:00.640225	\N	\N	\N	\N	\N	\N
9463	21	32	36	0	0	\N	BO3	regular_season	9	313	scheduled	2025-10-22 15:14:00.633	\N	\N	\N	2025-10-14 15:14:00.640225	2025-10-14 15:14:00.640225	\N	\N	\N	\N	\N	\N
9464	21	33	35	0	0	\N	BO3	regular_season	9	314	scheduled	2025-10-22 15:14:00.633	\N	\N	\N	2025-10-14 15:14:00.640225	2025-10-14 15:14:00.640225	\N	\N	\N	\N	\N	\N
9465	21	40	34	0	0	\N	BO3	regular_season	9	315	scheduled	2025-10-22 15:14:00.633	\N	\N	\N	2025-10-14 15:14:00.640225	2025-10-14 15:14:00.640225	\N	\N	\N	\N	\N	\N
9466	21	39	31	0	0	\N	BO3	regular_season	10	316	scheduled	2025-10-23 15:14:00.633	\N	\N	\N	2025-10-14 15:14:00.640225	2025-10-14 15:14:00.640225	\N	\N	\N	\N	\N	\N
9467	21	38	32	0	0	\N	BO3	regular_season	10	317	scheduled	2025-10-23 15:14:00.633	\N	\N	\N	2025-10-14 15:14:00.640225	2025-10-14 15:14:00.640225	\N	\N	\N	\N	\N	\N
9468	21	37	33	0	0	\N	BO3	regular_season	10	318	scheduled	2025-10-23 15:14:00.633	\N	\N	\N	2025-10-14 15:14:00.640225	2025-10-14 15:14:00.640225	\N	\N	\N	\N	\N	\N
9469	21	36	40	0	0	\N	BO3	regular_season	10	319	scheduled	2025-10-23 15:14:00.633	\N	\N	\N	2025-10-14 15:14:00.640225	2025-10-14 15:14:00.640225	\N	\N	\N	\N	\N	\N
9470	21	35	34	0	0	\N	BO3	regular_season	10	320	scheduled	2025-10-23 15:14:00.633	\N	\N	\N	2025-10-14 15:14:00.640225	2025-10-14 15:14:00.640225	\N	\N	\N	\N	\N	\N
9471	21	39	32	0	0	\N	BO3	regular_season	11	321	scheduled	2025-10-24 15:14:00.633	\N	\N	\N	2025-10-14 15:14:00.640225	2025-10-14 15:14:00.640225	\N	\N	\N	\N	\N	\N
9472	21	31	33	0	0	\N	BO3	regular_season	11	322	scheduled	2025-10-24 15:14:00.633	\N	\N	\N	2025-10-14 15:14:00.640225	2025-10-14 15:14:00.640225	\N	\N	\N	\N	\N	\N
9473	21	38	40	0	0	\N	BO3	regular_season	11	323	scheduled	2025-10-24 15:14:00.633	\N	\N	\N	2025-10-14 15:14:00.640225	2025-10-14 15:14:00.640225	\N	\N	\N	\N	\N	\N
9474	21	37	34	0	0	\N	BO3	regular_season	11	324	scheduled	2025-10-24 15:14:00.633	\N	\N	\N	2025-10-14 15:14:00.640225	2025-10-14 15:14:00.640225	\N	\N	\N	\N	\N	\N
9475	21	36	35	0	0	\N	BO3	regular_season	11	325	scheduled	2025-10-24 15:14:00.633	\N	\N	\N	2025-10-14 15:14:00.640225	2025-10-14 15:14:00.640225	\N	\N	\N	\N	\N	\N
9476	21	39	33	0	0	\N	BO3	regular_season	12	326	scheduled	2025-10-25 15:14:00.633	\N	\N	\N	2025-10-14 15:14:00.640225	2025-10-14 15:14:00.640225	\N	\N	\N	\N	\N	\N
9477	21	32	40	0	0	\N	BO3	regular_season	12	327	scheduled	2025-10-25 15:14:00.633	\N	\N	\N	2025-10-14 15:14:00.640225	2025-10-14 15:14:00.640225	\N	\N	\N	\N	\N	\N
9478	21	31	34	0	0	\N	BO3	regular_season	12	328	scheduled	2025-10-25 15:14:00.633	\N	\N	\N	2025-10-14 15:14:00.640225	2025-10-14 15:14:00.640225	\N	\N	\N	\N	\N	\N
9479	21	38	35	0	0	\N	BO3	regular_season	12	329	scheduled	2025-10-25 15:14:00.633	\N	\N	\N	2025-10-14 15:14:00.640225	2025-10-14 15:14:00.640225	\N	\N	\N	\N	\N	\N
9480	21	37	36	0	0	\N	BO3	regular_season	12	330	scheduled	2025-10-25 15:14:00.633	\N	\N	\N	2025-10-14 15:14:00.640225	2025-10-14 15:14:00.640225	\N	\N	\N	\N	\N	\N
9481	21	39	40	0	0	\N	BO3	regular_season	13	331	scheduled	2025-10-26 15:14:00.633	\N	\N	\N	2025-10-14 15:14:00.640225	2025-10-14 15:14:00.640225	\N	\N	\N	\N	\N	\N
9482	21	33	34	0	0	\N	BO3	regular_season	13	332	scheduled	2025-10-26 15:14:00.633	\N	\N	\N	2025-10-14 15:14:00.640225	2025-10-14 15:14:00.640225	\N	\N	\N	\N	\N	\N
9483	21	32	35	0	0	\N	BO3	regular_season	13	333	scheduled	2025-10-26 15:14:00.633	\N	\N	\N	2025-10-14 15:14:00.640225	2025-10-14 15:14:00.640225	\N	\N	\N	\N	\N	\N
9484	21	31	36	0	0	\N	BO3	regular_season	13	334	scheduled	2025-10-26 15:14:00.633	\N	\N	\N	2025-10-14 15:14:00.640225	2025-10-14 15:14:00.640225	\N	\N	\N	\N	\N	\N
9485	21	38	37	0	0	\N	BO3	regular_season	13	335	scheduled	2025-10-26 15:14:00.633	\N	\N	\N	2025-10-14 15:14:00.640225	2025-10-14 15:14:00.640225	\N	\N	\N	\N	\N	\N
9486	21	39	34	0	0	\N	BO3	regular_season	14	336	scheduled	2025-10-27 15:14:00.633	\N	\N	\N	2025-10-14 15:14:00.640225	2025-10-14 15:14:00.640225	\N	\N	\N	\N	\N	\N
9487	21	40	35	0	0	\N	BO3	regular_season	14	337	scheduled	2025-10-27 15:14:00.633	\N	\N	\N	2025-10-14 15:14:00.640225	2025-10-14 15:14:00.640225	\N	\N	\N	\N	\N	\N
9488	21	33	36	0	0	\N	BO3	regular_season	14	338	scheduled	2025-10-27 15:14:00.633	\N	\N	\N	2025-10-14 15:14:00.640225	2025-10-14 15:14:00.640225	\N	\N	\N	\N	\N	\N
9489	21	32	37	0	0	\N	BO3	regular_season	14	339	scheduled	2025-10-27 15:14:00.633	\N	\N	\N	2025-10-14 15:14:00.640225	2025-10-14 15:14:00.640225	\N	\N	\N	\N	\N	\N
9490	21	31	38	0	0	\N	BO3	regular_season	14	340	scheduled	2025-10-27 15:14:00.633	\N	\N	\N	2025-10-14 15:14:00.640225	2025-10-14 15:14:00.640225	\N	\N	\N	\N	\N	\N
9491	21	39	35	0	0	\N	BO3	regular_season	15	341	scheduled	2025-10-28 15:14:00.633	\N	\N	\N	2025-10-14 15:14:00.640225	2025-10-14 15:14:00.640225	\N	\N	\N	\N	\N	\N
9492	21	34	36	0	0	\N	BO3	regular_season	15	342	scheduled	2025-10-28 15:14:00.633	\N	\N	\N	2025-10-14 15:14:00.640225	2025-10-14 15:14:00.640225	\N	\N	\N	\N	\N	\N
9493	21	40	37	0	0	\N	BO3	regular_season	15	343	scheduled	2025-10-28 15:14:00.633	\N	\N	\N	2025-10-14 15:14:00.640225	2025-10-14 15:14:00.640225	\N	\N	\N	\N	\N	\N
9494	21	33	38	0	0	\N	BO3	regular_season	15	344	scheduled	2025-10-28 15:14:00.633	\N	\N	\N	2025-10-14 15:14:00.640225	2025-10-14 15:14:00.640225	\N	\N	\N	\N	\N	\N
9495	21	32	31	0	0	\N	BO3	regular_season	15	345	scheduled	2025-10-28 15:14:00.633	\N	\N	\N	2025-10-14 15:14:00.640225	2025-10-14 15:14:00.640225	\N	\N	\N	\N	\N	\N
9496	21	39	36	0	0	\N	BO3	regular_season	16	346	scheduled	2025-10-29 15:14:00.633	\N	\N	\N	2025-10-14 15:14:00.640225	2025-10-14 15:14:00.640225	\N	\N	\N	\N	\N	\N
9497	21	35	37	0	0	\N	BO3	regular_season	16	347	scheduled	2025-10-29 15:14:00.633	\N	\N	\N	2025-10-14 15:14:00.640225	2025-10-14 15:14:00.640225	\N	\N	\N	\N	\N	\N
9498	21	34	38	0	0	\N	BO3	regular_season	16	348	scheduled	2025-10-29 15:14:00.633	\N	\N	\N	2025-10-14 15:14:00.640225	2025-10-14 15:14:00.640225	\N	\N	\N	\N	\N	\N
9499	21	40	31	0	0	\N	BO3	regular_season	16	349	scheduled	2025-10-29 15:14:00.633	\N	\N	\N	2025-10-14 15:14:00.640225	2025-10-14 15:14:00.640225	\N	\N	\N	\N	\N	\N
9500	21	33	32	0	0	\N	BO3	regular_season	16	350	scheduled	2025-10-29 15:14:00.633	\N	\N	\N	2025-10-14 15:14:00.640225	2025-10-14 15:14:00.640225	\N	\N	\N	\N	\N	\N
9501	21	39	37	0	0	\N	BO3	regular_season	17	351	scheduled	2025-10-30 15:14:00.633	\N	\N	\N	2025-10-14 15:14:00.640225	2025-10-14 15:14:00.640225	\N	\N	\N	\N	\N	\N
9502	21	36	38	0	0	\N	BO3	regular_season	17	352	scheduled	2025-10-30 15:14:00.633	\N	\N	\N	2025-10-14 15:14:00.640225	2025-10-14 15:14:00.640225	\N	\N	\N	\N	\N	\N
9503	21	35	31	0	0	\N	BO3	regular_season	17	353	scheduled	2025-10-30 15:14:00.633	\N	\N	\N	2025-10-14 15:14:00.640225	2025-10-14 15:14:00.640225	\N	\N	\N	\N	\N	\N
9504	21	34	32	0	0	\N	BO3	regular_season	17	354	scheduled	2025-10-30 15:14:00.633	\N	\N	\N	2025-10-14 15:14:00.640225	2025-10-14 15:14:00.640225	\N	\N	\N	\N	\N	\N
9505	21	40	33	0	0	\N	BO3	regular_season	17	355	scheduled	2025-10-30 15:14:00.633	\N	\N	\N	2025-10-14 15:14:00.640225	2025-10-14 15:14:00.640225	\N	\N	\N	\N	\N	\N
9506	21	39	38	0	0	\N	BO3	regular_season	18	356	scheduled	2025-10-31 15:14:00.633	\N	\N	\N	2025-10-14 15:14:00.640225	2025-10-14 15:14:00.640225	\N	\N	\N	\N	\N	\N
9507	21	37	31	0	0	\N	BO3	regular_season	18	357	scheduled	2025-10-31 15:14:00.633	\N	\N	\N	2025-10-14 15:14:00.640225	2025-10-14 15:14:00.640225	\N	\N	\N	\N	\N	\N
9508	21	36	32	0	0	\N	BO3	regular_season	18	358	scheduled	2025-10-31 15:14:00.633	\N	\N	\N	2025-10-14 15:14:00.640225	2025-10-14 15:14:00.640225	\N	\N	\N	\N	\N	\N
9509	21	35	33	0	0	\N	BO3	regular_season	18	359	scheduled	2025-10-31 15:14:00.633	\N	\N	\N	2025-10-14 15:14:00.640225	2025-10-14 15:14:00.640225	\N	\N	\N	\N	\N	\N
9510	21	34	40	0	0	\N	BO3	regular_season	18	360	scheduled	2025-10-31 15:14:00.633	\N	\N	\N	2025-10-14 15:14:00.640225	2025-10-14 15:14:00.640225	\N	\N	\N	\N	\N	\N
\.


--
-- Data for Name: matches_backup; Type: TABLE DATA; Schema: public; Owner: postgres
--

COPY public.matches_backup (id, competition_id, team_a_id, team_b_id, score_a, score_b, winner_id, format, phase, round_number, match_number, status, scheduled_at, started_at, completed_at, notes, created_at, updated_at) FROM stdin;
6633	1	3	8	0	2	8	BO3	regular_season	1	3	completed	2025-10-12 08:53:06.277	\N	2025-10-12 08:54:38.487	\N	2025-10-12 08:53:06.281711	2025-10-12 08:54:38.487431
6634	1	4	7	0	2	7	BO3	regular_season	1	4	completed	2025-10-12 08:53:06.277	\N	2025-10-12 08:54:38.491	\N	2025-10-12 08:53:06.281711	2025-10-12 08:54:38.491493
6635	1	5	6	0	2	6	BO3	regular_season	1	5	completed	2025-10-12 08:53:06.277	\N	2025-10-12 08:54:38.495	\N	2025-10-12 08:53:06.281711	2025-10-12 08:54:38.495462
6631	1	1	10	0	2	10	BO3	regular_season	1	1	completed	2025-10-12 08:53:06.277	\N	2025-10-12 08:54:38.499	\N	2025-10-12 08:53:06.281711	2025-10-12 08:54:38.500026
6637	1	3	1	0	2	1	BO3	regular_season	2	7	completed	2025-10-13 08:53:06.277	\N	2025-10-12 08:54:38.985	\N	2025-10-12 08:53:06.281711	2025-10-12 08:54:38.986083
6639	1	5	8	0	2	8	BO3	regular_season	2	9	completed	2025-10-13 08:53:06.277	\N	2025-10-12 08:54:38.993	\N	2025-10-12 08:53:06.281711	2025-10-12 08:54:38.993738
6640	1	6	7	0	2	7	BO3	regular_season	2	10	completed	2025-10-13 08:53:06.277	\N	2025-10-12 08:54:38.996	\N	2025-10-12 08:53:06.281711	2025-10-12 08:54:38.996597
6636	1	2	10	0	2	10	BO3	regular_season	2	6	completed	2025-10-13 08:53:06.277	\N	2025-10-12 08:54:39.002	\N	2025-10-12 08:53:06.281711	2025-10-12 08:54:39.002474
6642	1	4	2	0	2	2	BO3	regular_season	3	12	completed	2025-10-14 08:53:06.277	\N	2025-10-12 08:54:39.501	\N	2025-10-12 08:53:06.281711	2025-10-12 08:54:39.501694
6643	1	5	1	0	2	1	BO3	regular_season	3	13	completed	2025-10-14 08:53:06.277	\N	2025-10-12 08:54:39.505	\N	2025-10-12 08:53:06.281711	2025-10-12 08:54:39.505121
6644	1	6	9	0	2	9	BO3	regular_season	3	14	completed	2025-10-14 08:53:06.277	\N	2025-10-12 08:54:39.509	\N	2025-10-12 08:53:06.281711	2025-10-12 08:54:39.509364
6641	1	3	10	0	2	10	BO3	regular_season	3	11	completed	2025-10-14 08:53:06.277	\N	2025-10-12 08:54:39.533	\N	2025-10-12 08:53:06.281711	2025-10-12 08:54:39.533902
6647	1	5	3	0	2	3	BO3	regular_season	4	17	completed	2025-10-15 08:53:06.277	\N	2025-10-12 08:54:40.046	\N	2025-10-12 08:53:06.281711	2025-10-12 08:54:40.046254
6648	1	6	2	0	2	2	BO3	regular_season	4	18	completed	2025-10-15 08:53:06.277	\N	2025-10-12 08:54:40.05	\N	2025-10-12 08:53:06.281711	2025-10-12 08:54:40.05036
6649	1	7	1	0	2	1	BO3	regular_season	4	19	completed	2025-10-15 08:53:06.277	\N	2025-10-12 08:54:40.054	\N	2025-10-12 08:53:06.281711	2025-10-12 08:54:40.054539
6650	1	8	9	0	2	9	BO3	regular_season	4	20	completed	2025-10-15 08:53:06.277	\N	2025-10-12 08:54:40.057	\N	2025-10-12 08:53:06.281711	2025-10-12 08:54:40.057884
6646	1	4	10	0	2	10	BO3	regular_season	4	16	completed	2025-10-15 08:53:06.277	\N	2025-10-12 08:54:40.06	\N	2025-10-12 08:53:06.281711	2025-10-12 08:54:40.060697
6653	1	7	3	0	2	3	BO3	regular_season	5	23	completed	2025-10-16 08:53:06.277	\N	2025-10-12 08:54:40.562	\N	2025-10-12 08:53:06.281711	2025-10-12 08:54:40.562197
6654	1	8	2	0	2	2	BO3	regular_season	5	24	completed	2025-10-16 08:53:06.277	\N	2025-10-12 08:54:40.563	\N	2025-10-12 08:53:06.281711	2025-10-12 08:54:40.564043
6655	1	9	1	0	2	1	BO3	regular_season	5	25	completed	2025-10-16 08:53:06.277	\N	2025-10-12 08:54:40.57	\N	2025-10-12 08:53:06.281711	2025-10-12 08:54:40.570837
6651	1	5	10	0	2	10	BO3	regular_season	5	21	completed	2025-10-16 08:53:06.277	\N	2025-10-12 08:54:40.573	\N	2025-10-12 08:53:06.281711	2025-10-12 08:54:40.573236
6657	1	7	5	0	2	5	BO3	regular_season	6	27	completed	2025-10-17 08:53:06.277	\N	2025-10-12 08:54:41.04	\N	2025-10-12 08:53:06.281711	2025-10-12 08:54:41.040592
6658	1	8	4	0	2	4	BO3	regular_season	6	28	completed	2025-10-17 08:53:06.277	\N	2025-10-12 08:54:41.042	\N	2025-10-12 08:53:06.281711	2025-10-12 08:54:41.042617
6660	1	1	2	0	2	2	BO3	regular_season	6	30	completed	2025-10-17 08:53:06.277	\N	2025-10-12 08:54:41.048	\N	2025-10-12 08:53:06.281711	2025-10-12 08:54:41.04884
6656	1	6	10	0	2	10	BO3	regular_season	6	26	completed	2025-10-17 08:53:06.277	\N	2025-10-12 08:54:41.051	\N	2025-10-12 08:53:06.281711	2025-10-12 08:54:41.051835
6662	1	8	6	0	2	6	BO3	regular_season	7	32	completed	2025-10-18 08:53:06.277	\N	2025-10-12 08:54:41.544	\N	2025-10-12 08:53:06.281711	2025-10-12 08:54:41.54468
6663	1	9	5	0	2	5	BO3	regular_season	7	33	completed	2025-10-18 08:53:06.277	\N	2025-10-12 08:54:41.548	\N	2025-10-12 08:53:06.281711	2025-10-12 08:54:41.548438
6664	1	1	4	0	2	4	BO3	regular_season	7	34	completed	2025-10-18 08:53:06.277	\N	2025-10-12 08:54:41.554	\N	2025-10-12 08:53:06.281711	2025-10-12 08:54:41.554248
6665	1	2	3	0	2	3	BO3	regular_season	7	35	completed	2025-10-18 08:53:06.277	\N	2025-10-12 08:54:41.556	\N	2025-10-12 08:53:06.281711	2025-10-12 08:54:41.557088
6667	1	9	7	0	2	7	BO3	regular_season	8	37	completed	2025-10-19 08:53:06.277	\N	2025-10-12 08:54:42.072	\N	2025-10-12 08:53:06.281711	2025-10-12 08:54:42.072508
6668	1	1	6	0	2	6	BO3	regular_season	8	38	completed	2025-10-19 08:53:06.277	\N	2025-10-12 08:54:42.075	\N	2025-10-12 08:53:06.281711	2025-10-12 08:54:42.075477
6669	1	2	5	0	2	5	BO3	regular_season	8	39	completed	2025-10-19 08:53:06.277	\N	2025-10-12 08:54:42.078	\N	2025-10-12 08:53:06.281711	2025-10-12 08:54:42.078587
6670	1	3	4	0	2	4	BO3	regular_season	8	40	completed	2025-10-19 08:53:06.277	\N	2025-10-12 08:54:42.08	\N	2025-10-12 08:53:06.281711	2025-10-12 08:54:42.080703
6666	1	8	10	0	2	10	BO3	regular_season	8	36	completed	2025-10-19 08:53:06.277	\N	2025-10-12 08:54:42.084	\N	2025-10-12 08:53:06.281711	2025-10-12 08:54:42.084682
6672	1	1	8	0	2	8	BO3	regular_season	9	42	completed	2025-10-20 08:53:06.277	\N	2025-10-12 08:54:42.586	\N	2025-10-12 08:53:06.281711	2025-10-12 08:54:42.58707
6674	1	3	6	0	2	6	BO3	regular_season	9	44	completed	2025-10-20 08:53:06.277	\N	2025-10-12 08:54:42.591	\N	2025-10-12 08:53:06.281711	2025-10-12 08:54:42.591879
6675	1	4	5	0	2	5	BO3	regular_season	9	45	completed	2025-10-20 08:53:06.277	\N	2025-10-12 08:54:42.593	\N	2025-10-12 08:53:06.281711	2025-10-12 08:54:42.593496
6671	1	9	10	0	2	10	BO3	regular_season	9	41	completed	2025-10-20 08:53:06.277	\N	2025-10-12 08:54:42.596	\N	2025-10-12 08:53:06.281711	2025-10-12 08:54:42.59703
6677	1	9	2	0	2	2	BO3	regular_season	10	47	completed	2025-10-21 08:53:06.277	\N	2025-10-12 08:54:43.077	\N	2025-10-12 08:53:06.281711	2025-10-12 08:54:43.077478
6678	1	8	3	0	2	3	BO3	regular_season	10	48	completed	2025-10-21 08:53:06.277	\N	2025-10-12 08:54:43.08	\N	2025-10-12 08:53:06.281711	2025-10-12 08:54:43.08022
6679	1	7	4	0	2	4	BO3	regular_season	10	49	completed	2025-10-21 08:53:06.277	\N	2025-10-12 08:54:43.082	\N	2025-10-12 08:53:06.281711	2025-10-12 08:54:43.082698
6676	1	10	1	0	2	1	BO3	regular_season	10	46	completed	2025-10-21 08:53:06.277	\N	2025-10-12 08:54:43.087	\N	2025-10-12 08:53:06.281711	2025-10-12 08:54:43.087201
6682	1	1	3	0	2	3	BO3	regular_season	11	52	completed	2025-10-22 08:53:06.277	\N	2025-10-12 08:54:43.617	\N	2025-10-12 08:53:06.281711	2025-10-12 08:54:43.617555
6683	1	9	4	0	2	4	BO3	regular_season	11	53	completed	2025-10-22 08:53:06.277	\N	2025-10-12 08:54:43.618	\N	2025-10-12 08:53:06.281711	2025-10-12 08:54:43.61903
6684	1	8	5	0	2	5	BO3	regular_season	11	54	completed	2025-10-22 08:53:06.277	\N	2025-10-12 08:54:43.62	\N	2025-10-12 08:53:06.281711	2025-10-12 08:54:43.620374
6685	1	7	6	0	2	6	BO3	regular_season	11	55	completed	2025-10-22 08:53:06.277	\N	2025-10-12 08:54:43.621	\N	2025-10-12 08:53:06.281711	2025-10-12 08:54:43.621594
6681	1	10	2	0	2	2	BO3	regular_season	11	51	completed	2025-10-22 08:53:06.277	\N	2025-10-12 08:54:43.622	\N	2025-10-12 08:53:06.281711	2025-10-12 08:54:43.62297
6688	1	1	5	0	2	5	BO3	regular_season	12	58	completed	2025-10-23 08:53:06.277	\N	2025-10-12 08:54:44.054	\N	2025-10-12 08:53:06.281711	2025-10-12 08:54:44.055084
6689	1	9	6	0	2	6	BO3	regular_season	12	59	completed	2025-10-23 08:53:06.277	\N	2025-10-12 08:54:44.057	\N	2025-10-12 08:53:06.281711	2025-10-12 08:54:44.05787
6690	1	8	7	0	2	7	BO3	regular_season	12	60	completed	2025-10-23 08:53:06.277	\N	2025-10-12 08:54:44.06	\N	2025-10-12 08:53:06.281711	2025-10-12 08:54:44.060193
6686	1	10	3	0	2	3	BO3	regular_season	12	56	completed	2025-10-23 08:53:06.277	\N	2025-10-12 08:54:44.062	\N	2025-10-12 08:53:06.281711	2025-10-12 08:54:44.062748
6692	1	3	5	0	2	5	BO3	regular_season	13	62	completed	2025-10-24 08:53:06.277	\N	2025-10-12 08:54:44.557	\N	2025-10-12 08:53:06.281711	2025-10-12 08:54:44.557174
6693	1	2	6	0	2	6	BO3	regular_season	13	63	completed	2025-10-24 08:53:06.277	\N	2025-10-12 08:54:44.559	\N	2025-10-12 08:53:06.281711	2025-10-12 08:54:44.559246
6695	1	9	8	0	2	8	BO3	regular_season	13	65	completed	2025-10-24 08:53:06.277	\N	2025-10-12 08:54:44.563	\N	2025-10-12 08:53:06.281711	2025-10-12 08:54:44.563941
6691	1	10	4	0	2	4	BO3	regular_season	13	61	completed	2025-10-24 08:53:06.277	\N	2025-10-12 08:54:44.567	\N	2025-10-12 08:53:06.281711	2025-10-12 08:54:44.567331
6722	1	12	19	0	2	19	BO3	regular_season	1	92	completed	2025-10-12 08:53:06.278	\N	2025-10-12 08:54:38.418	\N	2025-10-12 08:53:06.281711	2025-10-12 08:54:38.418533
6723	1	13	18	0	2	18	BO3	regular_season	1	93	completed	2025-10-12 08:53:06.278	\N	2025-10-12 08:54:38.428	\N	2025-10-12 08:53:06.281711	2025-10-12 08:54:38.428967
6724	1	14	17	0	2	17	BO3	regular_season	1	94	completed	2025-10-12 08:53:06.278	\N	2025-10-12 08:54:38.431	\N	2025-10-12 08:53:06.281711	2025-10-12 08:54:38.431613
6725	1	15	16	0	2	16	BO3	regular_season	1	95	completed	2025-10-12 08:53:06.278	\N	2025-10-12 08:54:38.437	\N	2025-10-12 08:53:06.281711	2025-10-12 08:54:38.438675
6726	1	12	20	0	2	20	BO3	regular_season	2	96	completed	2025-10-13 08:53:06.278	\N	2025-10-12 08:54:38.946	\N	2025-10-12 08:53:06.281711	2025-10-12 08:54:38.946746
6728	1	14	19	0	2	19	BO3	regular_season	2	98	completed	2025-10-13 08:53:06.278	\N	2025-10-12 08:54:38.952	\N	2025-10-12 08:53:06.281711	2025-10-12 08:54:38.952876
6729	1	15	18	0	2	18	BO3	regular_season	2	99	completed	2025-10-13 08:53:06.278	\N	2025-10-12 08:54:38.955	\N	2025-10-12 08:53:06.281711	2025-10-12 08:54:38.955465
6730	1	16	17	0	2	17	BO3	regular_season	2	100	completed	2025-10-13 08:53:06.278	\N	2025-10-12 08:54:38.958	\N	2025-10-12 08:53:06.281711	2025-10-12 08:54:38.958342
6731	1	13	20	0	2	20	BO3	regular_season	3	101	completed	2025-10-14 08:53:06.278	\N	2025-10-12 08:54:39.448	\N	2025-10-12 08:53:06.281711	2025-10-12 08:54:39.449061
6732	1	14	12	0	2	12	BO3	regular_season	3	102	completed	2025-10-14 08:53:06.278	\N	2025-10-12 08:54:39.453	\N	2025-10-12 08:53:06.281711	2025-10-12 08:54:39.453721
6733	1	15	11	0	2	11	BO3	regular_season	3	103	completed	2025-10-14 08:53:06.278	\N	2025-10-12 08:54:39.456	\N	2025-10-12 08:53:06.281711	2025-10-12 08:54:39.456512
6735	1	17	18	0	2	18	BO3	regular_season	3	105	completed	2025-10-14 08:53:06.278	\N	2025-10-12 08:54:39.462	\N	2025-10-12 08:53:06.281711	2025-10-12 08:54:39.462894
6736	1	14	20	0	2	20	BO3	regular_season	4	106	completed	2025-10-15 08:53:06.278	\N	2025-10-12 08:54:39.993	\N	2025-10-12 08:53:06.281711	2025-10-12 08:54:39.993609
6737	1	15	13	0	2	13	BO3	regular_season	4	107	completed	2025-10-15 08:53:06.278	\N	2025-10-12 08:54:39.996	\N	2025-10-12 08:53:06.281711	2025-10-12 08:54:39.996725
6738	1	16	12	0	2	12	BO3	regular_season	4	108	completed	2025-10-15 08:53:06.278	\N	2025-10-12 08:54:40	\N	2025-10-12 08:53:06.281711	2025-10-12 08:54:40.000596
6739	1	17	11	0	2	11	BO3	regular_season	4	109	completed	2025-10-15 08:53:06.278	\N	2025-10-12 08:54:40.004	\N	2025-10-12 08:53:06.281711	2025-10-12 08:54:40.004546
6740	1	18	19	0	2	19	BO3	regular_season	4	110	completed	2025-10-15 08:53:06.278	\N	2025-10-12 08:54:40.013	\N	2025-10-12 08:53:06.281711	2025-10-12 08:54:40.013605
6742	1	16	14	0	2	14	BO3	regular_season	5	112	completed	2025-10-16 08:53:06.278	\N	2025-10-12 08:54:40.512	\N	2025-10-12 08:53:06.281711	2025-10-12 08:54:40.51214
6743	1	17	13	0	2	13	BO3	regular_season	5	113	completed	2025-10-16 08:53:06.278	\N	2025-10-12 08:54:40.514	\N	2025-10-12 08:53:06.281711	2025-10-12 08:54:40.514859
6744	1	18	12	0	2	12	BO3	regular_season	5	114	completed	2025-10-16 08:53:06.278	\N	2025-10-12 08:54:40.517	\N	2025-10-12 08:53:06.281711	2025-10-12 08:54:40.517543
6745	1	19	11	0	2	11	BO3	regular_season	5	115	completed	2025-10-16 08:53:06.278	\N	2025-10-12 08:54:40.52	\N	2025-10-12 08:53:06.281711	2025-10-12 08:54:40.520304
6746	1	16	20	0	2	20	BO3	regular_season	6	116	completed	2025-10-17 08:53:06.278	\N	2025-10-12 08:54:40.99	\N	2025-10-12 08:53:06.281711	2025-10-12 08:54:40.99048
6747	1	17	15	0	2	15	BO3	regular_season	6	117	completed	2025-10-17 08:53:06.278	\N	2025-10-12 08:54:40.993	\N	2025-10-12 08:53:06.281711	2025-10-12 08:54:40.994032
6749	1	19	13	0	2	13	BO3	regular_season	6	119	completed	2025-10-17 08:53:06.278	\N	2025-10-12 08:54:40.999	\N	2025-10-12 08:53:06.281711	2025-10-12 08:54:40.99931
6750	1	11	12	0	2	12	BO3	regular_season	6	120	completed	2025-10-17 08:53:06.278	\N	2025-10-12 08:54:41.003	\N	2025-10-12 08:53:06.281711	2025-10-12 08:54:41.003342
6751	1	17	20	0	2	20	BO3	regular_season	7	121	completed	2025-10-18 08:53:06.278	\N	2025-10-12 08:54:41.495	\N	2025-10-12 08:53:06.281711	2025-10-12 08:54:41.495746
6752	1	18	16	0	2	16	BO3	regular_season	7	122	completed	2025-10-18 08:53:06.278	\N	2025-10-12 08:54:41.498	\N	2025-10-12 08:53:06.281711	2025-10-12 08:54:41.498143
6753	1	19	15	0	2	15	BO3	regular_season	7	123	completed	2025-10-18 08:53:06.278	\N	2025-10-12 08:54:41.504	\N	2025-10-12 08:53:06.281711	2025-10-12 08:54:41.504314
6754	1	11	14	0	2	14	BO3	regular_season	7	124	completed	2025-10-18 08:53:06.278	\N	2025-10-12 08:54:41.507	\N	2025-10-12 08:53:06.281711	2025-10-12 08:54:41.507503
6756	1	18	20	0	2	20	BO3	regular_season	8	126	completed	2025-10-19 08:53:06.278	\N	2025-10-12 08:54:42.028	\N	2025-10-12 08:53:06.281711	2025-10-12 08:54:42.028802
6757	1	19	17	0	2	17	BO3	regular_season	8	127	completed	2025-10-19 08:53:06.278	\N	2025-10-12 08:54:42.03	\N	2025-10-12 08:53:06.281711	2025-10-12 08:54:42.031163
6758	1	11	16	0	2	16	BO3	regular_season	8	128	completed	2025-10-19 08:53:06.278	\N	2025-10-12 08:54:42.036	\N	2025-10-12 08:53:06.281711	2025-10-12 08:54:42.036846
6759	1	12	15	0	2	15	BO3	regular_season	8	129	completed	2025-10-19 08:53:06.278	\N	2025-10-12 08:54:42.039	\N	2025-10-12 08:53:06.281711	2025-10-12 08:54:42.039208
6760	1	13	14	0	2	14	BO3	regular_season	8	130	completed	2025-10-19 08:53:06.278	\N	2025-10-12 08:54:42.042	\N	2025-10-12 08:53:06.281711	2025-10-12 08:54:42.042304
6697	1	4	6	0	2	6	BO3	regular_season	14	67	completed	2025-10-25 08:53:06.277	\N	2025-10-12 08:54:45.055	\N	2025-10-12 08:53:06.281711	2025-10-12 08:54:45.055204
6699	1	2	8	0	2	8	BO3	regular_season	14	69	completed	2025-10-25 08:53:06.277	\N	2025-10-12 08:54:45.063	\N	2025-10-12 08:53:06.281711	2025-10-12 08:54:45.063469
6700	1	1	9	0	2	9	BO3	regular_season	14	70	completed	2025-10-25 08:53:06.277	\N	2025-10-12 08:54:45.066	\N	2025-10-12 08:53:06.281711	2025-10-12 08:54:45.066826
6696	1	10	5	0	2	5	BO3	regular_season	14	66	completed	2025-10-25 08:53:06.277	\N	2025-10-12 08:54:45.068	\N	2025-10-12 08:53:06.281711	2025-10-12 08:54:45.068991
6701	1	10	6	0	2	6	BO3	regular_season	15	71	completed	2025-10-26 08:53:06.277	\N	2025-10-12 08:54:45.515	\N	2025-10-12 08:53:06.281711	2025-10-12 08:54:45.515358
6702	1	5	7	0	2	7	BO3	regular_season	15	72	completed	2025-10-26 08:53:06.277	\N	2025-10-12 08:54:45.517	\N	2025-10-12 08:53:06.281711	2025-10-12 08:54:45.51794
6703	1	4	8	0	2	8	BO3	regular_season	15	73	completed	2025-10-26 08:53:06.277	\N	2025-10-12 08:54:45.52	\N	2025-10-12 08:53:06.281711	2025-10-12 08:54:45.520773
6705	1	2	1	0	2	1	BO3	regular_season	15	75	completed	2025-10-26 08:53:06.277	\N	2025-10-12 08:54:45.525	\N	2025-10-12 08:53:06.281711	2025-10-12 08:54:45.52557
6706	1	10	7	0	2	7	BO3	regular_season	16	76	completed	2025-10-27 08:53:06.277	\N	2025-10-12 08:54:45.967	\N	2025-10-12 08:53:06.281711	2025-10-12 08:54:45.967629
6707	1	6	8	0	2	8	BO3	regular_season	16	77	completed	2025-10-27 08:53:06.277	\N	2025-10-12 08:54:45.97	\N	2025-10-12 08:53:06.281711	2025-10-12 08:54:45.970245
6708	1	5	9	0	2	9	BO3	regular_season	16	78	completed	2025-10-27 08:53:06.277	\N	2025-10-12 08:54:45.973	\N	2025-10-12 08:53:06.281711	2025-10-12 08:54:45.97321
6709	1	4	1	0	2	1	BO3	regular_season	16	79	completed	2025-10-27 08:53:06.277	\N	2025-10-12 08:54:45.975	\N	2025-10-12 08:53:06.281711	2025-10-12 08:54:45.975573
6710	1	3	2	0	2	2	BO3	regular_season	16	80	completed	2025-10-27 08:53:06.277	\N	2025-10-12 08:54:45.98	\N	2025-10-12 08:53:06.281711	2025-10-12 08:54:45.980723
6713	1	6	1	0	2	1	BO3	regular_season	17	83	completed	2025-10-28 08:53:06.277	\N	2025-10-12 08:54:46.447	\N	2025-10-12 08:53:06.281711	2025-10-12 08:54:46.448047
6714	1	5	2	0	2	2	BO3	regular_season	17	84	completed	2025-10-28 08:53:06.277	\N	2025-10-12 08:54:46.449	\N	2025-10-12 08:53:06.281711	2025-10-12 08:54:46.449808
6715	1	4	3	0	2	3	BO3	regular_season	17	85	completed	2025-10-28 08:53:06.277	\N	2025-10-12 08:54:46.451	\N	2025-10-12 08:53:06.281711	2025-10-12 08:54:46.451238
6711	1	10	8	0	2	8	BO3	regular_season	17	81	completed	2025-10-28 08:53:06.277	\N	2025-10-12 08:54:46.452	\N	2025-10-12 08:53:06.281711	2025-10-12 08:54:46.452867
6717	1	8	1	0	2	1	BO3	regular_season	18	87	completed	2025-10-29 08:53:06.277	\N	2025-10-12 08:54:46.901	\N	2025-10-12 08:53:06.281711	2025-10-12 08:54:46.901868
6718	1	7	2	0	2	2	BO3	regular_season	18	88	completed	2025-10-29 08:53:06.277	\N	2025-10-12 08:54:46.904	\N	2025-10-12 08:53:06.281711	2025-10-12 08:54:46.904112
6720	1	5	4	0	2	4	BO3	regular_season	18	90	completed	2025-10-29 08:53:06.277	\N	2025-10-12 08:54:46.908	\N	2025-10-12 08:53:06.281711	2025-10-12 08:54:46.908689
6716	1	10	9	0	2	9	BO3	regular_season	18	86	completed	2025-10-29 08:53:06.277	\N	2025-10-12 08:54:46.91	\N	2025-10-12 08:53:06.281711	2025-10-12 08:54:46.910677
6812	1	22	29	0	2	29	BO3	regular_season	1	182	completed	2025-10-12 08:53:06.278	\N	2025-10-12 08:54:38.444	\N	2025-10-12 08:53:06.281711	2025-10-12 08:54:38.444945
6813	1	23	28	0	2	28	BO3	regular_season	1	183	completed	2025-10-12 08:53:06.278	\N	2025-10-12 08:54:38.449	\N	2025-10-12 08:53:06.281711	2025-10-12 08:54:38.449276
6814	1	24	27	0	2	27	BO3	regular_season	1	184	completed	2025-10-12 08:53:06.278	\N	2025-10-12 08:54:38.451	\N	2025-10-12 08:53:06.281711	2025-10-12 08:54:38.452086
6815	1	25	26	0	2	26	BO3	regular_season	1	185	completed	2025-10-12 08:53:06.278	\N	2025-10-12 08:54:38.454	\N	2025-10-12 08:53:06.281711	2025-10-12 08:54:38.454956
6816	1	22	30	0	2	30	BO3	regular_season	2	186	completed	2025-10-13 08:53:06.278	\N	2025-10-12 08:54:38.939	\N	2025-10-12 08:53:06.281711	2025-10-12 08:54:38.939142
6818	1	24	29	0	2	29	BO3	regular_season	2	188	completed	2025-10-13 08:53:06.278	\N	2025-10-12 08:54:38.962	\N	2025-10-12 08:53:06.281711	2025-10-12 08:54:38.963046
6819	1	25	28	0	2	28	BO3	regular_season	2	189	completed	2025-10-13 08:53:06.278	\N	2025-10-12 08:54:38.967	\N	2025-10-12 08:53:06.281711	2025-10-12 08:54:38.967603
6820	1	26	27	0	2	27	BO3	regular_season	2	190	completed	2025-10-13 08:53:06.278	\N	2025-10-12 08:54:38.97	\N	2025-10-12 08:53:06.281711	2025-10-12 08:54:38.970439
6821	1	23	30	0	2	30	BO3	regular_season	3	191	completed	2025-10-14 08:53:06.278	\N	2025-10-12 08:54:39.438	\N	2025-10-12 08:53:06.281711	2025-10-12 08:54:39.438327
6822	1	24	22	0	2	22	BO3	regular_season	3	192	completed	2025-10-14 08:53:06.278	\N	2025-10-12 08:54:39.466	\N	2025-10-12 08:53:06.281711	2025-10-12 08:54:39.466861
6823	1	25	21	0	2	21	BO3	regular_season	3	193	completed	2025-10-14 08:53:06.278	\N	2025-10-12 08:54:39.47	\N	2025-10-12 08:53:06.281711	2025-10-12 08:54:39.470777
6825	1	27	28	0	2	28	BO3	regular_season	3	195	completed	2025-10-14 08:53:06.278	\N	2025-10-12 08:54:39.479	\N	2025-10-12 08:53:06.281711	2025-10-12 08:54:39.479341
6761	1	19	20	0	2	20	BO3	regular_season	9	131	completed	2025-10-20 08:53:06.278	\N	2025-10-12 08:54:42.537	\N	2025-10-12 08:53:06.281711	2025-10-12 08:54:42.537183
6762	1	11	18	0	2	18	BO3	regular_season	9	132	completed	2025-10-20 08:53:06.278	\N	2025-10-12 08:54:42.539	\N	2025-10-12 08:53:06.281711	2025-10-12 08:54:42.540026
6763	1	12	17	0	2	17	BO3	regular_season	9	133	completed	2025-10-20 08:53:06.278	\N	2025-10-12 08:54:42.544	\N	2025-10-12 08:53:06.281711	2025-10-12 08:54:42.544794
6764	1	13	16	0	2	16	BO3	regular_season	9	134	completed	2025-10-20 08:53:06.278	\N	2025-10-12 08:54:42.547	\N	2025-10-12 08:53:06.281711	2025-10-12 08:54:42.547391
6765	1	14	15	0	2	15	BO3	regular_season	9	135	completed	2025-10-20 08:53:06.278	\N	2025-10-12 08:54:42.55	\N	2025-10-12 08:53:06.281711	2025-10-12 08:54:42.550887
6767	1	19	12	0	2	12	BO3	regular_season	10	137	completed	2025-10-21 08:53:06.278	\N	2025-10-12 08:54:43.01	\N	2025-10-12 08:53:06.281711	2025-10-12 08:54:43.011009
6768	1	18	13	0	2	13	BO3	regular_season	10	138	completed	2025-10-21 08:53:06.278	\N	2025-10-12 08:54:43.013	\N	2025-10-12 08:53:06.281711	2025-10-12 08:54:43.013717
6769	1	17	14	0	2	14	BO3	regular_season	10	139	completed	2025-10-21 08:53:06.278	\N	2025-10-12 08:54:43.021	\N	2025-10-12 08:53:06.281711	2025-10-12 08:54:43.021555
6770	1	16	15	0	2	15	BO3	regular_season	10	140	completed	2025-10-21 08:53:06.278	\N	2025-10-12 08:54:43.025	\N	2025-10-12 08:53:06.281711	2025-10-12 08:54:43.0253
6771	1	20	12	0	2	12	BO3	regular_season	11	141	completed	2025-10-22 08:53:06.278	\N	2025-10-12 08:54:43.569	\N	2025-10-12 08:53:06.281711	2025-10-12 08:54:43.570024
6772	1	11	13	0	2	13	BO3	regular_season	11	142	completed	2025-10-22 08:53:06.278	\N	2025-10-12 08:54:43.573	\N	2025-10-12 08:53:06.281711	2025-10-12 08:54:43.573875
6774	1	18	15	0	2	15	BO3	regular_season	11	144	completed	2025-10-22 08:53:06.278	\N	2025-10-12 08:54:43.579	\N	2025-10-12 08:53:06.281711	2025-10-12 08:54:43.57927
6775	1	17	16	0	2	16	BO3	regular_season	11	145	completed	2025-10-22 08:53:06.278	\N	2025-10-12 08:54:43.581	\N	2025-10-12 08:53:06.281711	2025-10-12 08:54:43.581545
6776	1	20	13	0	2	13	BO3	regular_season	12	146	completed	2025-10-23 08:53:06.278	\N	2025-10-12 08:54:43.998	\N	2025-10-12 08:53:06.281711	2025-10-12 08:54:43.998951
6777	1	12	14	0	2	14	BO3	regular_season	12	147	completed	2025-10-23 08:53:06.278	\N	2025-10-12 08:54:44.011	\N	2025-10-12 08:53:06.281711	2025-10-12 08:54:44.011323
6778	1	11	15	0	2	15	BO3	regular_season	12	148	completed	2025-10-23 08:53:06.278	\N	2025-10-12 08:54:44.019	\N	2025-10-12 08:53:06.281711	2025-10-12 08:54:44.019332
6779	1	19	16	0	2	16	BO3	regular_season	12	149	completed	2025-10-23 08:53:06.278	\N	2025-10-12 08:54:44.021	\N	2025-10-12 08:53:06.281711	2025-10-12 08:54:44.021854
6781	1	20	14	0	2	14	BO3	regular_season	13	151	completed	2025-10-24 08:53:06.278	\N	2025-10-12 08:54:44.505	\N	2025-10-12 08:53:06.281711	2025-10-12 08:54:44.505606
6782	1	13	15	0	2	15	BO3	regular_season	13	152	completed	2025-10-24 08:53:06.278	\N	2025-10-12 08:54:44.511	\N	2025-10-12 08:53:06.281711	2025-10-12 08:54:44.511389
6783	1	12	16	0	2	16	BO3	regular_season	13	153	completed	2025-10-24 08:53:06.278	\N	2025-10-12 08:54:44.513	\N	2025-10-12 08:53:06.281711	2025-10-12 08:54:44.513859
6784	1	11	17	0	2	17	BO3	regular_season	13	154	completed	2025-10-24 08:53:06.278	\N	2025-10-12 08:54:44.516	\N	2025-10-12 08:53:06.281711	2025-10-12 08:54:44.516897
6785	1	19	18	0	2	18	BO3	regular_season	13	155	completed	2025-10-24 08:53:06.278	\N	2025-10-12 08:54:44.519	\N	2025-10-12 08:53:06.281711	2025-10-12 08:54:44.519852
6786	1	20	15	0	2	15	BO3	regular_season	14	156	completed	2025-10-25 08:53:06.278	\N	2025-10-12 08:54:44.998	\N	2025-10-12 08:53:06.281711	2025-10-12 08:54:44.998388
6788	1	13	17	0	2	17	BO3	regular_season	14	158	completed	2025-10-25 08:53:06.278	\N	2025-10-12 08:54:45.01	\N	2025-10-12 08:53:06.281711	2025-10-12 08:54:45.010629
6789	1	12	18	0	2	18	BO3	regular_season	14	159	completed	2025-10-25 08:53:06.278	\N	2025-10-12 08:54:45.013	\N	2025-10-12 08:53:06.281711	2025-10-12 08:54:45.014186
6790	1	11	19	0	2	19	BO3	regular_season	14	160	completed	2025-10-25 08:53:06.278	\N	2025-10-12 08:54:45.019	\N	2025-10-12 08:53:06.281711	2025-10-12 08:54:45.019763
6791	1	20	16	0	2	16	BO3	regular_season	15	161	completed	2025-10-26 08:53:06.278	\N	2025-10-12 08:54:45.477	\N	2025-10-12 08:53:06.281711	2025-10-12 08:54:45.477775
6792	1	15	17	0	2	17	BO3	regular_season	15	162	completed	2025-10-26 08:53:06.278	\N	2025-10-12 08:54:45.479	\N	2025-10-12 08:53:06.281711	2025-10-12 08:54:45.479915
6793	1	14	18	0	2	18	BO3	regular_season	15	163	completed	2025-10-26 08:53:06.278	\N	2025-10-12 08:54:45.482	\N	2025-10-12 08:53:06.281711	2025-10-12 08:54:45.482202
6795	1	12	11	0	2	11	BO3	regular_season	15	165	completed	2025-10-26 08:53:06.278	\N	2025-10-12 08:54:45.488	\N	2025-10-12 08:53:06.281711	2025-10-12 08:54:45.488431
6796	1	20	17	0	2	17	BO3	regular_season	16	166	completed	2025-10-27 08:53:06.278	\N	2025-10-12 08:54:45.922	\N	2025-10-12 08:53:06.281711	2025-10-12 08:54:45.922184
6797	1	16	18	0	2	18	BO3	regular_season	16	167	completed	2025-10-27 08:53:06.278	\N	2025-10-12 08:54:45.925	\N	2025-10-12 08:53:06.281711	2025-10-12 08:54:45.925634
6798	1	15	19	0	2	19	BO3	regular_season	16	168	completed	2025-10-27 08:53:06.278	\N	2025-10-12 08:54:45.928	\N	2025-10-12 08:53:06.281711	2025-10-12 08:54:45.928658
6799	1	14	11	0	2	11	BO3	regular_season	16	169	completed	2025-10-27 08:53:06.278	\N	2025-10-12 08:54:45.931	\N	2025-10-12 08:53:06.281711	2025-10-12 08:54:45.931718
6800	1	13	12	0	2	12	BO3	regular_season	16	170	completed	2025-10-27 08:53:06.278	\N	2025-10-12 08:54:45.936	\N	2025-10-12 08:53:06.281711	2025-10-12 08:54:45.936807
6802	1	17	19	0	2	19	BO3	regular_season	17	172	completed	2025-10-28 08:53:06.278	\N	2025-10-12 08:54:46.392	\N	2025-10-12 08:53:06.281711	2025-10-12 08:54:46.39245
6803	1	16	11	0	2	11	BO3	regular_season	17	173	completed	2025-10-28 08:53:06.278	\N	2025-10-12 08:54:46.394	\N	2025-10-12 08:53:06.281711	2025-10-12 08:54:46.394411
6804	1	15	12	0	2	12	BO3	regular_season	17	174	completed	2025-10-28 08:53:06.278	\N	2025-10-12 08:54:46.397	\N	2025-10-12 08:53:06.281711	2025-10-12 08:54:46.397373
6805	1	14	13	0	2	13	BO3	regular_season	17	175	completed	2025-10-28 08:53:06.278	\N	2025-10-12 08:54:46.402	\N	2025-10-12 08:53:06.281711	2025-10-12 08:54:46.402373
6806	1	20	19	0	2	19	BO3	regular_season	18	176	completed	2025-10-29 08:53:06.278	\N	2025-10-12 08:54:46.876	\N	2025-10-12 08:53:06.281711	2025-10-12 08:54:46.876132
6807	1	18	11	0	2	11	BO3	regular_season	18	177	completed	2025-10-29 08:53:06.278	\N	2025-10-12 08:54:46.879	\N	2025-10-12 08:53:06.281711	2025-10-12 08:54:46.879368
6809	1	16	13	0	2	13	BO3	regular_season	18	179	completed	2025-10-29 08:53:06.278	\N	2025-10-12 08:54:46.884	\N	2025-10-12 08:53:06.281711	2025-10-12 08:54:46.884583
6810	1	15	14	0	2	14	BO3	regular_season	18	180	completed	2025-10-29 08:53:06.278	\N	2025-10-12 08:54:46.887	\N	2025-10-12 08:53:06.281711	2025-10-12 08:54:46.887591
6827	1	25	23	0	2	23	BO3	regular_season	4	197	completed	2025-10-15 08:53:06.278	\N	2025-10-12 08:54:40.016	\N	2025-10-12 08:53:06.281711	2025-10-12 08:54:40.016109
6828	1	26	22	0	2	22	BO3	regular_season	4	198	completed	2025-10-15 08:53:06.278	\N	2025-10-12 08:54:40.019	\N	2025-10-12 08:53:06.281711	2025-10-12 08:54:40.019187
6829	1	27	21	0	2	21	BO3	regular_season	4	199	completed	2025-10-15 08:53:06.278	\N	2025-10-12 08:54:40.022	\N	2025-10-12 08:53:06.281711	2025-10-12 08:54:40.022644
6830	1	28	29	0	2	29	BO3	regular_season	4	200	completed	2025-10-15 08:53:06.278	\N	2025-10-12 08:54:40.025	\N	2025-10-12 08:53:06.281711	2025-10-12 08:54:40.025873
6831	1	25	30	0	2	30	BO3	regular_season	5	201	completed	2025-10-16 08:53:06.278	\N	2025-10-12 08:54:40.505	\N	2025-10-12 08:53:06.281711	2025-10-12 08:54:40.505299
6833	1	27	23	0	2	23	BO3	regular_season	5	203	completed	2025-10-16 08:53:06.278	\N	2025-10-12 08:54:40.524	\N	2025-10-12 08:53:06.281711	2025-10-12 08:54:40.524841
6834	1	28	22	0	2	22	BO3	regular_season	5	204	completed	2025-10-16 08:53:06.278	\N	2025-10-12 08:54:40.527	\N	2025-10-12 08:53:06.281711	2025-10-12 08:54:40.52753
6835	1	29	21	0	2	21	BO3	regular_season	5	205	completed	2025-10-16 08:53:06.278	\N	2025-10-12 08:54:40.53	\N	2025-10-12 08:53:06.281711	2025-10-12 08:54:40.530578
6836	1	26	30	0	2	30	BO3	regular_season	6	206	completed	2025-10-17 08:53:06.278	\N	2025-10-12 08:54:40.985	\N	2025-10-12 08:53:06.281711	2025-10-12 08:54:40.986123
6837	1	27	25	0	2	25	BO3	regular_season	6	207	completed	2025-10-17 08:53:06.278	\N	2025-10-12 08:54:41.005	\N	2025-10-12 08:53:06.281711	2025-10-12 08:54:41.005313
6838	1	28	24	0	2	24	BO3	regular_season	6	208	completed	2025-10-17 08:53:06.278	\N	2025-10-12 08:54:41.008	\N	2025-10-12 08:53:06.281711	2025-10-12 08:54:41.008366
6840	1	21	22	0	2	22	BO3	regular_season	6	210	completed	2025-10-17 08:53:06.278	\N	2025-10-12 08:54:41.014	\N	2025-10-12 08:53:06.281711	2025-10-12 08:54:41.014419
6841	1	27	30	0	2	30	BO3	regular_season	7	211	completed	2025-10-18 08:53:06.278	\N	2025-10-12 08:54:41.49	\N	2025-10-12 08:53:06.281711	2025-10-12 08:54:41.490131
6842	1	28	26	0	2	26	BO3	regular_season	7	212	completed	2025-10-18 08:53:06.278	\N	2025-10-12 08:54:41.511	\N	2025-10-12 08:53:06.281711	2025-10-12 08:54:41.511775
6843	1	29	25	0	2	25	BO3	regular_season	7	213	completed	2025-10-18 08:53:06.278	\N	2025-10-12 08:54:41.514	\N	2025-10-12 08:53:06.281711	2025-10-12 08:54:41.514459
6844	1	21	24	0	2	24	BO3	regular_season	7	214	completed	2025-10-18 08:53:06.278	\N	2025-10-12 08:54:41.519	\N	2025-10-12 08:53:06.281711	2025-10-12 08:54:41.519935
6845	1	22	23	0	2	23	BO3	regular_season	7	215	completed	2025-10-18 08:53:06.278	\N	2025-10-12 08:54:41.522	\N	2025-10-12 08:53:06.281711	2025-10-12 08:54:41.523034
6847	1	29	27	0	2	27	BO3	regular_season	8	217	completed	2025-10-19 08:53:06.278	\N	2025-10-12 08:54:42.045	\N	2025-10-12 08:53:06.281711	2025-10-12 08:54:42.045541
6848	1	21	26	0	2	26	BO3	regular_season	8	218	completed	2025-10-19 08:53:06.278	\N	2025-10-12 08:54:42.049	\N	2025-10-12 08:53:06.281711	2025-10-12 08:54:42.049199
6849	1	22	25	0	2	25	BO3	regular_season	8	219	completed	2025-10-19 08:53:06.278	\N	2025-10-12 08:54:42.052	\N	2025-10-12 08:53:06.281711	2025-10-12 08:54:42.052509
6850	1	23	24	0	2	24	BO3	regular_season	8	220	completed	2025-10-19 08:53:06.278	\N	2025-10-12 08:54:42.055	\N	2025-10-12 08:53:06.281711	2025-10-12 08:54:42.055144
6851	1	29	30	0	2	30	BO3	regular_season	9	221	completed	2025-10-20 08:53:06.278	\N	2025-10-12 08:54:42.531	\N	2025-10-12 08:53:06.281711	2025-10-12 08:54:42.531803
6852	1	21	28	0	2	28	BO3	regular_season	9	222	completed	2025-10-20 08:53:06.278	\N	2025-10-12 08:54:42.558	\N	2025-10-12 08:53:06.281711	2025-10-12 08:54:42.55869
6854	1	23	26	0	2	26	BO3	regular_season	9	224	completed	2025-10-20 08:53:06.278	\N	2025-10-12 08:54:42.57	\N	2025-10-12 08:53:06.281711	2025-10-12 08:54:42.570608
6855	1	24	25	0	2	25	BO3	regular_season	9	225	completed	2025-10-20 08:53:06.278	\N	2025-10-12 08:54:42.573	\N	2025-10-12 08:53:06.281711	2025-10-12 08:54:42.573269
6856	1	30	21	0	2	21	BO3	regular_season	10	226	completed	2025-10-21 08:53:06.278	\N	2025-10-12 08:54:43.002	\N	2025-10-12 08:53:06.281711	2025-10-12 08:54:43.002592
6857	1	29	22	0	2	22	BO3	regular_season	10	227	completed	2025-10-21 08:53:06.278	\N	2025-10-12 08:54:43.042	\N	2025-10-12 08:53:06.281711	2025-10-12 08:54:43.042892
6858	1	28	23	0	2	23	BO3	regular_season	10	228	completed	2025-10-21 08:53:06.278	\N	2025-10-12 08:54:43.053	\N	2025-10-12 08:53:06.281711	2025-10-12 08:54:43.053426
6859	1	27	24	0	2	24	BO3	regular_season	10	229	completed	2025-10-21 08:53:06.278	\N	2025-10-12 08:54:43.058	\N	2025-10-12 08:53:06.281711	2025-10-12 08:54:43.058092
6861	1	30	22	0	2	22	BO3	regular_season	11	231	completed	2025-10-22 08:53:06.278	\N	2025-10-12 08:54:43.566	\N	2025-10-12 08:53:06.281711	2025-10-12 08:54:43.566267
6862	1	21	23	0	2	23	BO3	regular_season	11	232	completed	2025-10-22 08:53:06.278	\N	2025-10-12 08:54:43.584	\N	2025-10-12 08:53:06.281711	2025-10-12 08:54:43.584227
6863	1	29	24	0	2	24	BO3	regular_season	11	233	completed	2025-10-22 08:53:06.278	\N	2025-10-12 08:54:43.587	\N	2025-10-12 08:53:06.281711	2025-10-12 08:54:43.587463
6864	1	28	25	0	2	25	BO3	regular_season	11	234	completed	2025-10-22 08:53:06.278	\N	2025-10-12 08:54:43.589	\N	2025-10-12 08:53:06.281711	2025-10-12 08:54:43.589905
6865	1	27	26	0	2	26	BO3	regular_season	11	235	completed	2025-10-22 08:53:06.278	\N	2025-10-12 08:54:43.594	\N	2025-10-12 08:53:06.281711	2025-10-12 08:54:43.594479
6866	1	30	23	0	2	23	BO3	regular_season	12	236	completed	2025-10-23 08:53:06.278	\N	2025-10-12 08:54:43.995	\N	2025-10-12 08:53:06.281711	2025-10-12 08:54:43.995508
6868	1	21	25	0	2	25	BO3	regular_season	12	238	completed	2025-10-23 08:53:06.278	\N	2025-10-12 08:54:44.028	\N	2025-10-12 08:53:06.281711	2025-10-12 08:54:44.028224
6869	1	29	26	0	2	26	BO3	regular_season	12	239	completed	2025-10-23 08:53:06.278	\N	2025-10-12 08:54:44.031	\N	2025-10-12 08:53:06.281711	2025-10-12 08:54:44.031755
6870	1	28	27	0	2	27	BO3	regular_season	12	240	completed	2025-10-23 08:53:06.278	\N	2025-10-12 08:54:44.034	\N	2025-10-12 08:53:06.281711	2025-10-12 08:54:44.03451
6871	1	30	24	0	2	24	BO3	regular_season	13	241	completed	2025-10-24 08:53:06.278	\N	2025-10-12 08:54:44.502	\N	2025-10-12 08:53:06.281711	2025-10-12 08:54:44.502417
6872	1	23	25	0	2	25	BO3	regular_season	13	242	completed	2025-10-24 08:53:06.278	\N	2025-10-12 08:54:44.522	\N	2025-10-12 08:53:06.281711	2025-10-12 08:54:44.522357
6873	1	22	26	0	2	26	BO3	regular_season	13	243	completed	2025-10-24 08:53:06.278	\N	2025-10-12 08:54:44.525	\N	2025-10-12 08:53:06.281711	2025-10-12 08:54:44.526025
6875	1	29	28	0	2	28	BO3	regular_season	13	245	completed	2025-10-24 08:53:06.278	\N	2025-10-12 08:54:44.536	\N	2025-10-12 08:53:06.281711	2025-10-12 08:54:44.536921
6876	1	30	25	0	2	25	BO3	regular_season	14	246	completed	2025-10-25 08:53:06.278	\N	2025-10-12 08:54:44.995	\N	2025-10-12 08:53:06.281711	2025-10-12 08:54:44.995436
6877	1	24	26	0	2	26	BO3	regular_season	14	247	completed	2025-10-25 08:53:06.278	\N	2025-10-12 08:54:45.024	\N	2025-10-12 08:53:06.281711	2025-10-12 08:54:45.024559
6878	1	23	27	0	2	27	BO3	regular_season	14	248	completed	2025-10-25 08:53:06.278	\N	2025-10-12 08:54:45.028	\N	2025-10-12 08:53:06.281711	2025-10-12 08:54:45.028413
6879	1	22	28	0	2	28	BO3	regular_season	14	249	completed	2025-10-25 08:53:06.278	\N	2025-10-12 08:54:45.033	\N	2025-10-12 08:53:06.281711	2025-10-12 08:54:45.0339
6880	1	21	29	0	2	29	BO3	regular_season	14	250	completed	2025-10-25 08:53:06.278	\N	2025-10-12 08:54:45.035	\N	2025-10-12 08:53:06.281711	2025-10-12 08:54:45.035962
6882	1	25	27	0	2	27	BO3	regular_season	15	252	completed	2025-10-26 08:53:06.278	\N	2025-10-12 08:54:45.49	\N	2025-10-12 08:53:06.281711	2025-10-12 08:54:45.490997
6883	1	24	28	0	2	28	BO3	regular_season	15	253	completed	2025-10-26 08:53:06.278	\N	2025-10-12 08:54:45.493	\N	2025-10-12 08:53:06.281711	2025-10-12 08:54:45.493566
6884	1	23	29	0	2	29	BO3	regular_season	15	254	completed	2025-10-26 08:53:06.278	\N	2025-10-12 08:54:45.496	\N	2025-10-12 08:53:06.281711	2025-10-12 08:54:45.496097
6885	1	22	21	0	2	21	BO3	regular_season	15	255	completed	2025-10-26 08:53:06.278	\N	2025-10-12 08:54:45.498	\N	2025-10-12 08:53:06.281711	2025-10-12 08:54:45.49844
6886	1	30	27	0	2	27	BO3	regular_season	16	256	completed	2025-10-27 08:53:06.278	\N	2025-10-12 08:54:45.912	\N	2025-10-12 08:53:06.281711	2025-10-12 08:54:45.913026
6887	1	26	28	0	2	28	BO3	regular_season	16	257	completed	2025-10-27 08:53:06.278	\N	2025-10-12 08:54:45.939	\N	2025-10-12 08:53:06.281711	2025-10-12 08:54:45.940023
6889	1	24	21	0	2	21	BO3	regular_season	16	259	completed	2025-10-27 08:53:06.278	\N	2025-10-12 08:54:45.946	\N	2025-10-12 08:53:06.281711	2025-10-12 08:54:45.946434
6890	1	23	22	0	2	22	BO3	regular_season	16	260	completed	2025-10-27 08:53:06.278	\N	2025-10-12 08:54:45.952	\N	2025-10-12 08:53:06.281711	2025-10-12 08:54:45.952816
6902	1	32	39	0	2	39	BO3	regular_season	1	272	completed	2025-10-12 08:53:06.278	\N	2025-10-12 08:54:38.465	\N	2025-10-12 08:53:06.281711	2025-10-12 08:54:38.465963
6903	1	33	38	0	2	38	BO3	regular_season	1	273	completed	2025-10-12 08:53:06.278	\N	2025-10-12 08:54:38.468	\N	2025-10-12 08:53:06.281711	2025-10-12 08:54:38.468473
6904	1	34	37	0	2	37	BO3	regular_season	1	274	completed	2025-10-12 08:53:06.278	\N	2025-10-12 08:54:38.47	\N	2025-10-12 08:53:06.281711	2025-10-12 08:54:38.471007
6905	1	35	36	0	2	36	BO3	regular_season	1	275	completed	2025-10-12 08:53:06.278	\N	2025-10-12 08:54:38.474	\N	2025-10-12 08:53:06.281711	2025-10-12 08:54:38.474773
6906	1	32	40	0	2	40	BO3	regular_season	2	276	completed	2025-10-13 08:53:06.278	\N	2025-10-12 08:54:38.973	\N	2025-10-12 08:53:06.281711	2025-10-12 08:54:38.973342
6908	1	34	39	0	2	39	BO3	regular_season	2	278	completed	2025-10-13 08:53:06.278	\N	2025-10-12 08:54:38.977	\N	2025-10-12 08:53:06.281711	2025-10-12 08:54:38.97799
6909	1	35	38	0	2	38	BO3	regular_season	2	279	completed	2025-10-13 08:53:06.278	\N	2025-10-12 08:54:38.98	\N	2025-10-12 08:53:06.281711	2025-10-12 08:54:38.980543
6910	1	36	37	0	2	37	BO3	regular_season	2	280	completed	2025-10-13 08:53:06.278	\N	2025-10-12 08:54:38.983	\N	2025-10-12 08:53:06.281711	2025-10-12 08:54:38.983312
6911	1	33	40	0	2	40	BO3	regular_season	3	281	completed	2025-10-14 08:53:06.278	\N	2025-10-12 08:54:39.488	\N	2025-10-12 08:53:06.281711	2025-10-12 08:54:39.48856
6912	1	34	32	0	2	32	BO3	regular_season	3	282	completed	2025-10-14 08:53:06.278	\N	2025-10-12 08:54:39.491	\N	2025-10-12 08:53:06.281711	2025-10-12 08:54:39.491274
6913	1	35	31	0	2	31	BO3	regular_season	3	283	completed	2025-10-14 08:53:06.278	\N	2025-10-12 08:54:39.493	\N	2025-10-12 08:53:06.281711	2025-10-12 08:54:39.493281
6915	1	37	38	0	2	38	BO3	regular_season	3	285	completed	2025-10-14 08:53:06.278	\N	2025-10-12 08:54:39.498	\N	2025-10-12 08:53:06.281711	2025-10-12 08:54:39.499008
6916	1	34	40	0	2	40	BO3	regular_season	4	286	completed	2025-10-15 08:53:06.278	\N	2025-10-12 08:54:40.028	\N	2025-10-12 08:53:06.281711	2025-10-12 08:54:40.028518
6917	1	35	33	0	2	33	BO3	regular_season	4	287	completed	2025-10-15 08:53:06.278	\N	2025-10-12 08:54:40.03	\N	2025-10-12 08:53:06.281711	2025-10-12 08:54:40.031114
6918	1	36	32	0	2	32	BO3	regular_season	4	288	completed	2025-10-15 08:53:06.278	\N	2025-10-12 08:54:40.034	\N	2025-10-12 08:53:06.281711	2025-10-12 08:54:40.034094
6919	1	37	31	0	2	31	BO3	regular_season	4	289	completed	2025-10-15 08:53:06.278	\N	2025-10-12 08:54:40.037	\N	2025-10-12 08:53:06.281711	2025-10-12 08:54:40.037963
6920	1	38	39	0	2	39	BO3	regular_season	4	290	completed	2025-10-15 08:53:06.278	\N	2025-10-12 08:54:40.041	\N	2025-10-12 08:53:06.281711	2025-10-12 08:54:40.041426
6922	1	36	34	0	2	34	BO3	regular_season	5	292	completed	2025-10-16 08:53:06.278	\N	2025-10-12 08:54:40.541	\N	2025-10-12 08:53:06.281711	2025-10-12 08:54:40.542085
6923	1	37	33	0	2	33	BO3	regular_season	5	293	completed	2025-10-16 08:53:06.278	\N	2025-10-12 08:54:40.547	\N	2025-10-12 08:53:06.281711	2025-10-12 08:54:40.547441
6924	1	38	32	0	2	32	BO3	regular_season	5	294	completed	2025-10-16 08:53:06.278	\N	2025-10-12 08:54:40.553	\N	2025-10-12 08:53:06.281711	2025-10-12 08:54:40.553956
6925	1	39	31	0	2	31	BO3	regular_season	5	295	completed	2025-10-16 08:53:06.278	\N	2025-10-12 08:54:40.557	\N	2025-10-12 08:53:06.281711	2025-10-12 08:54:40.557627
6926	1	36	40	0	2	40	BO3	regular_season	6	296	completed	2025-10-17 08:53:06.278	\N	2025-10-12 08:54:41.018	\N	2025-10-12 08:53:06.281711	2025-10-12 08:54:41.018479
6927	1	37	35	0	2	35	BO3	regular_season	6	297	completed	2025-10-17 08:53:06.278	\N	2025-10-12 08:54:41.022	\N	2025-10-12 08:53:06.281711	2025-10-12 08:54:41.022292
6929	1	39	33	0	2	33	BO3	regular_season	6	299	completed	2025-10-17 08:53:06.278	\N	2025-10-12 08:54:41.029	\N	2025-10-12 08:53:06.281711	2025-10-12 08:54:41.029688
6930	1	31	32	0	2	32	BO3	regular_season	6	300	completed	2025-10-17 08:53:06.278	\N	2025-10-12 08:54:41.038	\N	2025-10-12 08:53:06.281711	2025-10-12 08:54:41.0383
6931	1	37	40	0	2	40	BO3	regular_season	7	301	completed	2025-10-18 08:53:06.278	\N	2025-10-12 08:54:41.526	\N	2025-10-12 08:53:06.281711	2025-10-12 08:54:41.526819
6932	1	38	36	0	2	36	BO3	regular_season	7	302	completed	2025-10-18 08:53:06.278	\N	2025-10-12 08:54:41.529	\N	2025-10-12 08:53:06.281711	2025-10-12 08:54:41.529765
6933	1	39	35	0	2	35	BO3	regular_season	7	303	completed	2025-10-18 08:53:06.278	\N	2025-10-12 08:54:41.533	\N	2025-10-12 08:53:06.281711	2025-10-12 08:54:41.534087
6934	1	31	34	0	2	34	BO3	regular_season	7	304	completed	2025-10-18 08:53:06.278	\N	2025-10-12 08:54:41.537	\N	2025-10-12 08:53:06.281711	2025-10-12 08:54:41.537437
6936	1	38	40	0	2	40	BO3	regular_season	8	306	completed	2025-10-19 08:53:06.278	\N	2025-10-12 08:54:42.057	\N	2025-10-12 08:53:06.281711	2025-10-12 08:54:42.05734
6937	1	39	37	0	2	37	BO3	regular_season	8	307	completed	2025-10-19 08:53:06.278	\N	2025-10-12 08:54:42.06	\N	2025-10-12 08:53:06.281711	2025-10-12 08:54:42.060446
6938	1	31	36	0	2	36	BO3	regular_season	8	308	completed	2025-10-19 08:53:06.278	\N	2025-10-12 08:54:42.063	\N	2025-10-12 08:53:06.281711	2025-10-12 08:54:42.063777
6939	1	32	35	0	2	35	BO3	regular_season	8	309	completed	2025-10-19 08:53:06.278	\N	2025-10-12 08:54:42.066	\N	2025-10-12 08:53:06.281711	2025-10-12 08:54:42.066934
6940	1	33	34	0	2	34	BO3	regular_season	8	310	completed	2025-10-19 08:53:06.278	\N	2025-10-12 08:54:42.07	\N	2025-10-12 08:53:06.281711	2025-10-12 08:54:42.07022
6941	1	39	40	0	2	40	BO3	regular_season	9	311	completed	2025-10-20 08:53:06.278	\N	2025-10-12 08:54:42.575	\N	2025-10-12 08:53:06.281711	2025-10-12 08:54:42.575316
6943	1	32	37	0	2	37	BO3	regular_season	9	313	completed	2025-10-20 08:53:06.278	\N	2025-10-12 08:54:42.579	\N	2025-10-12 08:53:06.281711	2025-10-12 08:54:42.579316
6944	1	33	36	0	2	36	BO3	regular_season	9	314	completed	2025-10-20 08:53:06.278	\N	2025-10-12 08:54:42.581	\N	2025-10-12 08:53:06.281711	2025-10-12 08:54:42.581157
6945	1	34	35	0	2	35	BO3	regular_season	9	315	completed	2025-10-20 08:53:06.278	\N	2025-10-12 08:54:42.583	\N	2025-10-12 08:53:06.281711	2025-10-12 08:54:42.583317
6946	1	40	31	0	2	31	BO3	regular_season	10	316	completed	2025-10-21 08:53:06.278	\N	2025-10-12 08:54:43.063	\N	2025-10-12 08:53:06.281711	2025-10-12 08:54:43.063924
6947	1	39	32	0	2	32	BO3	regular_season	10	317	completed	2025-10-21 08:53:06.278	\N	2025-10-12 08:54:43.066	\N	2025-10-12 08:53:06.281711	2025-10-12 08:54:43.066942
6948	1	38	33	0	2	33	BO3	regular_season	10	318	completed	2025-10-21 08:53:06.278	\N	2025-10-12 08:54:43.069	\N	2025-10-12 08:53:06.281711	2025-10-12 08:54:43.069371
6950	1	36	35	0	2	35	BO3	regular_season	10	320	completed	2025-10-21 08:53:06.278	\N	2025-10-12 08:54:43.074	\N	2025-10-12 08:53:06.281711	2025-10-12 08:54:43.075105
6951	1	40	32	0	2	32	BO3	regular_season	11	321	completed	2025-10-22 08:53:06.278	\N	2025-10-12 08:54:43.597	\N	2025-10-12 08:53:06.281711	2025-10-12 08:54:43.597247
6952	1	31	33	0	2	33	BO3	regular_season	11	322	completed	2025-10-22 08:53:06.278	\N	2025-10-12 08:54:43.603	\N	2025-10-12 08:53:06.281711	2025-10-12 08:54:43.603973
6953	1	39	34	0	2	34	BO3	regular_season	11	323	completed	2025-10-22 08:53:06.278	\N	2025-10-12 08:54:43.613	\N	2025-10-12 08:53:06.281711	2025-10-12 08:54:43.61319
6954	1	38	35	0	2	35	BO3	regular_season	11	324	completed	2025-10-22 08:53:06.278	\N	2025-10-12 08:54:43.614	\N	2025-10-12 08:53:06.281711	2025-10-12 08:54:43.614784
6955	1	37	36	0	2	36	BO3	regular_season	11	325	completed	2025-10-22 08:53:06.278	\N	2025-10-12 08:54:43.616	\N	2025-10-12 08:53:06.281711	2025-10-12 08:54:43.61633
6892	1	27	29	0	2	29	BO3	regular_season	17	262	completed	2025-10-28 08:53:06.278	\N	2025-10-12 08:54:46.405	\N	2025-10-12 08:53:06.281711	2025-10-12 08:54:46.405565
6893	1	26	21	0	2	21	BO3	regular_season	17	263	completed	2025-10-28 08:53:06.278	\N	2025-10-12 08:54:46.408	\N	2025-10-12 08:53:06.281711	2025-10-12 08:54:46.408331
6894	1	25	22	0	2	22	BO3	regular_season	17	264	completed	2025-10-28 08:53:06.278	\N	2025-10-12 08:54:46.41	\N	2025-10-12 08:53:06.281711	2025-10-12 08:54:46.41085
6895	1	24	23	0	2	23	BO3	regular_season	17	265	completed	2025-10-28 08:53:06.278	\N	2025-10-12 08:54:46.413	\N	2025-10-12 08:53:06.281711	2025-10-12 08:54:46.413251
6900	1	25	24	0	2	24	BO3	regular_season	18	270	completed	2025-10-29 08:53:06.278	\N	2025-10-12 08:54:46.862	\N	2025-10-12 08:53:06.281711	2025-10-12 08:54:46.862385
6896	1	30	29	0	2	29	BO3	regular_season	18	266	completed	2025-10-29 08:53:06.278	\N	2025-10-12 08:54:46.891	\N	2025-10-12 08:53:06.281711	2025-10-12 08:54:46.89124
6898	1	27	22	0	2	22	BO3	regular_season	18	268	completed	2025-10-29 08:53:06.278	\N	2025-10-12 08:54:46.897	\N	2025-10-12 08:53:06.281711	2025-10-12 08:54:46.897714
6899	1	26	23	0	2	23	BO3	regular_season	18	269	completed	2025-10-29 08:53:06.278	\N	2025-10-12 08:54:46.9	\N	2025-10-12 08:53:06.281711	2025-10-12 08:54:46.900061
6996	7	2	10	0	0	\N	BO3	regular_season	2	6	scheduled	2025-10-14 00:52:53.243	\N	\N	\N	2025-10-13 00:52:53.248506	2025-10-13 00:52:53.248506
6997	7	3	1	0	0	\N	BO3	regular_season	2	7	scheduled	2025-10-14 00:52:53.243	\N	\N	\N	2025-10-13 00:52:53.248506	2025-10-13 00:52:53.248506
6998	7	4	9	0	0	\N	BO3	regular_season	2	8	scheduled	2025-10-14 00:52:53.243	\N	\N	\N	2025-10-13 00:52:53.248506	2025-10-13 00:52:53.248506
6999	7	5	8	0	0	\N	BO3	regular_season	2	9	scheduled	2025-10-14 00:52:53.243	\N	\N	\N	2025-10-13 00:52:53.248506	2025-10-13 00:52:53.248506
7000	7	6	7	0	0	\N	BO3	regular_season	2	10	scheduled	2025-10-14 00:52:53.243	\N	\N	\N	2025-10-13 00:52:53.248506	2025-10-13 00:52:53.248506
7001	7	3	10	0	0	\N	BO3	regular_season	3	11	scheduled	2025-10-15 00:52:53.243	\N	\N	\N	2025-10-13 00:52:53.248506	2025-10-13 00:52:53.248506
7002	7	4	2	0	0	\N	BO3	regular_season	3	12	scheduled	2025-10-15 00:52:53.243	\N	\N	\N	2025-10-13 00:52:53.248506	2025-10-13 00:52:53.248506
7003	7	5	1	0	0	\N	BO3	regular_season	3	13	scheduled	2025-10-15 00:52:53.243	\N	\N	\N	2025-10-13 00:52:53.248506	2025-10-13 00:52:53.248506
7004	7	6	9	0	0	\N	BO3	regular_season	3	14	scheduled	2025-10-15 00:52:53.243	\N	\N	\N	2025-10-13 00:52:53.248506	2025-10-13 00:52:53.248506
7005	7	7	8	0	0	\N	BO3	regular_season	3	15	scheduled	2025-10-15 00:52:53.243	\N	\N	\N	2025-10-13 00:52:53.248506	2025-10-13 00:52:53.248506
7006	7	4	10	0	0	\N	BO3	regular_season	4	16	scheduled	2025-10-16 00:52:53.243	\N	\N	\N	2025-10-13 00:52:53.248506	2025-10-13 00:52:53.248506
7007	7	5	3	0	0	\N	BO3	regular_season	4	17	scheduled	2025-10-16 00:52:53.243	\N	\N	\N	2025-10-13 00:52:53.248506	2025-10-13 00:52:53.248506
7008	7	6	2	0	0	\N	BO3	regular_season	4	18	scheduled	2025-10-16 00:52:53.243	\N	\N	\N	2025-10-13 00:52:53.248506	2025-10-13 00:52:53.248506
7009	7	7	1	0	0	\N	BO3	regular_season	4	19	scheduled	2025-10-16 00:52:53.243	\N	\N	\N	2025-10-13 00:52:53.248506	2025-10-13 00:52:53.248506
7010	7	8	9	0	0	\N	BO3	regular_season	4	20	scheduled	2025-10-16 00:52:53.243	\N	\N	\N	2025-10-13 00:52:53.248506	2025-10-13 00:52:53.248506
7011	7	5	10	0	0	\N	BO3	regular_season	5	21	scheduled	2025-10-17 00:52:53.243	\N	\N	\N	2025-10-13 00:52:53.248506	2025-10-13 00:52:53.248506
7012	7	6	4	0	0	\N	BO3	regular_season	5	22	scheduled	2025-10-17 00:52:53.243	\N	\N	\N	2025-10-13 00:52:53.248506	2025-10-13 00:52:53.248506
7013	7	7	3	0	0	\N	BO3	regular_season	5	23	scheduled	2025-10-17 00:52:53.243	\N	\N	\N	2025-10-13 00:52:53.248506	2025-10-13 00:52:53.248506
7014	7	8	2	0	0	\N	BO3	regular_season	5	24	scheduled	2025-10-17 00:52:53.243	\N	\N	\N	2025-10-13 00:52:53.248506	2025-10-13 00:52:53.248506
7015	7	9	1	0	0	\N	BO3	regular_season	5	25	scheduled	2025-10-17 00:52:53.243	\N	\N	\N	2025-10-13 00:52:53.248506	2025-10-13 00:52:53.248506
7016	7	6	10	0	0	\N	BO3	regular_season	6	26	scheduled	2025-10-18 00:52:53.243	\N	\N	\N	2025-10-13 00:52:53.248506	2025-10-13 00:52:53.248506
7017	7	7	5	0	0	\N	BO3	regular_season	6	27	scheduled	2025-10-18 00:52:53.243	\N	\N	\N	2025-10-13 00:52:53.248506	2025-10-13 00:52:53.248506
7018	7	8	4	0	0	\N	BO3	regular_season	6	28	scheduled	2025-10-18 00:52:53.243	\N	\N	\N	2025-10-13 00:52:53.248506	2025-10-13 00:52:53.248506
7019	7	9	3	0	0	\N	BO3	regular_season	6	29	scheduled	2025-10-18 00:52:53.243	\N	\N	\N	2025-10-13 00:52:53.248506	2025-10-13 00:52:53.248506
7020	7	1	2	0	0	\N	BO3	regular_season	6	30	scheduled	2025-10-18 00:52:53.243	\N	\N	\N	2025-10-13 00:52:53.248506	2025-10-13 00:52:53.248506
7021	7	7	10	0	0	\N	BO3	regular_season	7	31	scheduled	2025-10-19 00:52:53.243	\N	\N	\N	2025-10-13 00:52:53.248506	2025-10-13 00:52:53.248506
6956	1	40	33	0	2	33	BO3	regular_season	12	326	completed	2025-10-23 08:53:06.278	\N	2025-10-12 08:54:44.036	\N	2025-10-12 08:53:06.281711	2025-10-12 08:54:44.036998
6957	1	32	34	0	2	34	BO3	regular_season	12	327	completed	2025-10-23 08:53:06.278	\N	2025-10-12 08:54:44.039	\N	2025-10-12 08:53:06.281711	2025-10-12 08:54:44.039378
6958	1	31	35	0	2	35	BO3	regular_season	12	328	completed	2025-10-23 08:53:06.278	\N	2025-10-12 08:54:44.043	\N	2025-10-12 08:53:06.281711	2025-10-12 08:54:44.043816
6959	1	39	36	0	2	36	BO3	regular_season	12	329	completed	2025-10-23 08:53:06.278	\N	2025-10-12 08:54:44.047	\N	2025-10-12 08:53:06.281711	2025-10-12 08:54:44.047113
6960	1	38	37	0	2	37	BO3	regular_season	12	330	completed	2025-10-23 08:53:06.278	\N	2025-10-12 08:54:44.05	\N	2025-10-12 08:53:06.281711	2025-10-12 08:54:44.050558
6961	1	40	34	0	2	34	BO3	regular_season	13	331	completed	2025-10-24 08:53:06.278	\N	2025-10-12 08:54:44.539	\N	2025-10-12 08:53:06.281711	2025-10-12 08:54:44.539368
6962	1	33	35	0	2	35	BO3	regular_season	13	332	completed	2025-10-24 08:53:06.278	\N	2025-10-12 08:54:44.542	\N	2025-10-12 08:53:06.281711	2025-10-12 08:54:44.542175
6963	1	32	36	0	2	36	BO3	regular_season	13	333	completed	2025-10-24 08:53:06.278	\N	2025-10-12 08:54:44.546	\N	2025-10-12 08:53:06.281711	2025-10-12 08:54:44.546104
6964	1	31	37	0	2	37	BO3	regular_season	13	334	completed	2025-10-24 08:53:06.278	\N	2025-10-12 08:54:44.548	\N	2025-10-12 08:53:06.281711	2025-10-12 08:54:44.54824
6965	1	39	38	0	2	38	BO3	regular_season	13	335	completed	2025-10-24 08:53:06.278	\N	2025-10-12 08:54:44.554	\N	2025-10-12 08:53:06.281711	2025-10-12 08:54:44.554609
6966	1	40	35	0	2	35	BO3	regular_season	14	336	completed	2025-10-25 08:53:06.278	\N	2025-10-12 08:54:45.038	\N	2025-10-12 08:53:06.281711	2025-10-12 08:54:45.038748
6967	1	34	36	0	2	36	BO3	regular_season	14	337	completed	2025-10-25 08:53:06.278	\N	2025-10-12 08:54:45.046	\N	2025-10-12 08:53:06.281711	2025-10-12 08:54:45.046336
6968	1	33	37	0	2	37	BO3	regular_season	14	338	completed	2025-10-25 08:53:06.278	\N	2025-10-12 08:54:45.048	\N	2025-10-12 08:53:06.281711	2025-10-12 08:54:45.048301
6969	1	32	38	0	2	38	BO3	regular_season	14	339	completed	2025-10-25 08:53:06.278	\N	2025-10-12 08:54:45.05	\N	2025-10-12 08:53:06.281711	2025-10-12 08:54:45.051042
6970	1	31	39	0	2	39	BO3	regular_season	14	340	completed	2025-10-25 08:53:06.278	\N	2025-10-12 08:54:45.053	\N	2025-10-12 08:53:06.281711	2025-10-12 08:54:45.053183
6971	1	40	36	0	2	36	BO3	regular_season	15	341	completed	2025-10-26 08:53:06.278	\N	2025-10-12 08:54:45.501	\N	2025-10-12 08:53:06.281711	2025-10-12 08:54:45.501216
6972	1	35	37	0	2	37	BO3	regular_season	15	342	completed	2025-10-26 08:53:06.278	\N	2025-10-12 08:54:45.503	\N	2025-10-12 08:53:06.281711	2025-10-12 08:54:45.503543
6973	1	34	38	0	2	38	BO3	regular_season	15	343	completed	2025-10-26 08:53:06.278	\N	2025-10-12 08:54:45.505	\N	2025-10-12 08:53:06.281711	2025-10-12 08:54:45.505422
6974	1	33	39	0	2	39	BO3	regular_season	15	344	completed	2025-10-26 08:53:06.278	\N	2025-10-12 08:54:45.509	\N	2025-10-12 08:53:06.281711	2025-10-12 08:54:45.509775
6975	1	32	31	0	2	31	BO3	regular_season	15	345	completed	2025-10-26 08:53:06.278	\N	2025-10-12 08:54:45.512	\N	2025-10-12 08:53:06.281711	2025-10-12 08:54:45.512287
6976	1	40	37	0	2	37	BO3	regular_season	16	346	completed	2025-10-27 08:53:06.278	\N	2025-10-12 08:54:45.955	\N	2025-10-12 08:53:06.281711	2025-10-12 08:54:45.955558
6977	1	36	38	0	2	38	BO3	regular_season	16	347	completed	2025-10-27 08:53:06.278	\N	2025-10-12 08:54:45.957	\N	2025-10-12 08:53:06.281711	2025-10-12 08:54:45.958043
6978	1	35	39	0	2	39	BO3	regular_season	16	348	completed	2025-10-27 08:53:06.278	\N	2025-10-12 08:54:45.96	\N	2025-10-12 08:53:06.281711	2025-10-12 08:54:45.960383
6979	1	34	31	0	2	31	BO3	regular_season	16	349	completed	2025-10-27 08:53:06.278	\N	2025-10-12 08:54:45.962	\N	2025-10-12 08:53:06.281711	2025-10-12 08:54:45.963011
6980	1	33	32	0	2	32	BO3	regular_season	16	350	completed	2025-10-27 08:53:06.278	\N	2025-10-12 08:54:45.965	\N	2025-10-12 08:53:06.281711	2025-10-12 08:54:45.965157
6981	1	40	38	0	2	38	BO3	regular_season	17	351	completed	2025-10-28 08:53:06.278	\N	2025-10-12 08:54:46.417	\N	2025-10-12 08:53:06.281711	2025-10-12 08:54:46.426055
6982	1	37	39	0	2	39	BO3	regular_season	17	352	completed	2025-10-28 08:53:06.278	\N	2025-10-12 08:54:46.432	\N	2025-10-12 08:53:06.281711	2025-10-12 08:54:46.433811
6983	1	36	31	0	2	31	BO3	regular_season	17	353	completed	2025-10-28 08:53:06.278	\N	2025-10-12 08:54:46.436	\N	2025-10-12 08:53:06.281711	2025-10-12 08:54:46.436561
6984	1	35	32	0	2	32	BO3	regular_season	17	354	completed	2025-10-28 08:53:06.278	\N	2025-10-12 08:54:46.438	\N	2025-10-12 08:53:06.281711	2025-10-12 08:54:46.438568
6985	1	34	33	0	2	33	BO3	regular_season	17	355	completed	2025-10-28 08:53:06.278	\N	2025-10-12 08:54:46.443	\N	2025-10-12 08:53:06.281711	2025-10-12 08:54:46.4431
6990	1	35	34	0	2	34	BO3	regular_season	18	360	completed	2025-10-29 08:53:06.278	\N	2025-10-12 08:54:46.857	\N	2025-10-12 08:53:06.281711	2025-10-12 08:54:46.857244
6986	1	40	39	0	2	39	BO3	regular_season	18	356	completed	2025-10-29 08:53:06.278	\N	2025-10-12 08:54:46.864	\N	2025-10-12 08:53:06.281711	2025-10-12 08:54:46.864949
6987	1	38	31	0	2	31	BO3	regular_season	18	357	completed	2025-10-29 08:53:06.278	\N	2025-10-12 08:54:46.868	\N	2025-10-12 08:53:06.281711	2025-10-12 08:54:46.868152
6988	1	37	32	0	2	32	BO3	regular_season	18	358	completed	2025-10-29 08:53:06.278	\N	2025-10-12 08:54:46.871	\N	2025-10-12 08:53:06.281711	2025-10-12 08:54:46.871158
6989	1	36	33	0	2	33	BO3	regular_season	18	359	completed	2025-10-29 08:53:06.278	\N	2025-10-12 08:54:46.873	\N	2025-10-12 08:53:06.281711	2025-10-12 08:54:46.873162
6811	1	21	30	0	2	30	BO3	regular_season	1	181	completed	2025-10-12 08:53:06.278	\N	2025-10-12 08:54:38.265	\N	2025-10-12 08:53:06.281711	2025-10-12 08:54:38.265597
6721	1	11	20	0	2	20	BO3	regular_season	1	91	completed	2025-10-12 08:53:06.278	\N	2025-10-12 08:54:38.415	\N	2025-10-12 08:53:06.281711	2025-10-12 08:54:38.415814
6901	1	31	40	0	2	40	BO3	regular_season	1	271	completed	2025-10-12 08:53:06.278	\N	2025-10-12 08:54:38.462	\N	2025-10-12 08:53:06.281711	2025-10-12 08:54:38.462756
6632	1	2	9	0	2	9	BO3	regular_season	1	2	completed	2025-10-12 08:53:06.277	\N	2025-10-12 08:54:38.479	\N	2025-10-12 08:53:06.281711	2025-10-12 08:54:38.47908
6451	1	21	30	0	2	30	BO3	regular_season	1	181	completed	2025-10-12 08:52:56.327	\N	2025-10-12 08:54:38.534	\N	2025-10-12 08:52:56.33373	2025-10-12 08:54:38.534496
6727	1	13	11	0	2	11	BO3	regular_season	2	97	completed	2025-10-13 08:53:06.278	\N	2025-10-12 08:54:38.95	\N	2025-10-12 08:53:06.281711	2025-10-12 08:54:38.950208
6638	1	4	9	0	2	9	BO3	regular_season	2	8	completed	2025-10-13 08:53:06.277	\N	2025-10-12 08:54:38.988	\N	2025-10-12 08:53:06.281711	2025-10-12 08:54:38.98876
6824	1	26	29	0	2	29	BO3	regular_season	3	194	completed	2025-10-14 08:53:06.278	\N	2025-10-12 08:54:39.475	\N	2025-10-12 08:53:06.281711	2025-10-12 08:54:39.475447
6552	1	34	32	0	2	32	BO3	regular_season	3	282	completed	2025-10-14 08:52:56.328	\N	2025-10-12 08:54:39.545	\N	2025-10-12 08:52:56.33373	2025-10-12 08:54:39.545527
6464	1	26	29	0	2	29	BO3	regular_season	3	194	completed	2025-10-14 08:52:56.327	\N	2025-10-12 08:54:39.575	\N	2025-10-12 08:52:56.33373	2025-10-12 08:54:39.575259
6826	1	24	30	0	2	30	BO3	regular_season	4	196	completed	2025-10-15 08:53:06.278	\N	2025-10-12 08:54:39.988	\N	2025-10-12 08:53:06.281711	2025-10-12 08:54:39.988178
6290	1	8	9	0	2	9	BO3	regular_season	4	20	completed	2025-10-15 08:52:56.326	\N	2025-10-12 08:54:40.118	\N	2025-10-12 08:52:56.33373	2025-10-12 08:54:40.118829
6741	1	15	20	0	2	20	BO3	regular_season	5	111	completed	2025-10-16 08:53:06.278	\N	2025-10-12 08:54:40.508	\N	2025-10-12 08:53:06.281711	2025-10-12 08:54:40.509019
6652	1	6	4	0	2	4	BO3	regular_season	5	22	completed	2025-10-16 08:53:06.277	\N	2025-10-12 08:54:40.559	\N	2025-10-12 08:53:06.281711	2025-10-12 08:54:40.559952
6385	1	19	11	0	2	11	BO3	regular_season	5	115	completed	2025-10-16 08:52:56.327	\N	2025-10-12 08:54:40.588	\N	2025-10-12 08:52:56.33373	2025-10-12 08:54:40.588352
6292	1	6	4	0	2	4	BO3	regular_season	5	22	completed	2025-10-16 08:52:56.326	\N	2025-10-12 08:54:40.619	\N	2025-10-12 08:52:56.33373	2025-10-12 08:54:40.619137
6659	1	9	3	0	2	3	BO3	regular_season	6	29	completed	2025-10-17 08:53:06.277	\N	2025-10-12 08:54:41.045	\N	2025-10-12 08:53:06.281711	2025-10-12 08:54:41.045642
6755	1	12	13	0	2	13	BO3	regular_season	7	125	completed	2025-10-18 08:53:06.278	\N	2025-10-12 08:54:41.509	\N	2025-10-12 08:53:06.281711	2025-10-12 08:54:41.509546
6661	1	7	10	0	2	10	BO3	regular_season	7	31	completed	2025-10-18 08:53:06.277	\N	2025-10-12 08:54:41.562	\N	2025-10-12 08:53:06.281711	2025-10-12 08:54:41.562265
6571	1	37	40	0	2	40	BO3	regular_season	7	301	completed	2025-10-18 08:52:56.328	\N	2025-10-12 08:54:41.593	\N	2025-10-12 08:52:56.33373	2025-10-12 08:54:41.593163
6846	1	28	30	0	2	30	BO3	regular_season	8	216	completed	2025-10-19 08:53:06.278	\N	2025-10-12 08:54:42.022	\N	2025-10-12 08:53:06.281711	2025-10-12 08:54:42.022499
6673	1	2	7	0	2	7	BO3	regular_season	9	43	completed	2025-10-20 08:53:06.277	\N	2025-10-12 08:54:42.589	\N	2025-10-12 08:53:06.281711	2025-10-12 08:54:42.590057
6491	1	29	30	0	2	30	BO3	regular_season	9	221	completed	2025-10-20 08:52:56.327	\N	2025-10-12 08:54:42.616	\N	2025-10-12 08:52:56.33373	2025-10-12 08:54:42.616627
6680	1	6	5	0	2	5	BO3	regular_season	10	50	completed	2025-10-21 08:53:06.277	\N	2025-10-12 08:54:43.084	\N	2025-10-12 08:53:06.281711	2025-10-12 08:54:43.084833
6498	1	28	23	0	2	23	BO3	regular_season	10	228	completed	2025-10-21 08:52:56.327	\N	2025-10-12 08:54:43.126	\N	2025-10-12 08:52:56.33373	2025-10-12 08:54:43.127042
6316	1	10	1	0	2	1	BO3	regular_season	10	46	completed	2025-10-21 08:52:56.326	\N	2025-10-12 08:54:43.196	\N	2025-10-12 08:52:56.33373	2025-10-12 08:54:43.196791
6773	1	19	14	0	2	14	BO3	regular_season	11	143	completed	2025-10-22 08:53:06.278	\N	2025-10-12 08:54:43.576	\N	2025-10-12 08:53:06.281711	2025-10-12 08:54:43.576689
6505	1	27	26	0	2	26	BO3	regular_season	11	235	completed	2025-10-22 08:52:56.327	\N	2025-10-12 08:54:43.644	\N	2025-10-12 08:52:56.33373	2025-10-12 08:54:43.644762
6780	1	18	17	0	2	17	BO3	regular_season	12	150	completed	2025-10-23 08:53:06.278	\N	2025-10-12 08:54:44.024	\N	2025-10-12 08:53:06.281711	2025-10-12 08:54:44.02407
6328	1	1	5	0	2	5	BO3	regular_season	12	58	completed	2025-10-23 08:52:56.326	\N	2025-10-12 08:54:44.123	\N	2025-10-12 08:52:56.33373	2025-10-12 08:54:44.123877
6787	1	14	16	0	2	16	BO3	regular_season	14	157	completed	2025-10-25 08:53:06.278	\N	2025-10-12 08:54:45.007	\N	2025-10-12 08:53:06.281711	2025-10-12 08:54:45.007554
6519	1	22	28	0	2	28	BO3	regular_season	14	249	completed	2025-10-25 08:52:56.327	\N	2025-10-12 08:54:45.101	\N	2025-10-12 08:52:56.33373	2025-10-12 08:54:45.101096
6344	1	3	9	0	2	9	BO3	regular_season	15	74	completed	2025-10-26 08:52:56.326	\N	2025-10-12 08:54:45.558	\N	2025-10-12 08:52:56.33373	2025-10-12 08:54:45.558723
6526	1	30	27	0	2	27	BO3	regular_season	16	256	completed	2025-10-27 08:52:56.327	\N	2025-10-12 08:54:46.001	\N	2025-10-12 08:52:56.33373	2025-10-12 08:54:46.001548
6801	1	20	18	0	2	18	BO3	regular_season	17	171	completed	2025-10-28 08:53:06.278	\N	2025-10-12 08:54:46.389	\N	2025-10-12 08:53:06.281711	2025-10-12 08:54:46.389897
6531	1	30	28	0	2	28	BO3	regular_season	17	261	completed	2025-10-28 08:52:56.327	\N	2025-10-12 08:54:46.478	\N	2025-10-12 08:52:56.33373	2025-10-12 08:54:46.478691
6351	1	10	8	0	2	8	BO3	regular_season	17	81	completed	2025-10-28 08:52:56.326	\N	2025-10-12 08:54:46.486	\N	2025-10-12 08:52:56.33373	2025-10-12 08:54:46.486998
6808	1	17	12	0	2	12	BO3	regular_season	18	178	completed	2025-10-29 08:53:06.278	\N	2025-10-12 08:54:46.882	\N	2025-10-12 08:53:06.281711	2025-10-12 08:54:46.882163
6448	1	17	12	0	2	12	BO3	regular_season	18	178	completed	2025-10-29 08:52:56.327	\N	2025-10-12 08:54:46.933	\N	2025-10-12 08:52:56.33373	2025-10-12 08:54:46.933692
6358	1	7	2	0	2	2	BO3	regular_season	18	88	completed	2025-10-29 08:52:56.326	\N	2025-10-12 08:54:46.956	\N	2025-10-12 08:52:56.33373	2025-10-12 08:54:46.957042
7022	7	8	6	0	0	\N	BO3	regular_season	7	32	scheduled	2025-10-19 00:52:53.243	\N	\N	\N	2025-10-13 00:52:53.248506	2025-10-13 00:52:53.248506
7023	7	9	5	0	0	\N	BO3	regular_season	7	33	scheduled	2025-10-19 00:52:53.243	\N	\N	\N	2025-10-13 00:52:53.248506	2025-10-13 00:52:53.248506
7024	7	1	4	0	0	\N	BO3	regular_season	7	34	scheduled	2025-10-19 00:52:53.243	\N	\N	\N	2025-10-13 00:52:53.248506	2025-10-13 00:52:53.248506
7025	7	2	3	0	0	\N	BO3	regular_season	7	35	scheduled	2025-10-19 00:52:53.243	\N	\N	\N	2025-10-13 00:52:53.248506	2025-10-13 00:52:53.248506
7026	7	8	10	0	0	\N	BO3	regular_season	8	36	scheduled	2025-10-20 00:52:53.243	\N	\N	\N	2025-10-13 00:52:53.248506	2025-10-13 00:52:53.248506
7027	7	9	7	0	0	\N	BO3	regular_season	8	37	scheduled	2025-10-20 00:52:53.243	\N	\N	\N	2025-10-13 00:52:53.248506	2025-10-13 00:52:53.248506
7028	7	1	6	0	0	\N	BO3	regular_season	8	38	scheduled	2025-10-20 00:52:53.243	\N	\N	\N	2025-10-13 00:52:53.248506	2025-10-13 00:52:53.248506
7029	7	2	5	0	0	\N	BO3	regular_season	8	39	scheduled	2025-10-20 00:52:53.243	\N	\N	\N	2025-10-13 00:52:53.248506	2025-10-13 00:52:53.248506
7030	7	3	4	0	0	\N	BO3	regular_season	8	40	scheduled	2025-10-20 00:52:53.243	\N	\N	\N	2025-10-13 00:52:53.248506	2025-10-13 00:52:53.248506
7031	7	9	10	0	0	\N	BO3	regular_season	9	41	scheduled	2025-10-21 00:52:53.243	\N	\N	\N	2025-10-13 00:52:53.248506	2025-10-13 00:52:53.248506
7032	7	1	8	0	0	\N	BO3	regular_season	9	42	scheduled	2025-10-21 00:52:53.243	\N	\N	\N	2025-10-13 00:52:53.248506	2025-10-13 00:52:53.248506
7033	7	2	7	0	0	\N	BO3	regular_season	9	43	scheduled	2025-10-21 00:52:53.243	\N	\N	\N	2025-10-13 00:52:53.248506	2025-10-13 00:52:53.248506
7034	7	3	6	0	0	\N	BO3	regular_season	9	44	scheduled	2025-10-21 00:52:53.243	\N	\N	\N	2025-10-13 00:52:53.248506	2025-10-13 00:52:53.248506
7035	7	4	5	0	0	\N	BO3	regular_season	9	45	scheduled	2025-10-21 00:52:53.243	\N	\N	\N	2025-10-13 00:52:53.248506	2025-10-13 00:52:53.248506
7036	7	10	1	0	0	\N	BO3	regular_season	10	46	scheduled	2025-10-22 00:52:53.243	\N	\N	\N	2025-10-13 00:52:53.248506	2025-10-13 00:52:53.248506
7037	7	9	2	0	0	\N	BO3	regular_season	10	47	scheduled	2025-10-22 00:52:53.243	\N	\N	\N	2025-10-13 00:52:53.248506	2025-10-13 00:52:53.248506
7038	7	8	3	0	0	\N	BO3	regular_season	10	48	scheduled	2025-10-22 00:52:53.243	\N	\N	\N	2025-10-13 00:52:53.248506	2025-10-13 00:52:53.248506
7039	7	7	4	0	0	\N	BO3	regular_season	10	49	scheduled	2025-10-22 00:52:53.243	\N	\N	\N	2025-10-13 00:52:53.248506	2025-10-13 00:52:53.248506
7040	7	6	5	0	0	\N	BO3	regular_season	10	50	scheduled	2025-10-22 00:52:53.243	\N	\N	\N	2025-10-13 00:52:53.248506	2025-10-13 00:52:53.248506
7041	7	10	2	0	0	\N	BO3	regular_season	11	51	scheduled	2025-10-23 00:52:53.243	\N	\N	\N	2025-10-13 00:52:53.248506	2025-10-13 00:52:53.248506
6545	1	35	36	0	2	36	BO3	regular_season	1	275	completed	2025-10-12 08:52:56.328	\N	2025-10-12 08:54:38.503	\N	2025-10-12 08:52:56.33373	2025-10-12 08:54:38.503741
6365	1	15	16	0	2	16	BO3	regular_season	1	95	completed	2025-10-12 08:52:56.327	\N	2025-10-12 08:54:38.518	\N	2025-10-12 08:52:56.33373	2025-10-12 08:54:38.518881
6275	1	5	6	0	2	6	BO3	regular_season	1	5	completed	2025-10-12 08:52:56.326	\N	2025-10-12 08:54:38.547	\N	2025-10-12 08:52:56.33373	2025-10-12 08:54:38.547407
6817	1	23	21	0	2	21	BO3	regular_season	2	187	completed	2025-10-13 08:53:06.278	\N	2025-10-12 08:54:38.96	\N	2025-10-12 08:53:06.281711	2025-10-12 08:54:38.96074
6907	1	33	31	0	2	31	BO3	regular_season	2	277	completed	2025-10-13 08:53:06.278	\N	2025-10-12 08:54:38.975	\N	2025-10-12 08:53:06.281711	2025-10-12 08:54:38.97575
6549	1	35	38	0	2	38	BO3	regular_season	2	279	completed	2025-10-13 08:52:56.328	\N	2025-10-12 08:54:39.009	\N	2025-10-12 08:52:56.33373	2025-10-12 08:54:39.009528
6369	1	15	18	0	2	18	BO3	regular_season	2	99	completed	2025-10-13 08:52:56.327	\N	2025-10-12 08:54:39.022	\N	2025-10-12 08:52:56.33373	2025-10-12 08:54:39.022999
6457	1	23	21	0	2	21	BO3	regular_season	2	187	completed	2025-10-13 08:52:56.327	\N	2025-10-12 08:54:39.036	\N	2025-10-12 08:52:56.33373	2025-10-12 08:54:39.036883
6279	1	5	8	0	2	8	BO3	regular_season	2	9	completed	2025-10-13 08:52:56.326	\N	2025-10-12 08:54:39.051	\N	2025-10-12 08:52:56.33373	2025-10-12 08:54:39.051817
6734	1	16	19	0	2	19	BO3	regular_season	3	104	completed	2025-10-14 08:53:06.278	\N	2025-10-12 08:54:39.459	\N	2025-10-12 08:53:06.281711	2025-10-12 08:54:39.459923
6914	1	36	39	0	2	39	BO3	regular_season	3	284	completed	2025-10-14 08:53:06.278	\N	2025-10-12 08:54:39.495	\N	2025-10-12 08:53:06.281711	2025-10-12 08:54:39.495444
6645	1	7	8	0	2	8	BO3	regular_season	3	15	completed	2025-10-14 08:53:06.277	\N	2025-10-12 08:54:39.512	\N	2025-10-12 08:53:06.281711	2025-10-12 08:54:39.512889
6372	1	14	12	0	2	12	BO3	regular_season	3	102	completed	2025-10-14 08:52:56.327	\N	2025-10-12 08:54:39.56	\N	2025-10-12 08:52:56.33373	2025-10-12 08:54:39.560252
6470	1	28	29	0	2	29	BO3	regular_season	4	200	completed	2025-10-15 08:52:56.327	\N	2025-10-12 08:54:40.116	\N	2025-10-12 08:52:56.33373	2025-10-12 08:54:40.116616
6832	1	26	24	0	2	24	BO3	regular_season	5	202	completed	2025-10-16 08:53:06.278	\N	2025-10-12 08:54:40.522	\N	2025-10-12 08:53:06.281711	2025-10-12 08:54:40.522641
6921	1	35	40	0	2	40	BO3	regular_season	5	291	completed	2025-10-16 08:53:06.278	\N	2025-10-12 08:54:40.535	\N	2025-10-12 08:53:06.281711	2025-10-12 08:54:40.536517
6565	1	39	31	0	2	31	BO3	regular_season	5	295	completed	2025-10-16 08:52:56.328	\N	2025-10-12 08:54:40.575	\N	2025-10-12 08:52:56.33373	2025-10-12 08:54:40.575344
6748	1	18	14	0	2	14	BO3	regular_season	6	118	completed	2025-10-17 08:53:06.278	\N	2025-10-12 08:54:40.996	\N	2025-10-12 08:53:06.281711	2025-10-12 08:54:40.996784
6839	1	29	23	0	2	23	BO3	regular_season	6	209	completed	2025-10-17 08:53:06.278	\N	2025-10-12 08:54:41.012	\N	2025-10-12 08:53:06.281711	2025-10-12 08:54:41.012204
6928	1	38	34	0	2	34	BO3	regular_season	6	298	completed	2025-10-17 08:53:06.278	\N	2025-10-12 08:54:41.026	\N	2025-10-12 08:53:06.281711	2025-10-12 08:54:41.026936
6568	1	38	34	0	2	34	BO3	regular_season	6	298	completed	2025-10-17 08:52:56.328	\N	2025-10-12 08:54:41.065	\N	2025-10-12 08:52:56.33373	2025-10-12 08:54:41.066081
6388	1	18	14	0	2	14	BO3	regular_season	6	118	completed	2025-10-17 08:52:56.327	\N	2025-10-12 08:54:41.08	\N	2025-10-12 08:52:56.33373	2025-10-12 08:54:41.080983
6477	1	27	25	0	2	25	BO3	regular_season	6	207	completed	2025-10-17 08:52:56.327	\N	2025-10-12 08:54:41.089	\N	2025-10-12 08:52:56.33373	2025-10-12 08:54:41.089599
6935	1	32	33	0	2	33	BO3	regular_season	7	305	completed	2025-10-18 08:53:06.278	\N	2025-10-12 08:54:41.541	\N	2025-10-12 08:53:06.281711	2025-10-12 08:54:41.541179
6391	1	17	20	0	2	20	BO3	regular_season	7	121	completed	2025-10-18 08:52:56.327	\N	2025-10-12 08:54:41.611	\N	2025-10-12 08:52:56.33373	2025-10-12 08:54:41.612133
6484	1	21	24	0	2	24	BO3	regular_season	7	214	completed	2025-10-18 08:52:56.327	\N	2025-10-12 08:54:41.624	\N	2025-10-12 08:52:56.33373	2025-10-12 08:54:41.624667
6303	1	9	5	0	2	5	BO3	regular_season	7	33	completed	2025-10-18 08:52:56.326	\N	2025-10-12 08:54:41.637	\N	2025-10-12 08:52:56.33373	2025-10-12 08:54:41.637302
6400	1	13	14	0	2	14	BO3	regular_season	8	130	completed	2025-10-19 08:52:56.327	\N	2025-10-12 08:54:42.109	\N	2025-10-12 08:52:56.33373	2025-10-12 08:54:42.109846
6853	1	22	27	0	2	27	BO3	regular_season	9	223	completed	2025-10-20 08:53:06.278	\N	2025-10-12 08:54:42.563	\N	2025-10-12 08:53:06.281711	2025-10-12 08:54:42.563274
6942	1	31	38	0	2	38	BO3	regular_season	9	312	completed	2025-10-20 08:53:06.278	\N	2025-10-12 08:54:42.577	\N	2025-10-12 08:53:06.281711	2025-10-12 08:54:42.577101
6584	1	33	36	0	2	36	BO3	regular_season	9	314	completed	2025-10-20 08:52:56.328	\N	2025-10-12 08:54:42.601	\N	2025-10-12 08:52:56.33373	2025-10-12 08:54:42.601538
6315	1	4	5	0	2	5	BO3	regular_season	9	45	completed	2025-10-20 08:52:56.326	\N	2025-10-12 08:54:42.623	\N	2025-10-12 08:52:56.33373	2025-10-12 08:54:42.6238
6766	1	20	11	0	2	11	BO3	regular_season	10	136	completed	2025-10-21 08:53:06.278	\N	2025-10-12 08:54:43.006	\N	2025-10-12 08:53:06.281711	2025-10-12 08:54:43.006783
6860	1	26	25	0	2	25	BO3	regular_season	10	230	completed	2025-10-21 08:53:06.278	\N	2025-10-12 08:54:43.06	\N	2025-10-12 08:53:06.281711	2025-10-12 08:54:43.061013
6949	1	37	34	0	2	34	BO3	regular_season	10	319	completed	2025-10-21 08:53:06.278	\N	2025-10-12 08:54:43.072	\N	2025-10-12 08:53:06.281711	2025-10-12 08:54:43.07264
6587	1	39	32	0	2	32	BO3	regular_season	10	317	completed	2025-10-21 08:52:56.328	\N	2025-10-12 08:54:43.097	\N	2025-10-12 08:52:56.33373	2025-10-12 08:54:43.097294
6410	1	16	15	0	2	15	BO3	regular_season	10	140	completed	2025-10-21 08:52:56.327	\N	2025-10-12 08:54:43.109	\N	2025-10-12 08:52:56.33373	2025-10-12 08:54:43.109302
6413	1	19	14	0	2	14	BO3	regular_season	11	143	completed	2025-10-22 08:52:56.327	\N	2025-10-12 08:54:43.635	\N	2025-10-12 08:52:56.33373	2025-10-12 08:54:43.635493
6867	1	22	24	0	2	24	BO3	regular_season	12	237	completed	2025-10-23 08:53:06.278	\N	2025-10-12 08:54:44.026	\N	2025-10-12 08:53:06.281711	2025-10-12 08:54:44.026191
6687	1	2	4	0	2	4	BO3	regular_season	12	57	completed	2025-10-23 08:53:06.277	\N	2025-10-12 08:54:44.052	\N	2025-10-12 08:53:06.281711	2025-10-12 08:54:44.052791
6416	1	20	13	0	2	13	BO3	regular_season	12	146	completed	2025-10-23 08:52:56.327	\N	2025-10-12 08:54:44.104	\N	2025-10-12 08:52:56.33373	2025-10-12 08:54:44.104149
6874	1	21	27	0	2	27	BO3	regular_season	13	244	completed	2025-10-24 08:53:06.278	\N	2025-10-12 08:54:44.53	\N	2025-10-12 08:53:06.281711	2025-10-12 08:54:44.530435
6694	1	1	7	0	2	7	BO3	regular_season	13	64	completed	2025-10-24 08:53:06.277	\N	2025-10-12 08:54:44.561	\N	2025-10-12 08:53:06.281711	2025-10-12 08:54:44.561572
6512	1	23	25	0	2	25	BO3	regular_season	13	242	completed	2025-10-24 08:52:56.327	\N	2025-10-12 08:54:44.594	\N	2025-10-12 08:52:56.33373	2025-10-12 08:54:44.594083
6698	1	3	7	0	2	7	BO3	regular_season	14	68	completed	2025-10-25 08:53:06.277	\N	2025-10-12 08:54:45.059	\N	2025-10-12 08:53:06.281711	2025-10-12 08:54:45.059352
6429	1	12	18	0	2	18	BO3	regular_season	14	159	completed	2025-10-25 08:52:56.327	\N	2025-10-12 08:54:45.087	\N	2025-10-12 08:52:56.33373	2025-10-12 08:54:45.087202
6339	1	2	8	0	2	8	BO3	regular_season	14	69	completed	2025-10-25 08:52:56.326	\N	2025-10-12 08:54:45.106	\N	2025-10-12 08:52:56.33373	2025-10-12 08:54:45.10622
6881	1	30	26	0	2	26	BO3	regular_season	15	251	completed	2025-10-26 08:53:06.278	\N	2025-10-12 08:54:45.472	\N	2025-10-12 08:53:06.281711	2025-10-12 08:54:45.472481
6794	1	13	19	0	2	19	BO3	regular_season	15	164	completed	2025-10-26 08:53:06.278	\N	2025-10-12 08:54:45.484	\N	2025-10-12 08:53:06.281711	2025-10-12 08:54:45.484123
6704	1	3	9	0	2	9	BO3	regular_season	15	74	completed	2025-10-26 08:53:06.277	\N	2025-10-12 08:54:45.522	\N	2025-10-12 08:53:06.281711	2025-10-12 08:54:45.522908
6432	1	15	17	0	2	17	BO3	regular_season	15	162	completed	2025-10-26 08:52:56.327	\N	2025-10-12 08:54:45.551	\N	2025-10-12 08:52:56.33373	2025-10-12 08:54:45.551587
6888	1	25	29	0	2	29	BO3	regular_season	16	258	completed	2025-10-27 08:53:06.278	\N	2025-10-12 08:54:45.943	\N	2025-10-12 08:53:06.281711	2025-10-12 08:54:45.94346
6891	1	30	28	0	2	28	BO3	regular_season	17	261	completed	2025-10-28 08:53:06.278	\N	2025-10-12 08:54:46.387	\N	2025-10-12 08:53:06.281711	2025-10-12 08:54:46.387788
6712	1	7	9	0	2	9	BO3	regular_season	17	82	completed	2025-10-28 08:53:06.277	\N	2025-10-12 08:54:46.445	\N	2025-10-12 08:53:06.281711	2025-10-12 08:54:46.445879
6445	1	14	13	0	2	13	BO3	regular_season	17	175	completed	2025-10-28 08:52:56.327	\N	2025-10-12 08:54:46.469	\N	2025-10-12 08:52:56.33373	2025-10-12 08:54:46.469904
6897	1	28	21	0	2	21	BO3	regular_season	18	267	completed	2025-10-29 08:53:06.278	\N	2025-10-12 08:54:46.894	\N	2025-10-12 08:53:06.281711	2025-10-12 08:54:46.894461
6719	1	6	3	0	2	3	BO3	regular_season	18	89	completed	2025-10-29 08:53:06.277	\N	2025-10-12 08:54:46.906	\N	2025-10-12 08:53:06.281711	2025-10-12 08:54:46.906439
6538	1	27	22	0	2	22	BO3	regular_season	18	268	completed	2025-10-29 08:52:56.327	\N	2025-10-12 08:54:46.944	\N	2025-10-12 08:52:56.33373	2025-10-12 08:54:46.944102
7042	7	1	3	0	0	\N	BO3	regular_season	11	52	scheduled	2025-10-23 00:52:53.243	\N	\N	\N	2025-10-13 00:52:53.248506	2025-10-13 00:52:53.248506
7043	7	9	4	0	0	\N	BO3	regular_season	11	53	scheduled	2025-10-23 00:52:53.243	\N	\N	\N	2025-10-13 00:52:53.248506	2025-10-13 00:52:53.248506
7044	7	8	5	0	0	\N	BO3	regular_season	11	54	scheduled	2025-10-23 00:52:53.243	\N	\N	\N	2025-10-13 00:52:53.248506	2025-10-13 00:52:53.248506
7045	7	7	6	0	0	\N	BO3	regular_season	11	55	scheduled	2025-10-23 00:52:53.243	\N	\N	\N	2025-10-13 00:52:53.248506	2025-10-13 00:52:53.248506
7046	7	10	3	0	0	\N	BO3	regular_season	12	56	scheduled	2025-10-24 00:52:53.243	\N	\N	\N	2025-10-13 00:52:53.248506	2025-10-13 00:52:53.248506
7047	7	2	4	0	0	\N	BO3	regular_season	12	57	scheduled	2025-10-24 00:52:53.243	\N	\N	\N	2025-10-13 00:52:53.248506	2025-10-13 00:52:53.248506
7048	7	1	5	0	0	\N	BO3	regular_season	12	58	scheduled	2025-10-24 00:52:53.243	\N	\N	\N	2025-10-13 00:52:53.248506	2025-10-13 00:52:53.248506
7049	7	9	6	0	0	\N	BO3	regular_season	12	59	scheduled	2025-10-24 00:52:53.243	\N	\N	\N	2025-10-13 00:52:53.248506	2025-10-13 00:52:53.248506
7050	7	8	7	0	0	\N	BO3	regular_season	12	60	scheduled	2025-10-24 00:52:53.243	\N	\N	\N	2025-10-13 00:52:53.248506	2025-10-13 00:52:53.248506
7051	7	10	4	0	0	\N	BO3	regular_season	13	61	scheduled	2025-10-25 00:52:53.243	\N	\N	\N	2025-10-13 00:52:53.248506	2025-10-13 00:52:53.248506
7052	7	3	5	0	0	\N	BO3	regular_season	13	62	scheduled	2025-10-25 00:52:53.243	\N	\N	\N	2025-10-13 00:52:53.248506	2025-10-13 00:52:53.248506
7053	7	2	6	0	0	\N	BO3	regular_season	13	63	scheduled	2025-10-25 00:52:53.243	\N	\N	\N	2025-10-13 00:52:53.248506	2025-10-13 00:52:53.248506
7054	7	1	7	0	0	\N	BO3	regular_season	13	64	scheduled	2025-10-25 00:52:53.243	\N	\N	\N	2025-10-13 00:52:53.248506	2025-10-13 00:52:53.248506
7055	7	9	8	0	0	\N	BO3	regular_season	13	65	scheduled	2025-10-25 00:52:53.243	\N	\N	\N	2025-10-13 00:52:53.248506	2025-10-13 00:52:53.248506
7056	7	10	5	0	0	\N	BO3	regular_season	14	66	scheduled	2025-10-26 00:52:53.243	\N	\N	\N	2025-10-13 00:52:53.248506	2025-10-13 00:52:53.248506
7057	7	4	6	0	0	\N	BO3	regular_season	14	67	scheduled	2025-10-26 00:52:53.243	\N	\N	\N	2025-10-13 00:52:53.248506	2025-10-13 00:52:53.248506
7058	7	3	7	0	0	\N	BO3	regular_season	14	68	scheduled	2025-10-26 00:52:53.243	\N	\N	\N	2025-10-13 00:52:53.248506	2025-10-13 00:52:53.248506
7059	7	2	8	0	0	\N	BO3	regular_season	14	69	scheduled	2025-10-26 00:52:53.243	\N	\N	\N	2025-10-13 00:52:53.248506	2025-10-13 00:52:53.248506
7060	7	1	9	0	0	\N	BO3	regular_season	14	70	scheduled	2025-10-26 00:52:53.243	\N	\N	\N	2025-10-13 00:52:53.248506	2025-10-13 00:52:53.248506
7061	7	10	6	0	0	\N	BO3	regular_season	15	71	scheduled	2025-10-27 00:52:53.243	\N	\N	\N	2025-10-13 00:52:53.248506	2025-10-13 00:52:53.248506
7062	7	5	7	0	0	\N	BO3	regular_season	15	72	scheduled	2025-10-27 00:52:53.243	\N	\N	\N	2025-10-13 00:52:53.248506	2025-10-13 00:52:53.248506
7063	7	4	8	0	0	\N	BO3	regular_season	15	73	scheduled	2025-10-27 00:52:53.243	\N	\N	\N	2025-10-13 00:52:53.248506	2025-10-13 00:52:53.248506
7064	7	3	9	0	0	\N	BO3	regular_season	15	74	scheduled	2025-10-27 00:52:53.243	\N	\N	\N	2025-10-13 00:52:53.248506	2025-10-13 00:52:53.248506
7065	7	2	1	0	0	\N	BO3	regular_season	15	75	scheduled	2025-10-27 00:52:53.243	\N	\N	\N	2025-10-13 00:52:53.248506	2025-10-13 00:52:53.248506
7066	7	10	7	0	0	\N	BO3	regular_season	16	76	scheduled	2025-10-28 00:52:53.243	\N	\N	\N	2025-10-13 00:52:53.248506	2025-10-13 00:52:53.248506
7067	7	6	8	0	0	\N	BO3	regular_season	16	77	scheduled	2025-10-28 00:52:53.243	\N	\N	\N	2025-10-13 00:52:53.248506	2025-10-13 00:52:53.248506
7068	7	5	9	0	0	\N	BO3	regular_season	16	78	scheduled	2025-10-28 00:52:53.243	\N	\N	\N	2025-10-13 00:52:53.248506	2025-10-13 00:52:53.248506
7069	7	4	1	0	0	\N	BO3	regular_season	16	79	scheduled	2025-10-28 00:52:53.243	\N	\N	\N	2025-10-13 00:52:53.248506	2025-10-13 00:52:53.248506
7070	7	3	2	0	0	\N	BO3	regular_season	16	80	scheduled	2025-10-28 00:52:53.243	\N	\N	\N	2025-10-13 00:52:53.248506	2025-10-13 00:52:53.248506
7071	7	10	8	0	0	\N	BO3	regular_season	17	81	scheduled	2025-10-29 00:52:53.243	\N	\N	\N	2025-10-13 00:52:53.248506	2025-10-13 00:52:53.248506
7072	7	7	9	0	0	\N	BO3	regular_season	17	82	scheduled	2025-10-29 00:52:53.243	\N	\N	\N	2025-10-13 00:52:53.248506	2025-10-13 00:52:53.248506
7073	7	6	1	0	0	\N	BO3	regular_season	17	83	scheduled	2025-10-29 00:52:53.243	\N	\N	\N	2025-10-13 00:52:53.248506	2025-10-13 00:52:53.248506
7074	7	5	2	0	0	\N	BO3	regular_season	17	84	scheduled	2025-10-29 00:52:53.243	\N	\N	\N	2025-10-13 00:52:53.248506	2025-10-13 00:52:53.248506
7075	7	4	3	0	0	\N	BO3	regular_season	17	85	scheduled	2025-10-29 00:52:53.243	\N	\N	\N	2025-10-13 00:52:53.248506	2025-10-13 00:52:53.248506
7076	7	10	9	0	0	\N	BO3	regular_season	18	86	scheduled	2025-10-30 00:52:53.243	\N	\N	\N	2025-10-13 00:52:53.248506	2025-10-13 00:52:53.248506
7077	7	8	1	0	0	\N	BO3	regular_season	18	87	scheduled	2025-10-30 00:52:53.243	\N	\N	\N	2025-10-13 00:52:53.248506	2025-10-13 00:52:53.248506
7078	7	7	2	0	0	\N	BO3	regular_season	18	88	scheduled	2025-10-30 00:52:53.243	\N	\N	\N	2025-10-13 00:52:53.248506	2025-10-13 00:52:53.248506
7079	7	6	3	0	0	\N	BO3	regular_season	18	89	scheduled	2025-10-30 00:52:53.243	\N	\N	\N	2025-10-13 00:52:53.248506	2025-10-13 00:52:53.248506
7080	7	5	4	0	0	\N	BO3	regular_season	18	90	scheduled	2025-10-30 00:52:53.243	\N	\N	\N	2025-10-13 00:52:53.248506	2025-10-13 00:52:53.248506
7081	7	11	20	0	0	\N	BO3	regular_season	1	91	scheduled	2025-10-13 00:52:53.244	\N	\N	\N	2025-10-13 00:52:53.248506	2025-10-13 00:52:53.248506
7082	7	12	19	0	0	\N	BO3	regular_season	1	92	scheduled	2025-10-13 00:52:53.244	\N	\N	\N	2025-10-13 00:52:53.248506	2025-10-13 00:52:53.248506
7083	7	13	18	0	0	\N	BO3	regular_season	1	93	scheduled	2025-10-13 00:52:53.244	\N	\N	\N	2025-10-13 00:52:53.248506	2025-10-13 00:52:53.248506
7084	7	14	17	0	0	\N	BO3	regular_season	1	94	scheduled	2025-10-13 00:52:53.244	\N	\N	\N	2025-10-13 00:52:53.248506	2025-10-13 00:52:53.248506
7085	7	15	16	0	0	\N	BO3	regular_season	1	95	scheduled	2025-10-13 00:52:53.244	\N	\N	\N	2025-10-13 00:52:53.248506	2025-10-13 00:52:53.248506
7086	7	12	20	0	0	\N	BO3	regular_season	2	96	scheduled	2025-10-14 00:52:53.244	\N	\N	\N	2025-10-13 00:52:53.248506	2025-10-13 00:52:53.248506
7087	7	13	11	0	0	\N	BO3	regular_season	2	97	scheduled	2025-10-14 00:52:53.244	\N	\N	\N	2025-10-13 00:52:53.248506	2025-10-13 00:52:53.248506
7088	7	14	19	0	0	\N	BO3	regular_season	2	98	scheduled	2025-10-14 00:52:53.244	\N	\N	\N	2025-10-13 00:52:53.248506	2025-10-13 00:52:53.248506
7089	7	15	18	0	0	\N	BO3	regular_season	2	99	scheduled	2025-10-14 00:52:53.244	\N	\N	\N	2025-10-13 00:52:53.248506	2025-10-13 00:52:53.248506
7090	7	16	17	0	0	\N	BO3	regular_season	2	100	scheduled	2025-10-14 00:52:53.244	\N	\N	\N	2025-10-13 00:52:53.248506	2025-10-13 00:52:53.248506
7091	7	13	20	0	0	\N	BO3	regular_season	3	101	scheduled	2025-10-15 00:52:53.244	\N	\N	\N	2025-10-13 00:52:53.248506	2025-10-13 00:52:53.248506
7092	7	14	12	0	0	\N	BO3	regular_season	3	102	scheduled	2025-10-15 00:52:53.244	\N	\N	\N	2025-10-13 00:52:53.248506	2025-10-13 00:52:53.248506
7093	7	15	11	0	0	\N	BO3	regular_season	3	103	scheduled	2025-10-15 00:52:53.244	\N	\N	\N	2025-10-13 00:52:53.248506	2025-10-13 00:52:53.248506
7094	7	16	19	0	0	\N	BO3	regular_season	3	104	scheduled	2025-10-15 00:52:53.244	\N	\N	\N	2025-10-13 00:52:53.248506	2025-10-13 00:52:53.248506
7095	7	17	18	0	0	\N	BO3	regular_season	3	105	scheduled	2025-10-15 00:52:53.244	\N	\N	\N	2025-10-13 00:52:53.248506	2025-10-13 00:52:53.248506
7096	7	14	20	0	0	\N	BO3	regular_season	4	106	scheduled	2025-10-16 00:52:53.244	\N	\N	\N	2025-10-13 00:52:53.248506	2025-10-13 00:52:53.248506
7097	7	15	13	0	0	\N	BO3	regular_season	4	107	scheduled	2025-10-16 00:52:53.244	\N	\N	\N	2025-10-13 00:52:53.248506	2025-10-13 00:52:53.248506
7098	7	16	12	0	0	\N	BO3	regular_season	4	108	scheduled	2025-10-16 00:52:53.244	\N	\N	\N	2025-10-13 00:52:53.248506	2025-10-13 00:52:53.248506
7099	7	17	11	0	0	\N	BO3	regular_season	4	109	scheduled	2025-10-16 00:52:53.244	\N	\N	\N	2025-10-13 00:52:53.248506	2025-10-13 00:52:53.248506
7100	7	18	19	0	0	\N	BO3	regular_season	4	110	scheduled	2025-10-16 00:52:53.244	\N	\N	\N	2025-10-13 00:52:53.248506	2025-10-13 00:52:53.248506
7101	7	15	20	0	0	\N	BO3	regular_season	5	111	scheduled	2025-10-17 00:52:53.244	\N	\N	\N	2025-10-13 00:52:53.248506	2025-10-13 00:52:53.248506
7102	7	16	14	0	0	\N	BO3	regular_season	5	112	scheduled	2025-10-17 00:52:53.244	\N	\N	\N	2025-10-13 00:52:53.248506	2025-10-13 00:52:53.248506
7103	7	17	13	0	0	\N	BO3	regular_season	5	113	scheduled	2025-10-17 00:52:53.244	\N	\N	\N	2025-10-13 00:52:53.248506	2025-10-13 00:52:53.248506
7104	7	18	12	0	0	\N	BO3	regular_season	5	114	scheduled	2025-10-17 00:52:53.244	\N	\N	\N	2025-10-13 00:52:53.248506	2025-10-13 00:52:53.248506
7105	7	19	11	0	0	\N	BO3	regular_season	5	115	scheduled	2025-10-17 00:52:53.244	\N	\N	\N	2025-10-13 00:52:53.248506	2025-10-13 00:52:53.248506
7106	7	16	20	0	0	\N	BO3	regular_season	6	116	scheduled	2025-10-18 00:52:53.244	\N	\N	\N	2025-10-13 00:52:53.248506	2025-10-13 00:52:53.248506
7107	7	17	15	0	0	\N	BO3	regular_season	6	117	scheduled	2025-10-18 00:52:53.244	\N	\N	\N	2025-10-13 00:52:53.248506	2025-10-13 00:52:53.248506
7108	7	18	14	0	0	\N	BO3	regular_season	6	118	scheduled	2025-10-18 00:52:53.244	\N	\N	\N	2025-10-13 00:52:53.248506	2025-10-13 00:52:53.248506
7109	7	19	13	0	0	\N	BO3	regular_season	6	119	scheduled	2025-10-18 00:52:53.244	\N	\N	\N	2025-10-13 00:52:53.248506	2025-10-13 00:52:53.248506
7110	7	11	12	0	0	\N	BO3	regular_season	6	120	scheduled	2025-10-18 00:52:53.244	\N	\N	\N	2025-10-13 00:52:53.248506	2025-10-13 00:52:53.248506
7111	7	17	20	0	0	\N	BO3	regular_season	7	121	scheduled	2025-10-19 00:52:53.244	\N	\N	\N	2025-10-13 00:52:53.248506	2025-10-13 00:52:53.248506
7112	7	18	16	0	0	\N	BO3	regular_season	7	122	scheduled	2025-10-19 00:52:53.244	\N	\N	\N	2025-10-13 00:52:53.248506	2025-10-13 00:52:53.248506
7113	7	19	15	0	0	\N	BO3	regular_season	7	123	scheduled	2025-10-19 00:52:53.244	\N	\N	\N	2025-10-13 00:52:53.248506	2025-10-13 00:52:53.248506
7114	7	11	14	0	0	\N	BO3	regular_season	7	124	scheduled	2025-10-19 00:52:53.244	\N	\N	\N	2025-10-13 00:52:53.248506	2025-10-13 00:52:53.248506
7115	7	12	13	0	0	\N	BO3	regular_season	7	125	scheduled	2025-10-19 00:52:53.244	\N	\N	\N	2025-10-13 00:52:53.248506	2025-10-13 00:52:53.248506
7116	7	18	20	0	0	\N	BO3	regular_season	8	126	scheduled	2025-10-20 00:52:53.244	\N	\N	\N	2025-10-13 00:52:53.248506	2025-10-13 00:52:53.248506
7117	7	19	17	0	0	\N	BO3	regular_season	8	127	scheduled	2025-10-20 00:52:53.244	\N	\N	\N	2025-10-13 00:52:53.248506	2025-10-13 00:52:53.248506
7118	7	11	16	0	0	\N	BO3	regular_season	8	128	scheduled	2025-10-20 00:52:53.244	\N	\N	\N	2025-10-13 00:52:53.248506	2025-10-13 00:52:53.248506
7119	7	12	15	0	0	\N	BO3	regular_season	8	129	scheduled	2025-10-20 00:52:53.244	\N	\N	\N	2025-10-13 00:52:53.248506	2025-10-13 00:52:53.248506
7120	7	13	14	0	0	\N	BO3	regular_season	8	130	scheduled	2025-10-20 00:52:53.244	\N	\N	\N	2025-10-13 00:52:53.248506	2025-10-13 00:52:53.248506
7121	7	19	20	0	0	\N	BO3	regular_season	9	131	scheduled	2025-10-21 00:52:53.244	\N	\N	\N	2025-10-13 00:52:53.248506	2025-10-13 00:52:53.248506
7122	7	11	18	0	0	\N	BO3	regular_season	9	132	scheduled	2025-10-21 00:52:53.244	\N	\N	\N	2025-10-13 00:52:53.248506	2025-10-13 00:52:53.248506
7123	7	12	17	0	0	\N	BO3	regular_season	9	133	scheduled	2025-10-21 00:52:53.244	\N	\N	\N	2025-10-13 00:52:53.248506	2025-10-13 00:52:53.248506
7124	7	13	16	0	0	\N	BO3	regular_season	9	134	scheduled	2025-10-21 00:52:53.244	\N	\N	\N	2025-10-13 00:52:53.248506	2025-10-13 00:52:53.248506
7125	7	14	15	0	0	\N	BO3	regular_season	9	135	scheduled	2025-10-21 00:52:53.244	\N	\N	\N	2025-10-13 00:52:53.248506	2025-10-13 00:52:53.248506
7126	7	20	11	0	0	\N	BO3	regular_season	10	136	scheduled	2025-10-22 00:52:53.244	\N	\N	\N	2025-10-13 00:52:53.248506	2025-10-13 00:52:53.248506
7127	7	19	12	0	0	\N	BO3	regular_season	10	137	scheduled	2025-10-22 00:52:53.244	\N	\N	\N	2025-10-13 00:52:53.248506	2025-10-13 00:52:53.248506
7128	7	18	13	0	0	\N	BO3	regular_season	10	138	scheduled	2025-10-22 00:52:53.244	\N	\N	\N	2025-10-13 00:52:53.248506	2025-10-13 00:52:53.248506
7129	7	17	14	0	0	\N	BO3	regular_season	10	139	scheduled	2025-10-22 00:52:53.244	\N	\N	\N	2025-10-13 00:52:53.248506	2025-10-13 00:52:53.248506
7130	7	16	15	0	0	\N	BO3	regular_season	10	140	scheduled	2025-10-22 00:52:53.244	\N	\N	\N	2025-10-13 00:52:53.248506	2025-10-13 00:52:53.248506
7131	7	20	12	0	0	\N	BO3	regular_season	11	141	scheduled	2025-10-23 00:52:53.244	\N	\N	\N	2025-10-13 00:52:53.248506	2025-10-13 00:52:53.248506
7132	7	11	13	0	0	\N	BO3	regular_season	11	142	scheduled	2025-10-23 00:52:53.244	\N	\N	\N	2025-10-13 00:52:53.248506	2025-10-13 00:52:53.248506
7133	7	19	14	0	0	\N	BO3	regular_season	11	143	scheduled	2025-10-23 00:52:53.244	\N	\N	\N	2025-10-13 00:52:53.248506	2025-10-13 00:52:53.248506
7134	7	18	15	0	0	\N	BO3	regular_season	11	144	scheduled	2025-10-23 00:52:53.244	\N	\N	\N	2025-10-13 00:52:53.248506	2025-10-13 00:52:53.248506
7135	7	17	16	0	0	\N	BO3	regular_season	11	145	scheduled	2025-10-23 00:52:53.244	\N	\N	\N	2025-10-13 00:52:53.248506	2025-10-13 00:52:53.248506
7136	7	20	13	0	0	\N	BO3	regular_season	12	146	scheduled	2025-10-24 00:52:53.244	\N	\N	\N	2025-10-13 00:52:53.248506	2025-10-13 00:52:53.248506
7137	7	12	14	0	0	\N	BO3	regular_season	12	147	scheduled	2025-10-24 00:52:53.244	\N	\N	\N	2025-10-13 00:52:53.248506	2025-10-13 00:52:53.248506
7138	7	11	15	0	0	\N	BO3	regular_season	12	148	scheduled	2025-10-24 00:52:53.244	\N	\N	\N	2025-10-13 00:52:53.248506	2025-10-13 00:52:53.248506
7139	7	19	16	0	0	\N	BO3	regular_season	12	149	scheduled	2025-10-24 00:52:53.244	\N	\N	\N	2025-10-13 00:52:53.248506	2025-10-13 00:52:53.248506
7140	7	18	17	0	0	\N	BO3	regular_season	12	150	scheduled	2025-10-24 00:52:53.244	\N	\N	\N	2025-10-13 00:52:53.248506	2025-10-13 00:52:53.248506
7141	7	20	14	0	0	\N	BO3	regular_season	13	151	scheduled	2025-10-25 00:52:53.244	\N	\N	\N	2025-10-13 00:52:53.248506	2025-10-13 00:52:53.248506
7142	7	13	15	0	0	\N	BO3	regular_season	13	152	scheduled	2025-10-25 00:52:53.244	\N	\N	\N	2025-10-13 00:52:53.248506	2025-10-13 00:52:53.248506
7143	7	12	16	0	0	\N	BO3	regular_season	13	153	scheduled	2025-10-25 00:52:53.244	\N	\N	\N	2025-10-13 00:52:53.248506	2025-10-13 00:52:53.248506
7144	7	11	17	0	0	\N	BO3	regular_season	13	154	scheduled	2025-10-25 00:52:53.244	\N	\N	\N	2025-10-13 00:52:53.248506	2025-10-13 00:52:53.248506
7145	7	19	18	0	0	\N	BO3	regular_season	13	155	scheduled	2025-10-25 00:52:53.244	\N	\N	\N	2025-10-13 00:52:53.248506	2025-10-13 00:52:53.248506
7146	7	20	15	0	0	\N	BO3	regular_season	14	156	scheduled	2025-10-26 00:52:53.244	\N	\N	\N	2025-10-13 00:52:53.248506	2025-10-13 00:52:53.248506
7147	7	14	16	0	0	\N	BO3	regular_season	14	157	scheduled	2025-10-26 00:52:53.244	\N	\N	\N	2025-10-13 00:52:53.248506	2025-10-13 00:52:53.248506
7148	7	13	17	0	0	\N	BO3	regular_season	14	158	scheduled	2025-10-26 00:52:53.244	\N	\N	\N	2025-10-13 00:52:53.248506	2025-10-13 00:52:53.248506
7149	7	12	18	0	0	\N	BO3	regular_season	14	159	scheduled	2025-10-26 00:52:53.244	\N	\N	\N	2025-10-13 00:52:53.248506	2025-10-13 00:52:53.248506
7150	7	11	19	0	0	\N	BO3	regular_season	14	160	scheduled	2025-10-26 00:52:53.244	\N	\N	\N	2025-10-13 00:52:53.248506	2025-10-13 00:52:53.248506
7151	7	20	16	0	0	\N	BO3	regular_season	15	161	scheduled	2025-10-27 00:52:53.244	\N	\N	\N	2025-10-13 00:52:53.248506	2025-10-13 00:52:53.248506
7152	7	15	17	0	0	\N	BO3	regular_season	15	162	scheduled	2025-10-27 00:52:53.244	\N	\N	\N	2025-10-13 00:52:53.248506	2025-10-13 00:52:53.248506
7153	7	14	18	0	0	\N	BO3	regular_season	15	163	scheduled	2025-10-27 00:52:53.244	\N	\N	\N	2025-10-13 00:52:53.248506	2025-10-13 00:52:53.248506
7154	7	13	19	0	0	\N	BO3	regular_season	15	164	scheduled	2025-10-27 00:52:53.244	\N	\N	\N	2025-10-13 00:52:53.248506	2025-10-13 00:52:53.248506
7155	7	12	11	0	0	\N	BO3	regular_season	15	165	scheduled	2025-10-27 00:52:53.244	\N	\N	\N	2025-10-13 00:52:53.248506	2025-10-13 00:52:53.248506
7156	7	20	17	0	0	\N	BO3	regular_season	16	166	scheduled	2025-10-28 00:52:53.244	\N	\N	\N	2025-10-13 00:52:53.248506	2025-10-13 00:52:53.248506
7157	7	16	18	0	0	\N	BO3	regular_season	16	167	scheduled	2025-10-28 00:52:53.244	\N	\N	\N	2025-10-13 00:52:53.248506	2025-10-13 00:52:53.248506
7158	7	15	19	0	0	\N	BO3	regular_season	16	168	scheduled	2025-10-28 00:52:53.244	\N	\N	\N	2025-10-13 00:52:53.248506	2025-10-13 00:52:53.248506
7159	7	14	11	0	0	\N	BO3	regular_season	16	169	scheduled	2025-10-28 00:52:53.244	\N	\N	\N	2025-10-13 00:52:53.248506	2025-10-13 00:52:53.248506
7160	7	13	12	0	0	\N	BO3	regular_season	16	170	scheduled	2025-10-28 00:52:53.244	\N	\N	\N	2025-10-13 00:52:53.248506	2025-10-13 00:52:53.248506
7161	7	20	18	0	0	\N	BO3	regular_season	17	171	scheduled	2025-10-29 00:52:53.244	\N	\N	\N	2025-10-13 00:52:53.248506	2025-10-13 00:52:53.248506
7162	7	17	19	0	0	\N	BO3	regular_season	17	172	scheduled	2025-10-29 00:52:53.244	\N	\N	\N	2025-10-13 00:52:53.248506	2025-10-13 00:52:53.248506
7163	7	16	11	0	0	\N	BO3	regular_season	17	173	scheduled	2025-10-29 00:52:53.244	\N	\N	\N	2025-10-13 00:52:53.248506	2025-10-13 00:52:53.248506
7164	7	15	12	0	0	\N	BO3	regular_season	17	174	scheduled	2025-10-29 00:52:53.244	\N	\N	\N	2025-10-13 00:52:53.248506	2025-10-13 00:52:53.248506
7165	7	14	13	0	0	\N	BO3	regular_season	17	175	scheduled	2025-10-29 00:52:53.244	\N	\N	\N	2025-10-13 00:52:53.248506	2025-10-13 00:52:53.248506
7166	7	20	19	0	0	\N	BO3	regular_season	18	176	scheduled	2025-10-30 00:52:53.244	\N	\N	\N	2025-10-13 00:52:53.248506	2025-10-13 00:52:53.248506
7167	7	18	11	0	0	\N	BO3	regular_season	18	177	scheduled	2025-10-30 00:52:53.244	\N	\N	\N	2025-10-13 00:52:53.248506	2025-10-13 00:52:53.248506
7168	7	17	12	0	0	\N	BO3	regular_season	18	178	scheduled	2025-10-30 00:52:53.244	\N	\N	\N	2025-10-13 00:52:53.248506	2025-10-13 00:52:53.248506
7169	7	16	13	0	0	\N	BO3	regular_season	18	179	scheduled	2025-10-30 00:52:53.244	\N	\N	\N	2025-10-13 00:52:53.248506	2025-10-13 00:52:53.248506
7170	7	15	14	0	0	\N	BO3	regular_season	18	180	scheduled	2025-10-30 00:52:53.244	\N	\N	\N	2025-10-13 00:52:53.248506	2025-10-13 00:52:53.248506
7171	7	21	30	0	0	\N	BO3	regular_season	1	181	scheduled	2025-10-13 00:52:53.244	\N	\N	\N	2025-10-13 00:52:53.248506	2025-10-13 00:52:53.248506
7172	7	22	29	0	0	\N	BO3	regular_season	1	182	scheduled	2025-10-13 00:52:53.244	\N	\N	\N	2025-10-13 00:52:53.248506	2025-10-13 00:52:53.248506
7173	7	23	28	0	0	\N	BO3	regular_season	1	183	scheduled	2025-10-13 00:52:53.244	\N	\N	\N	2025-10-13 00:52:53.248506	2025-10-13 00:52:53.248506
7174	7	24	27	0	0	\N	BO3	regular_season	1	184	scheduled	2025-10-13 00:52:53.244	\N	\N	\N	2025-10-13 00:52:53.248506	2025-10-13 00:52:53.248506
7175	7	25	26	0	0	\N	BO3	regular_season	1	185	scheduled	2025-10-13 00:52:53.244	\N	\N	\N	2025-10-13 00:52:53.248506	2025-10-13 00:52:53.248506
7176	7	22	30	0	0	\N	BO3	regular_season	2	186	scheduled	2025-10-14 00:52:53.244	\N	\N	\N	2025-10-13 00:52:53.248506	2025-10-13 00:52:53.248506
7177	7	23	21	0	0	\N	BO3	regular_season	2	187	scheduled	2025-10-14 00:52:53.244	\N	\N	\N	2025-10-13 00:52:53.248506	2025-10-13 00:52:53.248506
7178	7	24	29	0	0	\N	BO3	regular_season	2	188	scheduled	2025-10-14 00:52:53.244	\N	\N	\N	2025-10-13 00:52:53.248506	2025-10-13 00:52:53.248506
7179	7	25	28	0	0	\N	BO3	regular_season	2	189	scheduled	2025-10-14 00:52:53.244	\N	\N	\N	2025-10-13 00:52:53.248506	2025-10-13 00:52:53.248506
7180	7	26	27	0	0	\N	BO3	regular_season	2	190	scheduled	2025-10-14 00:52:53.244	\N	\N	\N	2025-10-13 00:52:53.248506	2025-10-13 00:52:53.248506
7181	7	23	30	0	0	\N	BO3	regular_season	3	191	scheduled	2025-10-15 00:52:53.244	\N	\N	\N	2025-10-13 00:52:53.248506	2025-10-13 00:52:53.248506
7182	7	24	22	0	0	\N	BO3	regular_season	3	192	scheduled	2025-10-15 00:52:53.244	\N	\N	\N	2025-10-13 00:52:53.248506	2025-10-13 00:52:53.248506
7183	7	25	21	0	0	\N	BO3	regular_season	3	193	scheduled	2025-10-15 00:52:53.244	\N	\N	\N	2025-10-13 00:52:53.248506	2025-10-13 00:52:53.248506
7184	7	26	29	0	0	\N	BO3	regular_season	3	194	scheduled	2025-10-15 00:52:53.244	\N	\N	\N	2025-10-13 00:52:53.248506	2025-10-13 00:52:53.248506
7185	7	27	28	0	0	\N	BO3	regular_season	3	195	scheduled	2025-10-15 00:52:53.244	\N	\N	\N	2025-10-13 00:52:53.248506	2025-10-13 00:52:53.248506
7186	7	24	30	0	0	\N	BO3	regular_season	4	196	scheduled	2025-10-16 00:52:53.244	\N	\N	\N	2025-10-13 00:52:53.248506	2025-10-13 00:52:53.248506
7187	7	25	23	0	0	\N	BO3	regular_season	4	197	scheduled	2025-10-16 00:52:53.244	\N	\N	\N	2025-10-13 00:52:53.248506	2025-10-13 00:52:53.248506
7188	7	26	22	0	0	\N	BO3	regular_season	4	198	scheduled	2025-10-16 00:52:53.244	\N	\N	\N	2025-10-13 00:52:53.248506	2025-10-13 00:52:53.248506
7189	7	27	21	0	0	\N	BO3	regular_season	4	199	scheduled	2025-10-16 00:52:53.244	\N	\N	\N	2025-10-13 00:52:53.248506	2025-10-13 00:52:53.248506
7190	7	28	29	0	0	\N	BO3	regular_season	4	200	scheduled	2025-10-16 00:52:53.244	\N	\N	\N	2025-10-13 00:52:53.248506	2025-10-13 00:52:53.248506
7191	7	25	30	0	0	\N	BO3	regular_season	5	201	scheduled	2025-10-17 00:52:53.244	\N	\N	\N	2025-10-13 00:52:53.248506	2025-10-13 00:52:53.248506
7192	7	26	24	0	0	\N	BO3	regular_season	5	202	scheduled	2025-10-17 00:52:53.244	\N	\N	\N	2025-10-13 00:52:53.248506	2025-10-13 00:52:53.248506
7193	7	27	23	0	0	\N	BO3	regular_season	5	203	scheduled	2025-10-17 00:52:53.244	\N	\N	\N	2025-10-13 00:52:53.248506	2025-10-13 00:52:53.248506
7194	7	28	22	0	0	\N	BO3	regular_season	5	204	scheduled	2025-10-17 00:52:53.244	\N	\N	\N	2025-10-13 00:52:53.248506	2025-10-13 00:52:53.248506
7195	7	29	21	0	0	\N	BO3	regular_season	5	205	scheduled	2025-10-17 00:52:53.244	\N	\N	\N	2025-10-13 00:52:53.248506	2025-10-13 00:52:53.248506
7196	7	26	30	0	0	\N	BO3	regular_season	6	206	scheduled	2025-10-18 00:52:53.244	\N	\N	\N	2025-10-13 00:52:53.248506	2025-10-13 00:52:53.248506
7197	7	27	25	0	0	\N	BO3	regular_season	6	207	scheduled	2025-10-18 00:52:53.244	\N	\N	\N	2025-10-13 00:52:53.248506	2025-10-13 00:52:53.248506
7198	7	28	24	0	0	\N	BO3	regular_season	6	208	scheduled	2025-10-18 00:52:53.244	\N	\N	\N	2025-10-13 00:52:53.248506	2025-10-13 00:52:53.248506
7199	7	29	23	0	0	\N	BO3	regular_season	6	209	scheduled	2025-10-18 00:52:53.244	\N	\N	\N	2025-10-13 00:52:53.248506	2025-10-13 00:52:53.248506
7200	7	21	22	0	0	\N	BO3	regular_season	6	210	scheduled	2025-10-18 00:52:53.244	\N	\N	\N	2025-10-13 00:52:53.248506	2025-10-13 00:52:53.248506
7201	7	27	30	0	0	\N	BO3	regular_season	7	211	scheduled	2025-10-19 00:52:53.244	\N	\N	\N	2025-10-13 00:52:53.248506	2025-10-13 00:52:53.248506
7202	7	28	26	0	0	\N	BO3	regular_season	7	212	scheduled	2025-10-19 00:52:53.244	\N	\N	\N	2025-10-13 00:52:53.248506	2025-10-13 00:52:53.248506
7203	7	29	25	0	0	\N	BO3	regular_season	7	213	scheduled	2025-10-19 00:52:53.244	\N	\N	\N	2025-10-13 00:52:53.248506	2025-10-13 00:52:53.248506
7204	7	21	24	0	0	\N	BO3	regular_season	7	214	scheduled	2025-10-19 00:52:53.244	\N	\N	\N	2025-10-13 00:52:53.248506	2025-10-13 00:52:53.248506
7205	7	22	23	0	0	\N	BO3	regular_season	7	215	scheduled	2025-10-19 00:52:53.244	\N	\N	\N	2025-10-13 00:52:53.248506	2025-10-13 00:52:53.248506
7206	7	28	30	0	0	\N	BO3	regular_season	8	216	scheduled	2025-10-20 00:52:53.244	\N	\N	\N	2025-10-13 00:52:53.248506	2025-10-13 00:52:53.248506
7207	7	29	27	0	0	\N	BO3	regular_season	8	217	scheduled	2025-10-20 00:52:53.244	\N	\N	\N	2025-10-13 00:52:53.248506	2025-10-13 00:52:53.248506
7208	7	21	26	0	0	\N	BO3	regular_season	8	218	scheduled	2025-10-20 00:52:53.244	\N	\N	\N	2025-10-13 00:52:53.248506	2025-10-13 00:52:53.248506
7209	7	22	25	0	0	\N	BO3	regular_season	8	219	scheduled	2025-10-20 00:52:53.244	\N	\N	\N	2025-10-13 00:52:53.248506	2025-10-13 00:52:53.248506
7210	7	23	24	0	0	\N	BO3	regular_season	8	220	scheduled	2025-10-20 00:52:53.244	\N	\N	\N	2025-10-13 00:52:53.248506	2025-10-13 00:52:53.248506
7211	7	29	30	0	0	\N	BO3	regular_season	9	221	scheduled	2025-10-21 00:52:53.244	\N	\N	\N	2025-10-13 00:52:53.248506	2025-10-13 00:52:53.248506
7212	7	21	28	0	0	\N	BO3	regular_season	9	222	scheduled	2025-10-21 00:52:53.244	\N	\N	\N	2025-10-13 00:52:53.248506	2025-10-13 00:52:53.248506
7213	7	22	27	0	0	\N	BO3	regular_season	9	223	scheduled	2025-10-21 00:52:53.244	\N	\N	\N	2025-10-13 00:52:53.248506	2025-10-13 00:52:53.248506
7214	7	23	26	0	0	\N	BO3	regular_season	9	224	scheduled	2025-10-21 00:52:53.244	\N	\N	\N	2025-10-13 00:52:53.248506	2025-10-13 00:52:53.248506
7215	7	24	25	0	0	\N	BO3	regular_season	9	225	scheduled	2025-10-21 00:52:53.244	\N	\N	\N	2025-10-13 00:52:53.248506	2025-10-13 00:52:53.248506
7216	7	30	21	0	0	\N	BO3	regular_season	10	226	scheduled	2025-10-22 00:52:53.244	\N	\N	\N	2025-10-13 00:52:53.248506	2025-10-13 00:52:53.248506
7217	7	29	22	0	0	\N	BO3	regular_season	10	227	scheduled	2025-10-22 00:52:53.244	\N	\N	\N	2025-10-13 00:52:53.248506	2025-10-13 00:52:53.248506
7218	7	28	23	0	0	\N	BO3	regular_season	10	228	scheduled	2025-10-22 00:52:53.244	\N	\N	\N	2025-10-13 00:52:53.248506	2025-10-13 00:52:53.248506
7219	7	27	24	0	0	\N	BO3	regular_season	10	229	scheduled	2025-10-22 00:52:53.244	\N	\N	\N	2025-10-13 00:52:53.248506	2025-10-13 00:52:53.248506
7220	7	26	25	0	0	\N	BO3	regular_season	10	230	scheduled	2025-10-22 00:52:53.244	\N	\N	\N	2025-10-13 00:52:53.248506	2025-10-13 00:52:53.248506
7221	7	30	22	0	0	\N	BO3	regular_season	11	231	scheduled	2025-10-23 00:52:53.244	\N	\N	\N	2025-10-13 00:52:53.248506	2025-10-13 00:52:53.248506
7222	7	21	23	0	0	\N	BO3	regular_season	11	232	scheduled	2025-10-23 00:52:53.244	\N	\N	\N	2025-10-13 00:52:53.248506	2025-10-13 00:52:53.248506
7223	7	29	24	0	0	\N	BO3	regular_season	11	233	scheduled	2025-10-23 00:52:53.244	\N	\N	\N	2025-10-13 00:52:53.248506	2025-10-13 00:52:53.248506
7224	7	28	25	0	0	\N	BO3	regular_season	11	234	scheduled	2025-10-23 00:52:53.244	\N	\N	\N	2025-10-13 00:52:53.248506	2025-10-13 00:52:53.248506
7225	7	27	26	0	0	\N	BO3	regular_season	11	235	scheduled	2025-10-23 00:52:53.244	\N	\N	\N	2025-10-13 00:52:53.248506	2025-10-13 00:52:53.248506
7226	7	30	23	0	0	\N	BO3	regular_season	12	236	scheduled	2025-10-24 00:52:53.244	\N	\N	\N	2025-10-13 00:52:53.248506	2025-10-13 00:52:53.248506
7227	7	22	24	0	0	\N	BO3	regular_season	12	237	scheduled	2025-10-24 00:52:53.244	\N	\N	\N	2025-10-13 00:52:53.248506	2025-10-13 00:52:53.248506
7228	7	21	25	0	0	\N	BO3	regular_season	12	238	scheduled	2025-10-24 00:52:53.244	\N	\N	\N	2025-10-13 00:52:53.248506	2025-10-13 00:52:53.248506
7229	7	29	26	0	0	\N	BO3	regular_season	12	239	scheduled	2025-10-24 00:52:53.244	\N	\N	\N	2025-10-13 00:52:53.248506	2025-10-13 00:52:53.248506
7230	7	28	27	0	0	\N	BO3	regular_season	12	240	scheduled	2025-10-24 00:52:53.244	\N	\N	\N	2025-10-13 00:52:53.248506	2025-10-13 00:52:53.248506
7231	7	30	24	0	0	\N	BO3	regular_season	13	241	scheduled	2025-10-25 00:52:53.244	\N	\N	\N	2025-10-13 00:52:53.248506	2025-10-13 00:52:53.248506
7232	7	23	25	0	0	\N	BO3	regular_season	13	242	scheduled	2025-10-25 00:52:53.244	\N	\N	\N	2025-10-13 00:52:53.248506	2025-10-13 00:52:53.248506
7233	7	22	26	0	0	\N	BO3	regular_season	13	243	scheduled	2025-10-25 00:52:53.244	\N	\N	\N	2025-10-13 00:52:53.248506	2025-10-13 00:52:53.248506
7234	7	21	27	0	0	\N	BO3	regular_season	13	244	scheduled	2025-10-25 00:52:53.244	\N	\N	\N	2025-10-13 00:52:53.248506	2025-10-13 00:52:53.248506
7235	7	29	28	0	0	\N	BO3	regular_season	13	245	scheduled	2025-10-25 00:52:53.244	\N	\N	\N	2025-10-13 00:52:53.248506	2025-10-13 00:52:53.248506
7236	7	30	25	0	0	\N	BO3	regular_season	14	246	scheduled	2025-10-26 00:52:53.244	\N	\N	\N	2025-10-13 00:52:53.248506	2025-10-13 00:52:53.248506
7237	7	24	26	0	0	\N	BO3	regular_season	14	247	scheduled	2025-10-26 00:52:53.244	\N	\N	\N	2025-10-13 00:52:53.248506	2025-10-13 00:52:53.248506
7238	7	23	27	0	0	\N	BO3	regular_season	14	248	scheduled	2025-10-26 00:52:53.244	\N	\N	\N	2025-10-13 00:52:53.248506	2025-10-13 00:52:53.248506
7239	7	22	28	0	0	\N	BO3	regular_season	14	249	scheduled	2025-10-26 00:52:53.244	\N	\N	\N	2025-10-13 00:52:53.248506	2025-10-13 00:52:53.248506
7240	7	21	29	0	0	\N	BO3	regular_season	14	250	scheduled	2025-10-26 00:52:53.244	\N	\N	\N	2025-10-13 00:52:53.248506	2025-10-13 00:52:53.248506
7241	7	30	26	0	0	\N	BO3	regular_season	15	251	scheduled	2025-10-27 00:52:53.244	\N	\N	\N	2025-10-13 00:52:53.248506	2025-10-13 00:52:53.248506
7242	7	25	27	0	0	\N	BO3	regular_season	15	252	scheduled	2025-10-27 00:52:53.244	\N	\N	\N	2025-10-13 00:52:53.248506	2025-10-13 00:52:53.248506
7243	7	24	28	0	0	\N	BO3	regular_season	15	253	scheduled	2025-10-27 00:52:53.244	\N	\N	\N	2025-10-13 00:52:53.248506	2025-10-13 00:52:53.248506
7244	7	23	29	0	0	\N	BO3	regular_season	15	254	scheduled	2025-10-27 00:52:53.244	\N	\N	\N	2025-10-13 00:52:53.248506	2025-10-13 00:52:53.248506
7245	7	22	21	0	0	\N	BO3	regular_season	15	255	scheduled	2025-10-27 00:52:53.244	\N	\N	\N	2025-10-13 00:52:53.248506	2025-10-13 00:52:53.248506
7246	7	30	27	0	0	\N	BO3	regular_season	16	256	scheduled	2025-10-28 00:52:53.244	\N	\N	\N	2025-10-13 00:52:53.248506	2025-10-13 00:52:53.248506
7247	7	26	28	0	0	\N	BO3	regular_season	16	257	scheduled	2025-10-28 00:52:53.244	\N	\N	\N	2025-10-13 00:52:53.248506	2025-10-13 00:52:53.248506
7248	7	25	29	0	0	\N	BO3	regular_season	16	258	scheduled	2025-10-28 00:52:53.244	\N	\N	\N	2025-10-13 00:52:53.248506	2025-10-13 00:52:53.248506
7249	7	24	21	0	0	\N	BO3	regular_season	16	259	scheduled	2025-10-28 00:52:53.244	\N	\N	\N	2025-10-13 00:52:53.248506	2025-10-13 00:52:53.248506
7250	7	23	22	0	0	\N	BO3	regular_season	16	260	scheduled	2025-10-28 00:52:53.244	\N	\N	\N	2025-10-13 00:52:53.248506	2025-10-13 00:52:53.248506
7251	7	30	28	0	0	\N	BO3	regular_season	17	261	scheduled	2025-10-29 00:52:53.244	\N	\N	\N	2025-10-13 00:52:53.248506	2025-10-13 00:52:53.248506
7252	7	27	29	0	0	\N	BO3	regular_season	17	262	scheduled	2025-10-29 00:52:53.244	\N	\N	\N	2025-10-13 00:52:53.248506	2025-10-13 00:52:53.248506
7253	7	26	21	0	0	\N	BO3	regular_season	17	263	scheduled	2025-10-29 00:52:53.244	\N	\N	\N	2025-10-13 00:52:53.248506	2025-10-13 00:52:53.248506
7254	7	25	22	0	0	\N	BO3	regular_season	17	264	scheduled	2025-10-29 00:52:53.244	\N	\N	\N	2025-10-13 00:52:53.248506	2025-10-13 00:52:53.248506
7255	7	24	23	0	0	\N	BO3	regular_season	17	265	scheduled	2025-10-29 00:52:53.244	\N	\N	\N	2025-10-13 00:52:53.248506	2025-10-13 00:52:53.248506
7256	7	30	29	0	0	\N	BO3	regular_season	18	266	scheduled	2025-10-30 00:52:53.244	\N	\N	\N	2025-10-13 00:52:53.248506	2025-10-13 00:52:53.248506
7257	7	28	21	0	0	\N	BO3	regular_season	18	267	scheduled	2025-10-30 00:52:53.244	\N	\N	\N	2025-10-13 00:52:53.248506	2025-10-13 00:52:53.248506
7258	7	27	22	0	0	\N	BO3	regular_season	18	268	scheduled	2025-10-30 00:52:53.244	\N	\N	\N	2025-10-13 00:52:53.248506	2025-10-13 00:52:53.248506
7259	7	26	23	0	0	\N	BO3	regular_season	18	269	scheduled	2025-10-30 00:52:53.244	\N	\N	\N	2025-10-13 00:52:53.248506	2025-10-13 00:52:53.248506
7260	7	25	24	0	0	\N	BO3	regular_season	18	270	scheduled	2025-10-30 00:52:53.244	\N	\N	\N	2025-10-13 00:52:53.248506	2025-10-13 00:52:53.248506
7261	7	31	40	0	0	\N	BO3	regular_season	1	271	scheduled	2025-10-13 00:52:53.244	\N	\N	\N	2025-10-13 00:52:53.248506	2025-10-13 00:52:53.248506
7262	7	32	39	0	0	\N	BO3	regular_season	1	272	scheduled	2025-10-13 00:52:53.244	\N	\N	\N	2025-10-13 00:52:53.248506	2025-10-13 00:52:53.248506
7263	7	33	38	0	0	\N	BO3	regular_season	1	273	scheduled	2025-10-13 00:52:53.244	\N	\N	\N	2025-10-13 00:52:53.248506	2025-10-13 00:52:53.248506
7264	7	34	37	0	0	\N	BO3	regular_season	1	274	scheduled	2025-10-13 00:52:53.244	\N	\N	\N	2025-10-13 00:52:53.248506	2025-10-13 00:52:53.248506
7265	7	35	36	0	0	\N	BO3	regular_season	1	275	scheduled	2025-10-13 00:52:53.244	\N	\N	\N	2025-10-13 00:52:53.248506	2025-10-13 00:52:53.248506
7266	7	32	40	0	0	\N	BO3	regular_season	2	276	scheduled	2025-10-14 00:52:53.244	\N	\N	\N	2025-10-13 00:52:53.248506	2025-10-13 00:52:53.248506
7267	7	33	31	0	0	\N	BO3	regular_season	2	277	scheduled	2025-10-14 00:52:53.244	\N	\N	\N	2025-10-13 00:52:53.248506	2025-10-13 00:52:53.248506
7268	7	34	39	0	0	\N	BO3	regular_season	2	278	scheduled	2025-10-14 00:52:53.244	\N	\N	\N	2025-10-13 00:52:53.248506	2025-10-13 00:52:53.248506
7269	7	35	38	0	0	\N	BO3	regular_season	2	279	scheduled	2025-10-14 00:52:53.244	\N	\N	\N	2025-10-13 00:52:53.248506	2025-10-13 00:52:53.248506
7270	7	36	37	0	0	\N	BO3	regular_season	2	280	scheduled	2025-10-14 00:52:53.244	\N	\N	\N	2025-10-13 00:52:53.248506	2025-10-13 00:52:53.248506
7271	7	33	40	0	0	\N	BO3	regular_season	3	281	scheduled	2025-10-15 00:52:53.244	\N	\N	\N	2025-10-13 00:52:53.248506	2025-10-13 00:52:53.248506
7272	7	34	32	0	0	\N	BO3	regular_season	3	282	scheduled	2025-10-15 00:52:53.244	\N	\N	\N	2025-10-13 00:52:53.248506	2025-10-13 00:52:53.248506
7273	7	35	31	0	0	\N	BO3	regular_season	3	283	scheduled	2025-10-15 00:52:53.244	\N	\N	\N	2025-10-13 00:52:53.248506	2025-10-13 00:52:53.248506
7274	7	36	39	0	0	\N	BO3	regular_season	3	284	scheduled	2025-10-15 00:52:53.244	\N	\N	\N	2025-10-13 00:52:53.248506	2025-10-13 00:52:53.248506
7275	7	37	38	0	0	\N	BO3	regular_season	3	285	scheduled	2025-10-15 00:52:53.244	\N	\N	\N	2025-10-13 00:52:53.248506	2025-10-13 00:52:53.248506
7276	7	34	40	0	0	\N	BO3	regular_season	4	286	scheduled	2025-10-16 00:52:53.244	\N	\N	\N	2025-10-13 00:52:53.248506	2025-10-13 00:52:53.248506
7277	7	35	33	0	0	\N	BO3	regular_season	4	287	scheduled	2025-10-16 00:52:53.244	\N	\N	\N	2025-10-13 00:52:53.248506	2025-10-13 00:52:53.248506
7278	7	36	32	0	0	\N	BO3	regular_season	4	288	scheduled	2025-10-16 00:52:53.244	\N	\N	\N	2025-10-13 00:52:53.248506	2025-10-13 00:52:53.248506
7279	7	37	31	0	0	\N	BO3	regular_season	4	289	scheduled	2025-10-16 00:52:53.244	\N	\N	\N	2025-10-13 00:52:53.248506	2025-10-13 00:52:53.248506
7280	7	38	39	0	0	\N	BO3	regular_season	4	290	scheduled	2025-10-16 00:52:53.244	\N	\N	\N	2025-10-13 00:52:53.248506	2025-10-13 00:52:53.248506
7281	7	35	40	0	0	\N	BO3	regular_season	5	291	scheduled	2025-10-17 00:52:53.244	\N	\N	\N	2025-10-13 00:52:53.248506	2025-10-13 00:52:53.248506
7282	7	36	34	0	0	\N	BO3	regular_season	5	292	scheduled	2025-10-17 00:52:53.244	\N	\N	\N	2025-10-13 00:52:53.248506	2025-10-13 00:52:53.248506
7283	7	37	33	0	0	\N	BO3	regular_season	5	293	scheduled	2025-10-17 00:52:53.244	\N	\N	\N	2025-10-13 00:52:53.248506	2025-10-13 00:52:53.248506
7284	7	38	32	0	0	\N	BO3	regular_season	5	294	scheduled	2025-10-17 00:52:53.244	\N	\N	\N	2025-10-13 00:52:53.248506	2025-10-13 00:52:53.248506
7285	7	39	31	0	0	\N	BO3	regular_season	5	295	scheduled	2025-10-17 00:52:53.244	\N	\N	\N	2025-10-13 00:52:53.248506	2025-10-13 00:52:53.248506
7286	7	36	40	0	0	\N	BO3	regular_season	6	296	scheduled	2025-10-18 00:52:53.244	\N	\N	\N	2025-10-13 00:52:53.248506	2025-10-13 00:52:53.248506
7287	7	37	35	0	0	\N	BO3	regular_season	6	297	scheduled	2025-10-18 00:52:53.244	\N	\N	\N	2025-10-13 00:52:53.248506	2025-10-13 00:52:53.248506
7288	7	38	34	0	0	\N	BO3	regular_season	6	298	scheduled	2025-10-18 00:52:53.244	\N	\N	\N	2025-10-13 00:52:53.248506	2025-10-13 00:52:53.248506
7289	7	39	33	0	0	\N	BO3	regular_season	6	299	scheduled	2025-10-18 00:52:53.244	\N	\N	\N	2025-10-13 00:52:53.248506	2025-10-13 00:52:53.248506
7290	7	31	32	0	0	\N	BO3	regular_season	6	300	scheduled	2025-10-18 00:52:53.244	\N	\N	\N	2025-10-13 00:52:53.248506	2025-10-13 00:52:53.248506
7291	7	37	40	0	0	\N	BO3	regular_season	7	301	scheduled	2025-10-19 00:52:53.244	\N	\N	\N	2025-10-13 00:52:53.248506	2025-10-13 00:52:53.248506
7292	7	38	36	0	0	\N	BO3	regular_season	7	302	scheduled	2025-10-19 00:52:53.244	\N	\N	\N	2025-10-13 00:52:53.248506	2025-10-13 00:52:53.248506
7293	7	39	35	0	0	\N	BO3	regular_season	7	303	scheduled	2025-10-19 00:52:53.244	\N	\N	\N	2025-10-13 00:52:53.248506	2025-10-13 00:52:53.248506
7294	7	31	34	0	0	\N	BO3	regular_season	7	304	scheduled	2025-10-19 00:52:53.244	\N	\N	\N	2025-10-13 00:52:53.248506	2025-10-13 00:52:53.248506
7295	7	32	33	0	0	\N	BO3	regular_season	7	305	scheduled	2025-10-19 00:52:53.244	\N	\N	\N	2025-10-13 00:52:53.248506	2025-10-13 00:52:53.248506
7296	7	38	40	0	0	\N	BO3	regular_season	8	306	scheduled	2025-10-20 00:52:53.244	\N	\N	\N	2025-10-13 00:52:53.248506	2025-10-13 00:52:53.248506
7297	7	39	37	0	0	\N	BO3	regular_season	8	307	scheduled	2025-10-20 00:52:53.244	\N	\N	\N	2025-10-13 00:52:53.248506	2025-10-13 00:52:53.248506
7298	7	31	36	0	0	\N	BO3	regular_season	8	308	scheduled	2025-10-20 00:52:53.244	\N	\N	\N	2025-10-13 00:52:53.248506	2025-10-13 00:52:53.248506
7299	7	32	35	0	0	\N	BO3	regular_season	8	309	scheduled	2025-10-20 00:52:53.244	\N	\N	\N	2025-10-13 00:52:53.248506	2025-10-13 00:52:53.248506
7300	7	33	34	0	0	\N	BO3	regular_season	8	310	scheduled	2025-10-20 00:52:53.244	\N	\N	\N	2025-10-13 00:52:53.248506	2025-10-13 00:52:53.248506
7301	7	39	40	0	0	\N	BO3	regular_season	9	311	scheduled	2025-10-21 00:52:53.244	\N	\N	\N	2025-10-13 00:52:53.248506	2025-10-13 00:52:53.248506
7302	7	31	38	0	0	\N	BO3	regular_season	9	312	scheduled	2025-10-21 00:52:53.244	\N	\N	\N	2025-10-13 00:52:53.248506	2025-10-13 00:52:53.248506
7303	7	32	37	0	0	\N	BO3	regular_season	9	313	scheduled	2025-10-21 00:52:53.244	\N	\N	\N	2025-10-13 00:52:53.248506	2025-10-13 00:52:53.248506
7304	7	33	36	0	0	\N	BO3	regular_season	9	314	scheduled	2025-10-21 00:52:53.244	\N	\N	\N	2025-10-13 00:52:53.248506	2025-10-13 00:52:53.248506
7305	7	34	35	0	0	\N	BO3	regular_season	9	315	scheduled	2025-10-21 00:52:53.244	\N	\N	\N	2025-10-13 00:52:53.248506	2025-10-13 00:52:53.248506
7306	7	40	31	0	0	\N	BO3	regular_season	10	316	scheduled	2025-10-22 00:52:53.244	\N	\N	\N	2025-10-13 00:52:53.248506	2025-10-13 00:52:53.248506
7307	7	39	32	0	0	\N	BO3	regular_season	10	317	scheduled	2025-10-22 00:52:53.244	\N	\N	\N	2025-10-13 00:52:53.248506	2025-10-13 00:52:53.248506
7308	7	38	33	0	0	\N	BO3	regular_season	10	318	scheduled	2025-10-22 00:52:53.244	\N	\N	\N	2025-10-13 00:52:53.248506	2025-10-13 00:52:53.248506
7309	7	37	34	0	0	\N	BO3	regular_season	10	319	scheduled	2025-10-22 00:52:53.244	\N	\N	\N	2025-10-13 00:52:53.248506	2025-10-13 00:52:53.248506
7310	7	36	35	0	0	\N	BO3	regular_season	10	320	scheduled	2025-10-22 00:52:53.244	\N	\N	\N	2025-10-13 00:52:53.248506	2025-10-13 00:52:53.248506
7311	7	40	32	0	0	\N	BO3	regular_season	11	321	scheduled	2025-10-23 00:52:53.244	\N	\N	\N	2025-10-13 00:52:53.248506	2025-10-13 00:52:53.248506
7312	7	31	33	0	0	\N	BO3	regular_season	11	322	scheduled	2025-10-23 00:52:53.244	\N	\N	\N	2025-10-13 00:52:53.248506	2025-10-13 00:52:53.248506
7313	7	39	34	0	0	\N	BO3	regular_season	11	323	scheduled	2025-10-23 00:52:53.244	\N	\N	\N	2025-10-13 00:52:53.248506	2025-10-13 00:52:53.248506
7314	7	38	35	0	0	\N	BO3	regular_season	11	324	scheduled	2025-10-23 00:52:53.244	\N	\N	\N	2025-10-13 00:52:53.248506	2025-10-13 00:52:53.248506
7315	7	37	36	0	0	\N	BO3	regular_season	11	325	scheduled	2025-10-23 00:52:53.244	\N	\N	\N	2025-10-13 00:52:53.248506	2025-10-13 00:52:53.248506
7316	7	40	33	0	0	\N	BO3	regular_season	12	326	scheduled	2025-10-24 00:52:53.244	\N	\N	\N	2025-10-13 00:52:53.248506	2025-10-13 00:52:53.248506
7317	7	32	34	0	0	\N	BO3	regular_season	12	327	scheduled	2025-10-24 00:52:53.244	\N	\N	\N	2025-10-13 00:52:53.248506	2025-10-13 00:52:53.248506
7318	7	31	35	0	0	\N	BO3	regular_season	12	328	scheduled	2025-10-24 00:52:53.244	\N	\N	\N	2025-10-13 00:52:53.248506	2025-10-13 00:52:53.248506
7319	7	39	36	0	0	\N	BO3	regular_season	12	329	scheduled	2025-10-24 00:52:53.244	\N	\N	\N	2025-10-13 00:52:53.248506	2025-10-13 00:52:53.248506
7320	7	38	37	0	0	\N	BO3	regular_season	12	330	scheduled	2025-10-24 00:52:53.244	\N	\N	\N	2025-10-13 00:52:53.248506	2025-10-13 00:52:53.248506
7321	7	40	34	0	0	\N	BO3	regular_season	13	331	scheduled	2025-10-25 00:52:53.244	\N	\N	\N	2025-10-13 00:52:53.248506	2025-10-13 00:52:53.248506
7322	7	33	35	0	0	\N	BO3	regular_season	13	332	scheduled	2025-10-25 00:52:53.244	\N	\N	\N	2025-10-13 00:52:53.248506	2025-10-13 00:52:53.248506
7323	7	32	36	0	0	\N	BO3	regular_season	13	333	scheduled	2025-10-25 00:52:53.244	\N	\N	\N	2025-10-13 00:52:53.248506	2025-10-13 00:52:53.248506
7324	7	31	37	0	0	\N	BO3	regular_season	13	334	scheduled	2025-10-25 00:52:53.244	\N	\N	\N	2025-10-13 00:52:53.248506	2025-10-13 00:52:53.248506
7325	7	39	38	0	0	\N	BO3	regular_season	13	335	scheduled	2025-10-25 00:52:53.244	\N	\N	\N	2025-10-13 00:52:53.248506	2025-10-13 00:52:53.248506
7326	7	40	35	0	0	\N	BO3	regular_season	14	336	scheduled	2025-10-26 00:52:53.244	\N	\N	\N	2025-10-13 00:52:53.248506	2025-10-13 00:52:53.248506
7327	7	34	36	0	0	\N	BO3	regular_season	14	337	scheduled	2025-10-26 00:52:53.244	\N	\N	\N	2025-10-13 00:52:53.248506	2025-10-13 00:52:53.248506
7328	7	33	37	0	0	\N	BO3	regular_season	14	338	scheduled	2025-10-26 00:52:53.244	\N	\N	\N	2025-10-13 00:52:53.248506	2025-10-13 00:52:53.248506
7329	7	32	38	0	0	\N	BO3	regular_season	14	339	scheduled	2025-10-26 00:52:53.244	\N	\N	\N	2025-10-13 00:52:53.248506	2025-10-13 00:52:53.248506
7330	7	31	39	0	0	\N	BO3	regular_season	14	340	scheduled	2025-10-26 00:52:53.244	\N	\N	\N	2025-10-13 00:52:53.248506	2025-10-13 00:52:53.248506
7331	7	40	36	0	0	\N	BO3	regular_season	15	341	scheduled	2025-10-27 00:52:53.244	\N	\N	\N	2025-10-13 00:52:53.248506	2025-10-13 00:52:53.248506
7332	7	35	37	0	0	\N	BO3	regular_season	15	342	scheduled	2025-10-27 00:52:53.244	\N	\N	\N	2025-10-13 00:52:53.248506	2025-10-13 00:52:53.248506
7333	7	34	38	0	0	\N	BO3	regular_season	15	343	scheduled	2025-10-27 00:52:53.244	\N	\N	\N	2025-10-13 00:52:53.248506	2025-10-13 00:52:53.248506
7334	7	33	39	0	0	\N	BO3	regular_season	15	344	scheduled	2025-10-27 00:52:53.244	\N	\N	\N	2025-10-13 00:52:53.248506	2025-10-13 00:52:53.248506
7335	7	32	31	0	0	\N	BO3	regular_season	15	345	scheduled	2025-10-27 00:52:53.244	\N	\N	\N	2025-10-13 00:52:53.248506	2025-10-13 00:52:53.248506
7336	7	40	37	0	0	\N	BO3	regular_season	16	346	scheduled	2025-10-28 00:52:53.244	\N	\N	\N	2025-10-13 00:52:53.248506	2025-10-13 00:52:53.248506
7337	7	36	38	0	0	\N	BO3	regular_season	16	347	scheduled	2025-10-28 00:52:53.244	\N	\N	\N	2025-10-13 00:52:53.248506	2025-10-13 00:52:53.248506
7338	7	35	39	0	0	\N	BO3	regular_season	16	348	scheduled	2025-10-28 00:52:53.244	\N	\N	\N	2025-10-13 00:52:53.248506	2025-10-13 00:52:53.248506
7339	7	34	31	0	0	\N	BO3	regular_season	16	349	scheduled	2025-10-28 00:52:53.244	\N	\N	\N	2025-10-13 00:52:53.248506	2025-10-13 00:52:53.248506
7340	7	33	32	0	0	\N	BO3	regular_season	16	350	scheduled	2025-10-28 00:52:53.244	\N	\N	\N	2025-10-13 00:52:53.248506	2025-10-13 00:52:53.248506
7341	7	40	38	0	0	\N	BO3	regular_season	17	351	scheduled	2025-10-29 00:52:53.244	\N	\N	\N	2025-10-13 00:52:53.248506	2025-10-13 00:52:53.248506
7342	7	37	39	0	0	\N	BO3	regular_season	17	352	scheduled	2025-10-29 00:52:53.244	\N	\N	\N	2025-10-13 00:52:53.248506	2025-10-13 00:52:53.248506
7343	7	36	31	0	0	\N	BO3	regular_season	17	353	scheduled	2025-10-29 00:52:53.244	\N	\N	\N	2025-10-13 00:52:53.248506	2025-10-13 00:52:53.248506
7344	7	35	32	0	0	\N	BO3	regular_season	17	354	scheduled	2025-10-29 00:52:53.244	\N	\N	\N	2025-10-13 00:52:53.248506	2025-10-13 00:52:53.248506
7345	7	34	33	0	0	\N	BO3	regular_season	17	355	scheduled	2025-10-29 00:52:53.244	\N	\N	\N	2025-10-13 00:52:53.248506	2025-10-13 00:52:53.248506
7346	7	40	39	0	0	\N	BO3	regular_season	18	356	scheduled	2025-10-30 00:52:53.244	\N	\N	\N	2025-10-13 00:52:53.248506	2025-10-13 00:52:53.248506
7347	7	38	31	0	0	\N	BO3	regular_season	18	357	scheduled	2025-10-30 00:52:53.244	\N	\N	\N	2025-10-13 00:52:53.248506	2025-10-13 00:52:53.248506
7348	7	37	32	0	0	\N	BO3	regular_season	18	358	scheduled	2025-10-30 00:52:53.244	\N	\N	\N	2025-10-13 00:52:53.248506	2025-10-13 00:52:53.248506
7349	7	36	33	0	0	\N	BO3	regular_season	18	359	scheduled	2025-10-30 00:52:53.244	\N	\N	\N	2025-10-13 00:52:53.248506	2025-10-13 00:52:53.248506
7350	7	35	34	0	0	\N	BO3	regular_season	18	360	scheduled	2025-10-30 00:52:53.244	\N	\N	\N	2025-10-13 00:52:53.248506	2025-10-13 00:52:53.248506
6991	7	1	10	0	2	10	BO3	regular_season	1	1	completed	2025-10-13 00:52:53.243	\N	2025-10-13 03:17:42.528	\N	2025-10-13 00:52:53.248506	2025-10-13 03:17:42.531254
6992	7	2	9	0	2	9	BO3	regular_season	1	2	completed	2025-10-13 00:52:53.243	\N	2025-10-13 03:17:55.108	\N	2025-10-13 00:52:53.248506	2025-10-13 03:17:55.110236
6993	7	3	8	0	2	8	BO3	regular_season	1	3	completed	2025-10-13 00:52:53.243	\N	2025-10-13 03:21:30.236	\N	2025-10-13 00:52:53.248506	2025-10-13 03:21:30.242625
6994	7	4	7	0	2	7	BO3	regular_season	1	4	completed	2025-10-13 00:52:53.243	\N	2025-10-13 03:22:18.103	\N	2025-10-13 00:52:53.248506	2025-10-13 03:22:18.105852
6995	7	5	6	0	2	6	BO3	regular_season	1	5	completed	2025-10-13 00:52:53.243	\N	2025-10-13 03:22:20.187	\N	2025-10-13 00:52:53.248506	2025-10-13 03:22:20.190623
6274	1	4	7	0	2	7	BO3	regular_season	1	4	completed	2025-10-12 08:52:56.326	\N	2025-10-12 08:54:38.551	\N	2025-10-12 08:52:56.33373	2025-10-12 08:54:38.551661
6273	1	3	8	0	2	8	BO3	regular_season	1	3	completed	2025-10-12 08:52:56.326	\N	2025-10-12 08:54:38.554	\N	2025-10-12 08:52:56.33373	2025-10-12 08:54:38.554191
6272	1	2	9	0	2	9	BO3	regular_season	1	2	completed	2025-10-12 08:52:56.326	\N	2025-10-12 08:54:38.557	\N	2025-10-12 08:52:56.33373	2025-10-12 08:54:38.557248
6271	1	1	10	0	2	10	BO3	regular_season	1	1	completed	2025-10-12 08:52:56.326	\N	2025-10-12 08:54:38.559	\N	2025-10-12 08:52:56.33373	2025-10-12 08:54:38.559812
6280	1	6	7	0	2	7	BO3	regular_season	2	10	completed	2025-10-13 08:52:56.326	\N	2025-10-12 08:54:39.049	\N	2025-10-12 08:52:56.33373	2025-10-12 08:54:39.049295
6278	1	4	9	0	2	9	BO3	regular_season	2	8	completed	2025-10-13 08:52:56.326	\N	2025-10-12 08:54:39.054	\N	2025-10-12 08:52:56.33373	2025-10-12 08:54:39.054403
6277	1	3	1	0	2	1	BO3	regular_season	2	7	completed	2025-10-13 08:52:56.326	\N	2025-10-12 08:54:39.057	\N	2025-10-12 08:52:56.33373	2025-10-12 08:54:39.057404
6276	1	2	10	0	2	10	BO3	regular_season	2	6	completed	2025-10-13 08:52:56.326	\N	2025-10-12 08:54:39.059	\N	2025-10-12 08:52:56.33373	2025-10-12 08:54:39.059683
6285	1	7	8	0	2	8	BO3	regular_season	3	15	completed	2025-10-14 08:52:56.326	\N	2025-10-12 08:54:39.58	\N	2025-10-12 08:52:56.33373	2025-10-12 08:54:39.580663
6284	1	6	9	0	2	9	BO3	regular_season	3	14	completed	2025-10-14 08:52:56.326	\N	2025-10-12 08:54:39.583	\N	2025-10-12 08:52:56.33373	2025-10-12 08:54:39.583888
6283	1	5	1	0	2	1	BO3	regular_season	3	13	completed	2025-10-14 08:52:56.326	\N	2025-10-12 08:54:39.586	\N	2025-10-12 08:52:56.33373	2025-10-12 08:54:39.586951
6282	1	4	2	0	2	2	BO3	regular_season	3	12	completed	2025-10-14 08:52:56.326	\N	2025-10-12 08:54:39.588	\N	2025-10-12 08:52:56.33373	2025-10-12 08:54:39.58895
6281	1	3	10	0	2	10	BO3	regular_season	3	11	completed	2025-10-14 08:52:56.326	\N	2025-10-12 08:54:39.596	\N	2025-10-12 08:52:56.33373	2025-10-12 08:54:39.596379
6289	1	7	1	0	2	1	BO3	regular_season	4	19	completed	2025-10-15 08:52:56.326	\N	2025-10-12 08:54:40.121	\N	2025-10-12 08:52:56.33373	2025-10-12 08:54:40.12191
6288	1	6	2	0	2	2	BO3	regular_season	4	18	completed	2025-10-15 08:52:56.326	\N	2025-10-12 08:54:40.124	\N	2025-10-12 08:52:56.33373	2025-10-12 08:54:40.124988
6287	1	5	3	0	2	3	BO3	regular_season	4	17	completed	2025-10-15 08:52:56.326	\N	2025-10-12 08:54:40.127	\N	2025-10-12 08:52:56.33373	2025-10-12 08:54:40.127795
6286	1	4	10	0	2	10	BO3	regular_season	4	16	completed	2025-10-15 08:52:56.326	\N	2025-10-12 08:54:40.13	\N	2025-10-12 08:52:56.33373	2025-10-12 08:54:40.130288
6295	1	9	1	0	2	1	BO3	regular_season	5	25	completed	2025-10-16 08:52:56.326	\N	2025-10-12 08:54:40.613	\N	2025-10-12 08:52:56.33373	2025-10-12 08:54:40.61387
6294	1	8	2	0	2	2	BO3	regular_season	5	24	completed	2025-10-16 08:52:56.326	\N	2025-10-12 08:54:40.615	\N	2025-10-12 08:52:56.33373	2025-10-12 08:54:40.615672
6293	1	7	3	0	2	3	BO3	regular_season	5	23	completed	2025-10-16 08:52:56.326	\N	2025-10-12 08:54:40.617	\N	2025-10-12 08:52:56.33373	2025-10-12 08:54:40.617385
6291	1	5	10	0	2	10	BO3	regular_season	5	21	completed	2025-10-16 08:52:56.326	\N	2025-10-12 08:54:40.62	\N	2025-10-12 08:52:56.33373	2025-10-12 08:54:40.621095
6300	1	1	2	0	2	2	BO3	regular_season	6	30	completed	2025-10-17 08:52:56.326	\N	2025-10-12 08:54:41.105	\N	2025-10-12 08:52:56.33373	2025-10-12 08:54:41.105351
6299	1	9	3	0	2	3	BO3	regular_season	6	29	completed	2025-10-17 08:52:56.326	\N	2025-10-12 08:54:41.107	\N	2025-10-12 08:52:56.33373	2025-10-12 08:54:41.107986
6298	1	8	4	0	2	4	BO3	regular_season	6	28	completed	2025-10-17 08:52:56.326	\N	2025-10-12 08:54:41.11	\N	2025-10-12 08:52:56.33373	2025-10-12 08:54:41.110314
6297	1	7	5	0	2	5	BO3	regular_season	6	27	completed	2025-10-17 08:52:56.326	\N	2025-10-12 08:54:41.112	\N	2025-10-12 08:52:56.33373	2025-10-12 08:54:41.112603
6296	1	6	10	0	2	10	BO3	regular_season	6	26	completed	2025-10-17 08:52:56.326	\N	2025-10-12 08:54:41.114	\N	2025-10-12 08:52:56.33373	2025-10-12 08:54:41.115052
6305	1	2	3	0	2	3	BO3	regular_season	7	35	completed	2025-10-18 08:52:56.326	\N	2025-10-12 08:54:41.628	\N	2025-10-12 08:52:56.33373	2025-10-12 08:54:41.628876
6304	1	1	4	0	2	4	BO3	regular_season	7	34	completed	2025-10-18 08:52:56.326	\N	2025-10-12 08:54:41.63	\N	2025-10-12 08:52:56.33373	2025-10-12 08:54:41.630963
6302	1	8	6	0	2	6	BO3	regular_season	7	32	completed	2025-10-18 08:52:56.326	\N	2025-10-12 08:54:41.638	\N	2025-10-12 08:52:56.33373	2025-10-12 08:54:41.638991
6301	1	7	10	0	2	10	BO3	regular_season	7	31	completed	2025-10-18 08:52:56.326	\N	2025-10-12 08:54:41.64	\N	2025-10-12 08:52:56.33373	2025-10-12 08:54:41.640616
6310	1	3	4	0	2	4	BO3	regular_season	8	40	completed	2025-10-19 08:52:56.326	\N	2025-10-12 08:54:42.144	\N	2025-10-12 08:52:56.33373	2025-10-12 08:54:42.144789
6309	1	2	5	0	2	5	BO3	regular_season	8	39	completed	2025-10-19 08:52:56.326	\N	2025-10-12 08:54:42.146	\N	2025-10-12 08:52:56.33373	2025-10-12 08:54:42.146801
6308	1	1	6	0	2	6	BO3	regular_season	8	38	completed	2025-10-19 08:52:56.326	\N	2025-10-12 08:54:42.152	\N	2025-10-12 08:52:56.33373	2025-10-12 08:54:42.152811
6307	1	9	7	0	2	7	BO3	regular_season	8	37	completed	2025-10-19 08:52:56.326	\N	2025-10-12 08:54:42.154	\N	2025-10-12 08:52:56.33373	2025-10-12 08:54:42.154772
6306	1	8	10	0	2	10	BO3	regular_season	8	36	completed	2025-10-19 08:52:56.326	\N	2025-10-12 08:54:42.156	\N	2025-10-12 08:52:56.33373	2025-10-12 08:54:42.156766
6314	1	3	6	0	2	6	BO3	regular_season	9	44	completed	2025-10-20 08:52:56.326	\N	2025-10-12 08:54:42.625	\N	2025-10-12 08:52:56.33373	2025-10-12 08:54:42.625149
6313	1	2	7	0	2	7	BO3	regular_season	9	43	completed	2025-10-20 08:52:56.326	\N	2025-10-12 08:54:42.626	\N	2025-10-12 08:52:56.33373	2025-10-12 08:54:42.626462
6312	1	1	8	0	2	8	BO3	regular_season	9	42	completed	2025-10-20 08:52:56.326	\N	2025-10-12 08:54:42.627	\N	2025-10-12 08:52:56.33373	2025-10-12 08:54:42.627702
6311	1	9	10	0	2	10	BO3	regular_season	9	41	completed	2025-10-20 08:52:56.326	\N	2025-10-12 08:54:42.628	\N	2025-10-12 08:52:56.33373	2025-10-12 08:54:42.628971
6320	1	6	5	0	2	5	BO3	regular_season	10	50	completed	2025-10-21 08:52:56.326	\N	2025-10-12 08:54:43.149	\N	2025-10-12 08:52:56.33373	2025-10-12 08:54:43.150029
6319	1	7	4	0	2	4	BO3	regular_season	10	49	completed	2025-10-21 08:52:56.326	\N	2025-10-12 08:54:43.184	\N	2025-10-12 08:52:56.33373	2025-10-12 08:54:43.184793
6318	1	8	3	0	2	3	BO3	regular_season	10	48	completed	2025-10-21 08:52:56.326	\N	2025-10-12 08:54:43.188	\N	2025-10-12 08:52:56.33373	2025-10-12 08:54:43.188563
6317	1	9	2	0	2	2	BO3	regular_season	10	47	completed	2025-10-21 08:52:56.326	\N	2025-10-12 08:54:43.192	\N	2025-10-12 08:52:56.33373	2025-10-12 08:54:43.192867
6325	1	7	6	0	2	6	BO3	regular_season	11	55	completed	2025-10-22 08:52:56.326	\N	2025-10-12 08:54:43.646	\N	2025-10-12 08:52:56.33373	2025-10-12 08:54:43.646253
6324	1	8	5	0	2	5	BO3	regular_season	11	54	completed	2025-10-22 08:52:56.326	\N	2025-10-12 08:54:43.647	\N	2025-10-12 08:52:56.33373	2025-10-12 08:54:43.647333
6323	1	9	4	0	2	4	BO3	regular_season	11	53	completed	2025-10-22 08:52:56.326	\N	2025-10-12 08:54:43.648	\N	2025-10-12 08:52:56.33373	2025-10-12 08:54:43.64873
6322	1	1	3	0	2	3	BO3	regular_season	11	52	completed	2025-10-22 08:52:56.326	\N	2025-10-12 08:54:43.649	\N	2025-10-12 08:52:56.33373	2025-10-12 08:54:43.649901
6321	1	10	2	0	2	2	BO3	regular_season	11	51	completed	2025-10-22 08:52:56.326	\N	2025-10-12 08:54:43.651	\N	2025-10-12 08:52:56.33373	2025-10-12 08:54:43.651302
6330	1	8	7	0	2	7	BO3	regular_season	12	60	completed	2025-10-23 08:52:56.326	\N	2025-10-12 08:54:44.119	\N	2025-10-12 08:52:56.33373	2025-10-12 08:54:44.119239
6329	1	9	6	0	2	6	BO3	regular_season	12	59	completed	2025-10-23 08:52:56.326	\N	2025-10-12 08:54:44.121	\N	2025-10-12 08:52:56.33373	2025-10-12 08:54:44.121512
6327	1	2	4	0	2	4	BO3	regular_season	12	57	completed	2025-10-23 08:52:56.326	\N	2025-10-12 08:54:44.126	\N	2025-10-12 08:52:56.33373	2025-10-12 08:54:44.126519
6326	1	10	3	0	2	3	BO3	regular_season	12	56	completed	2025-10-23 08:52:56.326	\N	2025-10-12 08:54:44.128	\N	2025-10-12 08:52:56.33373	2025-10-12 08:54:44.12901
6333	1	2	6	0	2	6	BO3	regular_season	13	63	completed	2025-10-24 08:52:56.326	\N	2025-10-12 08:54:44.611	\N	2025-10-12 08:52:56.33373	2025-10-12 08:54:44.611926
6332	1	3	5	0	2	5	BO3	regular_season	13	62	completed	2025-10-24 08:52:56.326	\N	2025-10-12 08:54:44.613	\N	2025-10-12 08:52:56.33373	2025-10-12 08:54:44.614021
6331	1	10	4	0	2	4	BO3	regular_season	13	61	completed	2025-10-24 08:52:56.326	\N	2025-10-12 08:54:44.616	\N	2025-10-12 08:52:56.33373	2025-10-12 08:54:44.61639
6364	1	14	17	0	2	17	BO3	regular_season	1	94	completed	2025-10-12 08:52:56.327	\N	2025-10-12 08:54:38.521	\N	2025-10-12 08:52:56.33373	2025-10-12 08:54:38.521248
6363	1	13	18	0	2	18	BO3	regular_season	1	93	completed	2025-10-12 08:52:56.327	\N	2025-10-12 08:54:38.527	\N	2025-10-12 08:52:56.33373	2025-10-12 08:54:38.52769
6362	1	12	19	0	2	19	BO3	regular_season	1	92	completed	2025-10-12 08:52:56.327	\N	2025-10-12 08:54:38.53	\N	2025-10-12 08:52:56.33373	2025-10-12 08:54:38.530327
6361	1	11	20	0	2	20	BO3	regular_season	1	91	completed	2025-10-12 08:52:56.327	\N	2025-10-12 08:54:38.532	\N	2025-10-12 08:52:56.33373	2025-10-12 08:54:38.532488
6370	1	16	17	0	2	17	BO3	regular_season	2	100	completed	2025-10-13 08:52:56.327	\N	2025-10-12 08:54:39.02	\N	2025-10-12 08:52:56.33373	2025-10-12 08:54:39.020343
6368	1	14	19	0	2	19	BO3	regular_season	2	98	completed	2025-10-13 08:52:56.327	\N	2025-10-12 08:54:39.025	\N	2025-10-12 08:52:56.33373	2025-10-12 08:54:39.025323
6367	1	13	11	0	2	11	BO3	regular_season	2	97	completed	2025-10-13 08:52:56.327	\N	2025-10-12 08:54:39.027	\N	2025-10-12 08:52:56.33373	2025-10-12 08:54:39.027274
6366	1	12	20	0	2	20	BO3	regular_season	2	96	completed	2025-10-13 08:52:56.327	\N	2025-10-12 08:54:39.029	\N	2025-10-12 08:52:56.33373	2025-10-12 08:54:39.029575
6375	1	17	18	0	2	18	BO3	regular_season	3	105	completed	2025-10-14 08:52:56.327	\N	2025-10-12 08:54:39.551	\N	2025-10-12 08:52:56.33373	2025-10-12 08:54:39.55177
6374	1	16	19	0	2	19	BO3	regular_season	3	104	completed	2025-10-14 08:52:56.327	\N	2025-10-12 08:54:39.554	\N	2025-10-12 08:52:56.33373	2025-10-12 08:54:39.554641
6373	1	15	11	0	2	11	BO3	regular_season	3	103	completed	2025-10-14 08:52:56.327	\N	2025-10-12 08:54:39.557	\N	2025-10-12 08:52:56.33373	2025-10-12 08:54:39.557747
6371	1	13	20	0	2	20	BO3	regular_season	3	101	completed	2025-10-14 08:52:56.327	\N	2025-10-12 08:54:39.562	\N	2025-10-12 08:52:56.33373	2025-10-12 08:54:39.562834
6380	1	18	19	0	2	19	BO3	regular_season	4	110	completed	2025-10-15 08:52:56.327	\N	2025-10-12 08:54:40.077	\N	2025-10-12 08:52:56.33373	2025-10-12 08:54:40.077801
6379	1	17	11	0	2	11	BO3	regular_season	4	109	completed	2025-10-15 08:52:56.327	\N	2025-10-12 08:54:40.079	\N	2025-10-12 08:52:56.33373	2025-10-12 08:54:40.080005
6378	1	16	12	0	2	12	BO3	regular_season	4	108	completed	2025-10-15 08:52:56.327	\N	2025-10-12 08:54:40.084	\N	2025-10-12 08:52:56.33373	2025-10-12 08:54:40.084421
6377	1	15	13	0	2	13	BO3	regular_season	4	107	completed	2025-10-15 08:52:56.327	\N	2025-10-12 08:54:40.091	\N	2025-10-12 08:52:56.33373	2025-10-12 08:54:40.091165
6376	1	14	20	0	2	20	BO3	regular_season	4	106	completed	2025-10-15 08:52:56.327	\N	2025-10-12 08:54:40.094	\N	2025-10-12 08:52:56.33373	2025-10-12 08:54:40.09461
6384	1	18	12	0	2	12	BO3	regular_season	5	114	completed	2025-10-16 08:52:56.327	\N	2025-10-12 08:54:40.59	\N	2025-10-12 08:52:56.33373	2025-10-12 08:54:40.591025
6383	1	17	13	0	2	13	BO3	regular_season	5	113	completed	2025-10-16 08:52:56.327	\N	2025-10-12 08:54:40.592	\N	2025-10-12 08:52:56.33373	2025-10-12 08:54:40.592997
6382	1	16	14	0	2	14	BO3	regular_season	5	112	completed	2025-10-16 08:52:56.327	\N	2025-10-12 08:54:40.595	\N	2025-10-12 08:52:56.33373	2025-10-12 08:54:40.595078
6381	1	15	20	0	2	20	BO3	regular_season	5	111	completed	2025-10-16 08:52:56.327	\N	2025-10-12 08:54:40.597	\N	2025-10-12 08:52:56.33373	2025-10-12 08:54:40.597721
6390	1	11	12	0	2	12	BO3	regular_season	6	120	completed	2025-10-17 08:52:56.327	\N	2025-10-12 08:54:41.074	\N	2025-10-12 08:52:56.33373	2025-10-12 08:54:41.074256
6389	1	19	13	0	2	13	BO3	regular_season	6	119	completed	2025-10-17 08:52:56.327	\N	2025-10-12 08:54:41.077	\N	2025-10-12 08:52:56.33373	2025-10-12 08:54:41.078614
6387	1	17	15	0	2	15	BO3	regular_season	6	117	completed	2025-10-17 08:52:56.327	\N	2025-10-12 08:54:41.083	\N	2025-10-12 08:52:56.33373	2025-10-12 08:54:41.083314
6386	1	16	20	0	2	20	BO3	regular_season	6	116	completed	2025-10-17 08:52:56.327	\N	2025-10-12 08:54:41.085	\N	2025-10-12 08:52:56.33373	2025-10-12 08:54:41.085652
6395	1	12	13	0	2	13	BO3	regular_season	7	125	completed	2025-10-18 08:52:56.327	\N	2025-10-12 08:54:41.595	\N	2025-10-12 08:52:56.33373	2025-10-12 08:54:41.595731
6394	1	11	14	0	2	14	BO3	regular_season	7	124	completed	2025-10-18 08:52:56.327	\N	2025-10-12 08:54:41.6	\N	2025-10-12 08:52:56.33373	2025-10-12 08:54:41.60105
6393	1	19	15	0	2	15	BO3	regular_season	7	123	completed	2025-10-18 08:52:56.327	\N	2025-10-12 08:54:41.603	\N	2025-10-12 08:52:56.33373	2025-10-12 08:54:41.603783
6392	1	18	16	0	2	16	BO3	regular_season	7	122	completed	2025-10-18 08:52:56.327	\N	2025-10-12 08:54:41.606	\N	2025-10-12 08:52:56.33373	2025-10-12 08:54:41.606401
6398	1	11	16	0	2	16	BO3	regular_season	8	128	completed	2025-10-19 08:52:56.327	\N	2025-10-12 08:54:42.117	\N	2025-10-12 08:52:56.33373	2025-10-12 08:54:42.117763
6397	1	19	17	0	2	17	BO3	regular_season	8	127	completed	2025-10-19 08:52:56.327	\N	2025-10-12 08:54:42.121	\N	2025-10-12 08:52:56.33373	2025-10-12 08:54:42.121273
6396	1	18	20	0	2	20	BO3	regular_season	8	126	completed	2025-10-19 08:52:56.327	\N	2025-10-12 08:54:42.124	\N	2025-10-12 08:52:56.33373	2025-10-12 08:54:42.12463
6335	1	9	8	0	2	8	BO3	regular_season	13	65	completed	2025-10-24 08:52:56.326	\N	2025-10-12 08:54:44.607	\N	2025-10-12 08:52:56.33373	2025-10-12 08:54:44.607961
6334	1	1	7	0	2	7	BO3	regular_season	13	64	completed	2025-10-24 08:52:56.326	\N	2025-10-12 08:54:44.609	\N	2025-10-12 08:52:56.33373	2025-10-12 08:54:44.609921
6340	1	1	9	0	2	9	BO3	regular_season	14	70	completed	2025-10-25 08:52:56.326	\N	2025-10-12 08:54:45.104	\N	2025-10-12 08:52:56.33373	2025-10-12 08:54:45.104671
6338	1	3	7	0	2	7	BO3	regular_season	14	68	completed	2025-10-25 08:52:56.326	\N	2025-10-12 08:54:45.107	\N	2025-10-12 08:52:56.33373	2025-10-12 08:54:45.107974
6337	1	4	6	0	2	6	BO3	regular_season	14	67	completed	2025-10-25 08:52:56.326	\N	2025-10-12 08:54:45.109	\N	2025-10-12 08:52:56.33373	2025-10-12 08:54:45.109799
6336	1	10	5	0	2	5	BO3	regular_season	14	66	completed	2025-10-25 08:52:56.326	\N	2025-10-12 08:54:45.111	\N	2025-10-12 08:52:56.33373	2025-10-12 08:54:45.111394
6341	1	10	6	0	2	6	BO3	regular_season	15	71	completed	2025-10-26 08:52:56.326	\N	2025-10-12 08:54:45.554	\N	2025-10-12 08:52:56.33373	2025-10-12 08:54:45.554353
6342	1	5	7	0	2	7	BO3	regular_season	15	72	completed	2025-10-26 08:52:56.326	\N	2025-10-12 08:54:45.555	\N	2025-10-12 08:52:56.33373	2025-10-12 08:54:45.555767
6343	1	4	8	0	2	8	BO3	regular_season	15	73	completed	2025-10-26 08:52:56.326	\N	2025-10-12 08:54:45.557	\N	2025-10-12 08:52:56.33373	2025-10-12 08:54:45.557375
6345	1	2	1	0	2	1	BO3	regular_season	15	75	completed	2025-10-26 08:52:56.326	\N	2025-10-12 08:54:45.559	\N	2025-10-12 08:52:56.33373	2025-10-12 08:54:45.560002
6350	1	3	2	0	2	2	BO3	regular_season	16	80	completed	2025-10-27 08:52:56.326	\N	2025-10-12 08:54:46.017	\N	2025-10-12 08:52:56.33373	2025-10-12 08:54:46.017379
6349	1	4	1	0	2	1	BO3	regular_season	16	79	completed	2025-10-27 08:52:56.326	\N	2025-10-12 08:54:46.018	\N	2025-10-12 08:52:56.33373	2025-10-12 08:54:46.018854
6348	1	5	9	0	2	9	BO3	regular_season	16	78	completed	2025-10-27 08:52:56.326	\N	2025-10-12 08:54:46.02	\N	2025-10-12 08:52:56.33373	2025-10-12 08:54:46.020394
6347	1	6	8	0	2	8	BO3	regular_season	16	77	completed	2025-10-27 08:52:56.326	\N	2025-10-12 08:54:46.021	\N	2025-10-12 08:52:56.33373	2025-10-12 08:54:46.022076
6346	1	10	7	0	2	7	BO3	regular_season	16	76	completed	2025-10-27 08:52:56.326	\N	2025-10-12 08:54:46.023	\N	2025-10-12 08:52:56.33373	2025-10-12 08:54:46.024016
6352	1	7	9	0	2	9	BO3	regular_season	17	82	completed	2025-10-28 08:52:56.326	\N	2025-10-12 08:54:46.488	\N	2025-10-12 08:52:56.33373	2025-10-12 08:54:46.488592
6353	1	6	1	0	2	1	BO3	regular_season	17	83	completed	2025-10-28 08:52:56.326	\N	2025-10-12 08:54:46.49	\N	2025-10-12 08:52:56.33373	2025-10-12 08:54:46.490072
6354	1	5	2	0	2	2	BO3	regular_season	17	84	completed	2025-10-28 08:52:56.326	\N	2025-10-12 08:54:46.491	\N	2025-10-12 08:52:56.33373	2025-10-12 08:54:46.491444
6355	1	4	3	0	2	3	BO3	regular_season	17	85	completed	2025-10-28 08:52:56.326	\N	2025-10-12 08:54:46.493	\N	2025-10-12 08:52:56.33373	2025-10-12 08:54:46.493296
6356	1	10	9	0	2	9	BO3	regular_season	18	86	completed	2025-10-29 08:52:56.326	\N	2025-10-12 08:54:46.951	\N	2025-10-12 08:52:56.33373	2025-10-12 08:54:46.951926
6357	1	8	1	0	2	1	BO3	regular_season	18	87	completed	2025-10-29 08:52:56.326	\N	2025-10-12 08:54:46.954	\N	2025-10-12 08:52:56.33373	2025-10-12 08:54:46.95442
6359	1	6	3	0	2	3	BO3	regular_season	18	89	completed	2025-10-29 08:52:56.326	\N	2025-10-12 08:54:46.958	\N	2025-10-12 08:52:56.33373	2025-10-12 08:54:46.959023
6360	1	5	4	0	2	4	BO3	regular_season	18	90	completed	2025-10-29 08:52:56.326	\N	2025-10-12 08:54:46.96	\N	2025-10-12 08:52:56.33373	2025-10-12 08:54:46.960957
6452	1	22	29	0	2	29	BO3	regular_season	1	182	completed	2025-10-12 08:52:56.327	\N	2025-10-12 08:54:38.536	\N	2025-10-12 08:52:56.33373	2025-10-12 08:54:38.537065
6453	1	23	28	0	2	28	BO3	regular_season	1	183	completed	2025-10-12 08:52:56.327	\N	2025-10-12 08:54:38.539	\N	2025-10-12 08:52:56.33373	2025-10-12 08:54:38.539966
6454	1	24	27	0	2	27	BO3	regular_season	1	184	completed	2025-10-12 08:52:56.327	\N	2025-10-12 08:54:38.542	\N	2025-10-12 08:52:56.33373	2025-10-12 08:54:38.542527
6455	1	25	26	0	2	26	BO3	regular_season	1	185	completed	2025-10-12 08:52:56.327	\N	2025-10-12 08:54:38.545	\N	2025-10-12 08:52:56.33373	2025-10-12 08:54:38.54513
6456	1	22	30	0	2	30	BO3	regular_season	2	186	completed	2025-10-13 08:52:56.327	\N	2025-10-12 08:54:39.033	\N	2025-10-12 08:52:56.33373	2025-10-12 08:54:39.033928
6458	1	24	29	0	2	29	BO3	regular_season	2	188	completed	2025-10-13 08:52:56.327	\N	2025-10-12 08:54:39.039	\N	2025-10-12 08:52:56.33373	2025-10-12 08:54:39.039845
6459	1	25	28	0	2	28	BO3	regular_season	2	189	completed	2025-10-13 08:52:56.327	\N	2025-10-12 08:54:39.042	\N	2025-10-12 08:52:56.33373	2025-10-12 08:54:39.043058
6460	1	26	27	0	2	27	BO3	regular_season	2	190	completed	2025-10-13 08:52:56.327	\N	2025-10-12 08:54:39.046	\N	2025-10-12 08:52:56.33373	2025-10-12 08:54:39.046202
6461	1	23	30	0	2	30	BO3	regular_season	3	191	completed	2025-10-14 08:52:56.327	\N	2025-10-12 08:54:39.565	\N	2025-10-12 08:52:56.33373	2025-10-12 08:54:39.565947
6462	1	24	22	0	2	22	BO3	regular_season	3	192	completed	2025-10-14 08:52:56.327	\N	2025-10-12 08:54:39.57	\N	2025-10-12 08:52:56.33373	2025-10-12 08:54:39.570203
6463	1	25	21	0	2	21	BO3	regular_season	3	193	completed	2025-10-14 08:52:56.327	\N	2025-10-12 08:54:39.572	\N	2025-10-12 08:52:56.33373	2025-10-12 08:54:39.572411
6399	1	12	15	0	2	15	BO3	regular_season	8	129	completed	2025-10-19 08:52:56.327	\N	2025-10-12 08:54:42.112	\N	2025-10-12 08:52:56.33373	2025-10-12 08:54:42.112211
6405	1	14	15	0	2	15	BO3	regular_season	9	135	completed	2025-10-20 08:52:56.327	\N	2025-10-12 08:54:42.608	\N	2025-10-12 08:52:56.33373	2025-10-12 08:54:42.60893
6404	1	13	16	0	2	16	BO3	regular_season	9	134	completed	2025-10-20 08:52:56.327	\N	2025-10-12 08:54:42.61	\N	2025-10-12 08:52:56.33373	2025-10-12 08:54:42.61029
6403	1	12	17	0	2	17	BO3	regular_season	9	133	completed	2025-10-20 08:52:56.327	\N	2025-10-12 08:54:42.611	\N	2025-10-12 08:52:56.33373	2025-10-12 08:54:42.611869
6402	1	11	18	0	2	18	BO3	regular_season	9	132	completed	2025-10-20 08:52:56.327	\N	2025-10-12 08:54:42.613	\N	2025-10-12 08:52:56.33373	2025-10-12 08:54:42.613622
6401	1	19	20	0	2	20	BO3	regular_season	9	131	completed	2025-10-20 08:52:56.327	\N	2025-10-12 08:54:42.615	\N	2025-10-12 08:52:56.33373	2025-10-12 08:54:42.615279
6409	1	17	14	0	2	14	BO3	regular_season	10	139	completed	2025-10-21 08:52:56.327	\N	2025-10-12 08:54:43.111	\N	2025-10-12 08:52:56.33373	2025-10-12 08:54:43.111463
6408	1	18	13	0	2	13	BO3	regular_season	10	138	completed	2025-10-21 08:52:56.327	\N	2025-10-12 08:54:43.113	\N	2025-10-12 08:52:56.33373	2025-10-12 08:54:43.114116
6407	1	19	12	0	2	12	BO3	regular_season	10	137	completed	2025-10-21 08:52:56.327	\N	2025-10-12 08:54:43.116	\N	2025-10-12 08:52:56.33373	2025-10-12 08:54:43.117012
6406	1	20	11	0	2	11	BO3	regular_season	10	136	completed	2025-10-21 08:52:56.327	\N	2025-10-12 08:54:43.119	\N	2025-10-12 08:52:56.33373	2025-10-12 08:54:43.119329
6415	1	17	16	0	2	16	BO3	regular_season	11	145	completed	2025-10-22 08:52:56.327	\N	2025-10-12 08:54:43.632	\N	2025-10-12 08:52:56.33373	2025-10-12 08:54:43.633005
6414	1	18	15	0	2	15	BO3	regular_season	11	144	completed	2025-10-22 08:52:56.327	\N	2025-10-12 08:54:43.634	\N	2025-10-12 08:52:56.33373	2025-10-12 08:54:43.63428
6412	1	11	13	0	2	13	BO3	regular_season	11	142	completed	2025-10-22 08:52:56.327	\N	2025-10-12 08:54:43.636	\N	2025-10-12 08:52:56.33373	2025-10-12 08:54:43.636792
6411	1	20	12	0	2	12	BO3	regular_season	11	141	completed	2025-10-22 08:52:56.327	\N	2025-10-12 08:54:43.638	\N	2025-10-12 08:52:56.33373	2025-10-12 08:54:43.638185
6420	1	18	17	0	2	17	BO3	regular_season	12	150	completed	2025-10-23 08:52:56.327	\N	2025-10-12 08:54:44.089	\N	2025-10-12 08:52:56.33373	2025-10-12 08:54:44.089296
6419	1	19	16	0	2	16	BO3	regular_season	12	149	completed	2025-10-23 08:52:56.327	\N	2025-10-12 08:54:44.095	\N	2025-10-12 08:52:56.33373	2025-10-12 08:54:44.095146
6418	1	11	15	0	2	15	BO3	regular_season	12	148	completed	2025-10-23 08:52:56.327	\N	2025-10-12 08:54:44.098	\N	2025-10-12 08:52:56.33373	2025-10-12 08:54:44.098327
6417	1	12	14	0	2	14	BO3	regular_season	12	147	completed	2025-10-23 08:52:56.327	\N	2025-10-12 08:54:44.101	\N	2025-10-12 08:52:56.33373	2025-10-12 08:54:44.101281
6425	1	19	18	0	2	18	BO3	regular_season	13	155	completed	2025-10-24 08:52:56.327	\N	2025-10-12 08:54:44.582	\N	2025-10-12 08:52:56.33373	2025-10-12 08:54:44.582491
6424	1	11	17	0	2	17	BO3	regular_season	13	154	completed	2025-10-24 08:52:56.327	\N	2025-10-12 08:54:44.584	\N	2025-10-12 08:52:56.33373	2025-10-12 08:54:44.584267
6423	1	12	16	0	2	16	BO3	regular_season	13	153	completed	2025-10-24 08:52:56.327	\N	2025-10-12 08:54:44.585	\N	2025-10-12 08:52:56.33373	2025-10-12 08:54:44.585962
6422	1	13	15	0	2	15	BO3	regular_season	13	152	completed	2025-10-24 08:52:56.327	\N	2025-10-12 08:54:44.587	\N	2025-10-12 08:52:56.33373	2025-10-12 08:54:44.587739
6421	1	20	14	0	2	14	BO3	regular_season	13	151	completed	2025-10-24 08:52:56.327	\N	2025-10-12 08:54:44.589	\N	2025-10-12 08:52:56.33373	2025-10-12 08:54:44.589635
6430	1	11	19	0	2	19	BO3	regular_season	14	160	completed	2025-10-25 08:52:56.327	\N	2025-10-12 08:54:45.085	\N	2025-10-12 08:52:56.33373	2025-10-12 08:54:45.085115
6428	1	13	17	0	2	17	BO3	regular_season	14	158	completed	2025-10-25 08:52:56.327	\N	2025-10-12 08:54:45.089	\N	2025-10-12 08:52:56.33373	2025-10-12 08:54:45.089195
6427	1	14	16	0	2	16	BO3	regular_season	14	157	completed	2025-10-25 08:52:56.327	\N	2025-10-12 08:54:45.092	\N	2025-10-12 08:52:56.33373	2025-10-12 08:54:45.092371
6426	1	20	15	0	2	15	BO3	regular_season	14	156	completed	2025-10-25 08:52:56.327	\N	2025-10-12 08:54:45.094	\N	2025-10-12 08:52:56.33373	2025-10-12 08:54:45.094412
6433	1	14	18	0	2	18	BO3	regular_season	15	163	completed	2025-10-26 08:52:56.327	\N	2025-10-12 08:54:45.538	\N	2025-10-12 08:52:56.33373	2025-10-12 08:54:45.539031
6435	1	12	11	0	2	11	BO3	regular_season	15	165	completed	2025-10-26 08:52:56.327	\N	2025-10-12 08:54:45.547	\N	2025-10-12 08:52:56.33373	2025-10-12 08:54:45.547266
6434	1	13	19	0	2	19	BO3	regular_season	15	164	completed	2025-10-26 08:52:56.327	\N	2025-10-12 08:54:45.548	\N	2025-10-12 08:52:56.33373	2025-10-12 08:54:45.549016
6431	1	20	16	0	2	16	BO3	regular_season	15	161	completed	2025-10-26 08:52:56.327	\N	2025-10-12 08:54:45.552	\N	2025-10-12 08:52:56.33373	2025-10-12 08:54:45.55288
6440	1	13	12	0	2	12	BO3	regular_season	16	170	completed	2025-10-27 08:52:56.327	\N	2025-10-12 08:54:46.008	\N	2025-10-12 08:52:56.33373	2025-10-12 08:54:46.008905
6439	1	14	11	0	2	11	BO3	regular_season	16	169	completed	2025-10-27 08:52:56.327	\N	2025-10-12 08:54:46.01	\N	2025-10-12 08:52:56.33373	2025-10-12 08:54:46.010218
6438	1	15	19	0	2	19	BO3	regular_season	16	168	completed	2025-10-27 08:52:56.327	\N	2025-10-12 08:54:46.011	\N	2025-10-12 08:52:56.33373	2025-10-12 08:54:46.011718
6437	1	16	18	0	2	18	BO3	regular_season	16	167	completed	2025-10-27 08:52:56.327	\N	2025-10-12 08:54:46.013	\N	2025-10-12 08:52:56.33373	2025-10-12 08:54:46.013788
6436	1	20	17	0	2	17	BO3	regular_season	16	166	completed	2025-10-27 08:52:56.327	\N	2025-10-12 08:54:46.015	\N	2025-10-12 08:52:56.33373	2025-10-12 08:54:46.015792
6444	1	15	12	0	2	12	BO3	regular_season	17	174	completed	2025-10-28 08:52:56.327	\N	2025-10-12 08:54:46.471	\N	2025-10-12 08:52:56.33373	2025-10-12 08:54:46.471574
6443	1	16	11	0	2	11	BO3	regular_season	17	173	completed	2025-10-28 08:52:56.327	\N	2025-10-12 08:54:46.473	\N	2025-10-12 08:52:56.33373	2025-10-12 08:54:46.473302
6442	1	17	19	0	2	19	BO3	regular_season	17	172	completed	2025-10-28 08:52:56.327	\N	2025-10-12 08:54:46.475	\N	2025-10-12 08:52:56.33373	2025-10-12 08:54:46.475357
6441	1	20	18	0	2	18	BO3	regular_season	17	171	completed	2025-10-28 08:52:56.327	\N	2025-10-12 08:54:46.476	\N	2025-10-12 08:52:56.33373	2025-10-12 08:54:46.476843
6446	1	20	19	0	2	19	BO3	regular_season	18	176	completed	2025-10-29 08:52:56.327	\N	2025-10-12 08:54:46.929	\N	2025-10-12 08:52:56.33373	2025-10-12 08:54:46.929804
6447	1	18	11	0	2	11	BO3	regular_season	18	177	completed	2025-10-29 08:52:56.327	\N	2025-10-12 08:54:46.931	\N	2025-10-12 08:52:56.33373	2025-10-12 08:54:46.931847
6449	1	16	13	0	2	13	BO3	regular_season	18	179	completed	2025-10-29 08:52:56.327	\N	2025-10-12 08:54:46.935	\N	2025-10-12 08:52:56.33373	2025-10-12 08:54:46.935809
6450	1	15	14	0	2	14	BO3	regular_season	18	180	completed	2025-10-29 08:52:56.327	\N	2025-10-12 08:54:46.938	\N	2025-10-12 08:52:56.33373	2025-10-12 08:54:46.938213
6465	1	27	28	0	2	28	BO3	regular_season	3	195	completed	2025-10-14 08:52:56.327	\N	2025-10-12 08:54:39.578	\N	2025-10-12 08:52:56.33373	2025-10-12 08:54:39.578518
6466	1	24	30	0	2	30	BO3	regular_season	4	196	completed	2025-10-15 08:52:56.327	\N	2025-10-12 08:54:40.097	\N	2025-10-12 08:52:56.33373	2025-10-12 08:54:40.097813
6467	1	25	23	0	2	23	BO3	regular_season	4	197	completed	2025-10-15 08:52:56.327	\N	2025-10-12 08:54:40.108	\N	2025-10-12 08:52:56.33373	2025-10-12 08:54:40.108356
6468	1	26	22	0	2	22	BO3	regular_season	4	198	completed	2025-10-15 08:52:56.327	\N	2025-10-12 08:54:40.111	\N	2025-10-12 08:52:56.33373	2025-10-12 08:54:40.111924
6469	1	27	21	0	2	21	BO3	regular_season	4	199	completed	2025-10-15 08:52:56.327	\N	2025-10-12 08:54:40.114	\N	2025-10-12 08:52:56.33373	2025-10-12 08:54:40.114284
6471	1	25	30	0	2	30	BO3	regular_season	5	201	completed	2025-10-16 08:52:56.327	\N	2025-10-12 08:54:40.6	\N	2025-10-12 08:52:56.33373	2025-10-12 08:54:40.60016
6472	1	26	24	0	2	24	BO3	regular_season	5	202	completed	2025-10-16 08:52:56.327	\N	2025-10-12 08:54:40.603	\N	2025-10-12 08:52:56.33373	2025-10-12 08:54:40.603605
6473	1	27	23	0	2	23	BO3	regular_season	5	203	completed	2025-10-16 08:52:56.327	\N	2025-10-12 08:54:40.607	\N	2025-10-12 08:52:56.33373	2025-10-12 08:54:40.607336
6474	1	28	22	0	2	22	BO3	regular_season	5	204	completed	2025-10-16 08:52:56.327	\N	2025-10-12 08:54:40.609	\N	2025-10-12 08:52:56.33373	2025-10-12 08:54:40.609723
6475	1	29	21	0	2	21	BO3	regular_season	5	205	completed	2025-10-16 08:52:56.327	\N	2025-10-12 08:54:40.611	\N	2025-10-12 08:52:56.33373	2025-10-12 08:54:40.611959
6476	1	26	30	0	2	30	BO3	regular_season	6	206	completed	2025-10-17 08:52:56.327	\N	2025-10-12 08:54:41.087	\N	2025-10-12 08:52:56.33373	2025-10-12 08:54:41.087671
6478	1	28	24	0	2	24	BO3	regular_season	6	208	completed	2025-10-17 08:52:56.327	\N	2025-10-12 08:54:41.091	\N	2025-10-12 08:52:56.33373	2025-10-12 08:54:41.092016
6479	1	29	23	0	2	23	BO3	regular_season	6	209	completed	2025-10-17 08:52:56.327	\N	2025-10-12 08:54:41.094	\N	2025-10-12 08:52:56.33373	2025-10-12 08:54:41.094684
6480	1	21	22	0	2	22	BO3	regular_season	6	210	completed	2025-10-17 08:52:56.327	\N	2025-10-12 08:54:41.096	\N	2025-10-12 08:52:56.33373	2025-10-12 08:54:41.096888
6481	1	27	30	0	2	30	BO3	regular_season	7	211	completed	2025-10-18 08:52:56.327	\N	2025-10-12 08:54:41.616	\N	2025-10-12 08:52:56.33373	2025-10-12 08:54:41.616331
6482	1	28	26	0	2	26	BO3	regular_season	7	212	completed	2025-10-18 08:52:56.327	\N	2025-10-12 08:54:41.619	\N	2025-10-12 08:52:56.33373	2025-10-12 08:54:41.619636
6483	1	29	25	0	2	25	BO3	regular_season	7	213	completed	2025-10-18 08:52:56.327	\N	2025-10-12 08:54:41.622	\N	2025-10-12 08:52:56.33373	2025-10-12 08:54:41.622466
6485	1	22	23	0	2	23	BO3	regular_season	7	215	completed	2025-10-18 08:52:56.327	\N	2025-10-12 08:54:41.626	\N	2025-10-12 08:52:56.33373	2025-10-12 08:54:41.626493
6486	1	28	30	0	2	30	BO3	regular_season	8	216	completed	2025-10-19 08:52:56.327	\N	2025-10-12 08:54:42.127	\N	2025-10-12 08:52:56.33373	2025-10-12 08:54:42.127498
6487	1	29	27	0	2	27	BO3	regular_season	8	217	completed	2025-10-19 08:52:56.327	\N	2025-10-12 08:54:42.13	\N	2025-10-12 08:52:56.33373	2025-10-12 08:54:42.130627
6488	1	21	26	0	2	26	BO3	regular_season	8	218	completed	2025-10-19 08:52:56.327	\N	2025-10-12 08:54:42.134	\N	2025-10-12 08:52:56.33373	2025-10-12 08:54:42.134228
6489	1	22	25	0	2	25	BO3	regular_season	8	219	completed	2025-10-19 08:52:56.327	\N	2025-10-12 08:54:42.137	\N	2025-10-12 08:52:56.33373	2025-10-12 08:54:42.137569
6490	1	23	24	0	2	24	BO3	regular_season	8	220	completed	2025-10-19 08:52:56.327	\N	2025-10-12 08:54:42.142	\N	2025-10-12 08:52:56.33373	2025-10-12 08:54:42.142365
6492	1	21	28	0	2	28	BO3	regular_season	9	222	completed	2025-10-20 08:52:56.327	\N	2025-10-12 08:54:42.618	\N	2025-10-12 08:52:56.33373	2025-10-12 08:54:42.618269
6493	1	22	27	0	2	27	BO3	regular_season	9	223	completed	2025-10-20 08:52:56.327	\N	2025-10-12 08:54:42.619	\N	2025-10-12 08:52:56.33373	2025-10-12 08:54:42.619736
6494	1	23	26	0	2	26	BO3	regular_season	9	224	completed	2025-10-20 08:52:56.327	\N	2025-10-12 08:54:42.62	\N	2025-10-12 08:52:56.33373	2025-10-12 08:54:42.62103
6495	1	24	25	0	2	25	BO3	regular_season	9	225	completed	2025-10-20 08:52:56.327	\N	2025-10-12 08:54:42.622	\N	2025-10-12 08:52:56.33373	2025-10-12 08:54:42.622315
6496	1	30	21	0	2	21	BO3	regular_season	10	226	completed	2025-10-21 08:52:56.327	\N	2025-10-12 08:54:43.121	\N	2025-10-12 08:52:56.33373	2025-10-12 08:54:43.121838
6497	1	29	22	0	2	22	BO3	regular_season	10	227	completed	2025-10-21 08:52:56.327	\N	2025-10-12 08:54:43.124	\N	2025-10-12 08:52:56.33373	2025-10-12 08:54:43.124178
6499	1	27	24	0	2	24	BO3	regular_season	10	229	completed	2025-10-21 08:52:56.327	\N	2025-10-12 08:54:43.129	\N	2025-10-12 08:52:56.33373	2025-10-12 08:54:43.129759
6500	1	26	25	0	2	25	BO3	regular_season	10	230	completed	2025-10-21 08:52:56.327	\N	2025-10-12 08:54:43.133	\N	2025-10-12 08:52:56.33373	2025-10-12 08:54:43.133615
6501	1	30	22	0	2	22	BO3	regular_season	11	231	completed	2025-10-22 08:52:56.327	\N	2025-10-12 08:54:43.639	\N	2025-10-12 08:52:56.33373	2025-10-12 08:54:43.639593
6502	1	21	23	0	2	23	BO3	regular_season	11	232	completed	2025-10-22 08:52:56.327	\N	2025-10-12 08:54:43.641	\N	2025-10-12 08:52:56.33373	2025-10-12 08:54:43.641201
6503	1	29	24	0	2	24	BO3	regular_season	11	233	completed	2025-10-22 08:52:56.327	\N	2025-10-12 08:54:43.642	\N	2025-10-12 08:52:56.33373	2025-10-12 08:54:43.64238
6504	1	28	25	0	2	25	BO3	regular_season	11	234	completed	2025-10-22 08:52:56.327	\N	2025-10-12 08:54:43.643	\N	2025-10-12 08:52:56.33373	2025-10-12 08:54:43.643616
6506	1	30	23	0	2	23	BO3	regular_season	12	236	completed	2025-10-23 08:52:56.327	\N	2025-10-12 08:54:44.106	\N	2025-10-12 08:52:56.33373	2025-10-12 08:54:44.107064
6507	1	22	24	0	2	24	BO3	regular_season	12	237	completed	2025-10-23 08:52:56.327	\N	2025-10-12 08:54:44.11	\N	2025-10-12 08:52:56.33373	2025-10-12 08:54:44.110267
6508	1	21	25	0	2	25	BO3	regular_season	12	238	completed	2025-10-23 08:52:56.327	\N	2025-10-12 08:54:44.112	\N	2025-10-12 08:52:56.33373	2025-10-12 08:54:44.112617
6509	1	29	26	0	2	26	BO3	regular_season	12	239	completed	2025-10-23 08:52:56.327	\N	2025-10-12 08:54:44.115	\N	2025-10-12 08:52:56.33373	2025-10-12 08:54:44.115058
6510	1	28	27	0	2	27	BO3	regular_season	12	240	completed	2025-10-23 08:52:56.327	\N	2025-10-12 08:54:44.117	\N	2025-10-12 08:52:56.33373	2025-10-12 08:54:44.11728
6511	1	30	24	0	2	24	BO3	regular_season	13	241	completed	2025-10-24 08:52:56.327	\N	2025-10-12 08:54:44.591	\N	2025-10-12 08:52:56.33373	2025-10-12 08:54:44.591434
6513	1	22	26	0	2	26	BO3	regular_season	13	243	completed	2025-10-24 08:52:56.327	\N	2025-10-12 08:54:44.597	\N	2025-10-12 08:52:56.33373	2025-10-12 08:54:44.597698
6514	1	21	27	0	2	27	BO3	regular_season	13	244	completed	2025-10-24 08:52:56.327	\N	2025-10-12 08:54:44.602	\N	2025-10-12 08:52:56.33373	2025-10-12 08:54:44.602529
6515	1	29	28	0	2	28	BO3	regular_season	13	245	completed	2025-10-24 08:52:56.327	\N	2025-10-12 08:54:44.605	\N	2025-10-12 08:52:56.33373	2025-10-12 08:54:44.605593
6516	1	30	25	0	2	25	BO3	regular_season	14	246	completed	2025-10-25 08:52:56.327	\N	2025-10-12 08:54:45.096	\N	2025-10-12 08:52:56.33373	2025-10-12 08:54:45.096297
6517	1	24	26	0	2	26	BO3	regular_season	14	247	completed	2025-10-25 08:52:56.327	\N	2025-10-12 08:54:45.098	\N	2025-10-12 08:52:56.33373	2025-10-12 08:54:45.098119
6518	1	23	27	0	2	27	BO3	regular_season	14	248	completed	2025-10-25 08:52:56.327	\N	2025-10-12 08:54:45.099	\N	2025-10-12 08:52:56.33373	2025-10-12 08:54:45.099616
6520	1	21	29	0	2	29	BO3	regular_season	14	250	completed	2025-10-25 08:52:56.327	\N	2025-10-12 08:54:45.102	\N	2025-10-12 08:52:56.33373	2025-10-12 08:54:45.102849
6524	1	23	29	0	2	29	BO3	regular_season	15	254	completed	2025-10-26 08:52:56.327	\N	2025-10-12 08:54:45.54	\N	2025-10-12 08:52:56.33373	2025-10-12 08:54:45.540221
6523	1	24	28	0	2	28	BO3	regular_season	15	253	completed	2025-10-26 08:52:56.327	\N	2025-10-12 08:54:45.541	\N	2025-10-12 08:52:56.33373	2025-10-12 08:54:45.541476
6522	1	25	27	0	2	27	BO3	regular_season	15	252	completed	2025-10-26 08:52:56.327	\N	2025-10-12 08:54:45.542	\N	2025-10-12 08:52:56.33373	2025-10-12 08:54:45.543002
6521	1	30	26	0	2	26	BO3	regular_season	15	251	completed	2025-10-26 08:52:56.327	\N	2025-10-12 08:54:45.545	\N	2025-10-12 08:52:56.33373	2025-10-12 08:54:45.545492
6525	1	22	21	0	2	21	BO3	regular_season	15	255	completed	2025-10-26 08:52:56.327	\N	2025-10-12 08:54:45.55	\N	2025-10-12 08:52:56.33373	2025-10-12 08:54:45.55045
6527	1	26	28	0	2	28	BO3	regular_season	16	257	completed	2025-10-27 08:52:56.327	\N	2025-10-12 08:54:46.003	\N	2025-10-12 08:52:56.33373	2025-10-12 08:54:46.003578
6528	1	25	29	0	2	29	BO3	regular_season	16	258	completed	2025-10-27 08:52:56.327	\N	2025-10-12 08:54:46.006	\N	2025-10-12 08:52:56.33373	2025-10-12 08:54:46.00637
6544	1	34	37	0	2	37	BO3	regular_season	1	274	completed	2025-10-12 08:52:56.328	\N	2025-10-12 08:54:38.506	\N	2025-10-12 08:52:56.33373	2025-10-12 08:54:38.506846
6543	1	33	38	0	2	38	BO3	regular_season	1	273	completed	2025-10-12 08:52:56.328	\N	2025-10-12 08:54:38.51	\N	2025-10-12 08:52:56.33373	2025-10-12 08:54:38.510931
6542	1	32	39	0	2	39	BO3	regular_season	1	272	completed	2025-10-12 08:52:56.328	\N	2025-10-12 08:54:38.513	\N	2025-10-12 08:52:56.33373	2025-10-12 08:54:38.51385
6541	1	31	40	0	2	40	BO3	regular_season	1	271	completed	2025-10-12 08:52:56.328	\N	2025-10-12 08:54:38.516	\N	2025-10-12 08:52:56.33373	2025-10-12 08:54:38.516532
6550	1	36	37	0	2	37	BO3	regular_season	2	280	completed	2025-10-13 08:52:56.328	\N	2025-10-12 08:54:39.007	\N	2025-10-12 08:52:56.33373	2025-10-12 08:54:39.007227
6548	1	34	39	0	2	39	BO3	regular_season	2	278	completed	2025-10-13 08:52:56.328	\N	2025-10-12 08:54:39.012	\N	2025-10-12 08:52:56.33373	2025-10-12 08:54:39.012322
6547	1	33	31	0	2	31	BO3	regular_season	2	277	completed	2025-10-13 08:52:56.328	\N	2025-10-12 08:54:39.014	\N	2025-10-12 08:52:56.33373	2025-10-12 08:54:39.01509
6546	1	32	40	0	2	40	BO3	regular_season	2	276	completed	2025-10-13 08:52:56.328	\N	2025-10-12 08:54:39.017	\N	2025-10-12 08:52:56.33373	2025-10-12 08:54:39.017457
6555	1	37	38	0	2	38	BO3	regular_season	3	285	completed	2025-10-14 08:52:56.328	\N	2025-10-12 08:54:39.536	\N	2025-10-12 08:52:56.33373	2025-10-12 08:54:39.536717
6554	1	36	39	0	2	39	BO3	regular_season	3	284	completed	2025-10-14 08:52:56.328	\N	2025-10-12 08:54:39.539	\N	2025-10-12 08:52:56.33373	2025-10-12 08:54:39.540062
6553	1	35	31	0	2	31	BO3	regular_season	3	283	completed	2025-10-14 08:52:56.328	\N	2025-10-12 08:54:39.542	\N	2025-10-12 08:52:56.33373	2025-10-12 08:54:39.542506
6551	1	33	40	0	2	40	BO3	regular_season	3	281	completed	2025-10-14 08:52:56.328	\N	2025-10-12 08:54:39.548	\N	2025-10-12 08:52:56.33373	2025-10-12 08:54:39.548607
6560	1	38	39	0	2	39	BO3	regular_season	4	290	completed	2025-10-15 08:52:56.328	\N	2025-10-12 08:54:40.063	\N	2025-10-12 08:52:56.33373	2025-10-12 08:54:40.063139
6559	1	37	31	0	2	31	BO3	regular_season	4	289	completed	2025-10-15 08:52:56.328	\N	2025-10-12 08:54:40.065	\N	2025-10-12 08:52:56.33373	2025-10-12 08:54:40.065922
6558	1	36	32	0	2	32	BO3	regular_season	4	288	completed	2025-10-15 08:52:56.328	\N	2025-10-12 08:54:40.068	\N	2025-10-12 08:52:56.33373	2025-10-12 08:54:40.068574
6557	1	35	33	0	2	33	BO3	regular_season	4	287	completed	2025-10-15 08:52:56.328	\N	2025-10-12 08:54:40.07	\N	2025-10-12 08:52:56.33373	2025-10-12 08:54:40.070977
6556	1	34	40	0	2	40	BO3	regular_season	4	286	completed	2025-10-15 08:52:56.328	\N	2025-10-12 08:54:40.072	\N	2025-10-12 08:52:56.33373	2025-10-12 08:54:40.072945
6564	1	38	32	0	2	32	BO3	regular_season	5	294	completed	2025-10-16 08:52:56.328	\N	2025-10-12 08:54:40.577	\N	2025-10-12 08:52:56.33373	2025-10-12 08:54:40.577654
6563	1	37	33	0	2	33	BO3	regular_season	5	293	completed	2025-10-16 08:52:56.328	\N	2025-10-12 08:54:40.579	\N	2025-10-12 08:52:56.33373	2025-10-12 08:54:40.580011
6562	1	36	34	0	2	34	BO3	regular_season	5	292	completed	2025-10-16 08:52:56.328	\N	2025-10-12 08:54:40.582	\N	2025-10-12 08:52:56.33373	2025-10-12 08:54:40.58233
6561	1	35	40	0	2	40	BO3	regular_season	5	291	completed	2025-10-16 08:52:56.328	\N	2025-10-12 08:54:40.586	\N	2025-10-12 08:52:56.33373	2025-10-12 08:54:40.58617
6570	1	31	32	0	2	32	BO3	regular_season	6	300	completed	2025-10-17 08:52:56.328	\N	2025-10-12 08:54:41.058	\N	2025-10-12 08:52:56.33373	2025-10-12 08:54:41.05891
6569	1	39	33	0	2	33	BO3	regular_season	6	299	completed	2025-10-17 08:52:56.328	\N	2025-10-12 08:54:41.062	\N	2025-10-12 08:52:56.33373	2025-10-12 08:54:41.062823
6567	1	37	35	0	2	35	BO3	regular_season	6	297	completed	2025-10-17 08:52:56.328	\N	2025-10-12 08:54:41.068	\N	2025-10-12 08:52:56.33373	2025-10-12 08:54:41.069009
6566	1	36	40	0	2	40	BO3	regular_season	6	296	completed	2025-10-17 08:52:56.328	\N	2025-10-12 08:54:41.071	\N	2025-10-12 08:52:56.33373	2025-10-12 08:54:41.071605
6575	1	32	33	0	2	33	BO3	regular_season	7	305	completed	2025-10-18 08:52:56.328	\N	2025-10-12 08:54:41.572	\N	2025-10-12 08:52:56.33373	2025-10-12 08:54:41.57305
6574	1	31	34	0	2	34	BO3	regular_season	7	304	completed	2025-10-18 08:52:56.328	\N	2025-10-12 08:54:41.577	\N	2025-10-12 08:52:56.33373	2025-10-12 08:54:41.57749
6573	1	39	35	0	2	35	BO3	regular_season	7	303	completed	2025-10-18 08:52:56.328	\N	2025-10-12 08:54:41.581	\N	2025-10-12 08:52:56.33373	2025-10-12 08:54:41.581499
6572	1	38	36	0	2	36	BO3	regular_season	7	302	completed	2025-10-18 08:52:56.328	\N	2025-10-12 08:54:41.589	\N	2025-10-12 08:52:56.33373	2025-10-12 08:54:41.590081
6580	1	33	34	0	2	34	BO3	regular_season	8	310	completed	2025-10-19 08:52:56.328	\N	2025-10-12 08:54:42.087	\N	2025-10-12 08:52:56.33373	2025-10-12 08:54:42.087386
6579	1	32	35	0	2	35	BO3	regular_season	8	309	completed	2025-10-19 08:52:56.328	\N	2025-10-12 08:54:42.092	\N	2025-10-12 08:52:56.33373	2025-10-12 08:54:42.092513
6578	1	31	36	0	2	36	BO3	regular_season	8	308	completed	2025-10-19 08:52:56.328	\N	2025-10-12 08:54:42.095	\N	2025-10-12 08:52:56.33373	2025-10-12 08:54:42.095203
6577	1	39	37	0	2	37	BO3	regular_season	8	307	completed	2025-10-19 08:52:56.328	\N	2025-10-12 08:54:42.098	\N	2025-10-12 08:52:56.33373	2025-10-12 08:54:42.098218
6576	1	38	40	0	2	40	BO3	regular_season	8	306	completed	2025-10-19 08:52:56.328	\N	2025-10-12 08:54:42.107	\N	2025-10-12 08:52:56.33373	2025-10-12 08:54:42.107227
6585	1	34	35	0	2	35	BO3	regular_season	9	315	completed	2025-10-20 08:52:56.328	\N	2025-10-12 08:54:42.599	\N	2025-10-12 08:52:56.33373	2025-10-12 08:54:42.599516
6583	1	32	37	0	2	37	BO3	regular_season	9	313	completed	2025-10-20 08:52:56.328	\N	2025-10-12 08:54:42.603	\N	2025-10-12 08:52:56.33373	2025-10-12 08:54:42.603472
6582	1	31	38	0	2	38	BO3	regular_season	9	312	completed	2025-10-20 08:52:56.328	\N	2025-10-12 08:54:42.605	\N	2025-10-12 08:52:56.33373	2025-10-12 08:54:42.605271
6581	1	39	40	0	2	40	BO3	regular_season	9	311	completed	2025-10-20 08:52:56.328	\N	2025-10-12 08:54:42.607	\N	2025-10-12 08:52:56.33373	2025-10-12 08:54:42.607099
6590	1	36	35	0	2	35	BO3	regular_season	10	320	completed	2025-10-21 08:52:56.328	\N	2025-10-12 08:54:43.089	\N	2025-10-12 08:52:56.33373	2025-10-12 08:54:43.089357
6589	1	37	34	0	2	34	BO3	regular_season	10	319	completed	2025-10-21 08:52:56.328	\N	2025-10-12 08:54:43.092	\N	2025-10-12 08:52:56.33373	2025-10-12 08:54:43.092157
6588	1	38	33	0	2	33	BO3	regular_season	10	318	completed	2025-10-21 08:52:56.328	\N	2025-10-12 08:54:43.094	\N	2025-10-12 08:52:56.33373	2025-10-12 08:54:43.09435
6586	1	40	31	0	2	31	BO3	regular_season	10	316	completed	2025-10-21 08:52:56.328	\N	2025-10-12 08:54:43.107	\N	2025-10-12 08:52:56.33373	2025-10-12 08:54:43.107132
6593	1	39	34	0	2	34	BO3	regular_season	11	323	completed	2025-10-22 08:52:56.328	\N	2025-10-12 08:54:43.627	\N	2025-10-12 08:52:56.33373	2025-10-12 08:54:43.627385
6592	1	31	33	0	2	33	BO3	regular_season	11	322	completed	2025-10-22 08:52:56.328	\N	2025-10-12 08:54:43.628	\N	2025-10-12 08:52:56.33373	2025-10-12 08:54:43.628864
6591	1	40	32	0	2	32	BO3	regular_season	11	321	completed	2025-10-22 08:52:56.328	\N	2025-10-12 08:54:43.63	\N	2025-10-12 08:52:56.33373	2025-10-12 08:54:43.630984
6530	1	23	22	0	2	22	BO3	regular_season	16	260	completed	2025-10-27 08:52:56.327	\N	2025-10-12 08:54:46.004	\N	2025-10-12 08:52:56.33373	2025-10-12 08:54:46.004933
6529	1	24	21	0	2	21	BO3	regular_season	16	259	completed	2025-10-27 08:52:56.327	\N	2025-10-12 08:54:46.007	\N	2025-10-12 08:52:56.33373	2025-10-12 08:54:46.007654
6532	1	27	29	0	2	29	BO3	regular_season	17	262	completed	2025-10-28 08:52:56.327	\N	2025-10-12 08:54:46.48	\N	2025-10-12 08:52:56.33373	2025-10-12 08:54:46.480276
6533	1	26	21	0	2	21	BO3	regular_season	17	263	completed	2025-10-28 08:52:56.327	\N	2025-10-12 08:54:46.481	\N	2025-10-12 08:52:56.33373	2025-10-12 08:54:46.481824
6534	1	25	22	0	2	22	BO3	regular_season	17	264	completed	2025-10-28 08:52:56.327	\N	2025-10-12 08:54:46.483	\N	2025-10-12 08:52:56.33373	2025-10-12 08:54:46.483493
6535	1	24	23	0	2	23	BO3	regular_season	17	265	completed	2025-10-28 08:52:56.327	\N	2025-10-12 08:54:46.484	\N	2025-10-12 08:52:56.33373	2025-10-12 08:54:46.484843
6536	1	30	29	0	2	29	BO3	regular_season	18	266	completed	2025-10-29 08:52:56.327	\N	2025-10-12 08:54:46.94	\N	2025-10-12 08:52:56.33373	2025-10-12 08:54:46.940109
6537	1	28	21	0	2	21	BO3	regular_season	18	267	completed	2025-10-29 08:52:56.327	\N	2025-10-12 08:54:46.941	\N	2025-10-12 08:52:56.33373	2025-10-12 08:54:46.941928
6539	1	26	23	0	2	23	BO3	regular_season	18	269	completed	2025-10-29 08:52:56.327	\N	2025-10-12 08:54:46.945	\N	2025-10-12 08:52:56.33373	2025-10-12 08:54:46.946045
6540	1	25	24	0	2	24	BO3	regular_season	18	270	completed	2025-10-29 08:52:56.327	\N	2025-10-12 08:54:46.947	\N	2025-10-12 08:52:56.33373	2025-10-12 08:54:46.947882
6595	1	37	36	0	2	36	BO3	regular_season	11	325	completed	2025-10-22 08:52:56.328	\N	2025-10-12 08:54:43.624	\N	2025-10-12 08:52:56.33373	2025-10-12 08:54:43.624512
6594	1	38	35	0	2	35	BO3	regular_season	11	324	completed	2025-10-22 08:52:56.328	\N	2025-10-12 08:54:43.625	\N	2025-10-12 08:52:56.33373	2025-10-12 08:54:43.626029
6600	1	38	37	0	2	37	BO3	regular_season	12	330	completed	2025-10-23 08:52:56.328	\N	2025-10-12 08:54:44.067	\N	2025-10-12 08:52:56.33373	2025-10-12 08:54:44.067216
6599	1	39	36	0	2	36	BO3	regular_season	12	329	completed	2025-10-23 08:52:56.328	\N	2025-10-12 08:54:44.074	\N	2025-10-12 08:52:56.33373	2025-10-12 08:54:44.074511
6598	1	31	35	0	2	35	BO3	regular_season	12	328	completed	2025-10-23 08:52:56.328	\N	2025-10-12 08:54:44.077	\N	2025-10-12 08:52:56.33373	2025-10-12 08:54:44.077719
6597	1	32	34	0	2	34	BO3	regular_season	12	327	completed	2025-10-23 08:52:56.328	\N	2025-10-12 08:54:44.08	\N	2025-10-12 08:52:56.33373	2025-10-12 08:54:44.080116
6596	1	40	33	0	2	33	BO3	regular_season	12	326	completed	2025-10-23 08:52:56.328	\N	2025-10-12 08:54:44.086	\N	2025-10-12 08:52:56.33373	2025-10-12 08:54:44.086979
6605	1	39	38	0	2	38	BO3	regular_season	13	335	completed	2025-10-24 08:52:56.328	\N	2025-10-12 08:54:44.569	\N	2025-10-12 08:52:56.33373	2025-10-12 08:54:44.569678
6604	1	31	37	0	2	37	BO3	regular_season	13	334	completed	2025-10-24 08:52:56.328	\N	2025-10-12 08:54:44.571	\N	2025-10-12 08:52:56.33373	2025-10-12 08:54:44.572068
6603	1	32	36	0	2	36	BO3	regular_season	13	333	completed	2025-10-24 08:52:56.328	\N	2025-10-12 08:54:44.574	\N	2025-10-12 08:52:56.33373	2025-10-12 08:54:44.574586
6602	1	33	35	0	2	35	BO3	regular_season	13	332	completed	2025-10-24 08:52:56.328	\N	2025-10-12 08:54:44.577	\N	2025-10-12 08:52:56.33373	2025-10-12 08:54:44.577074
6601	1	40	34	0	2	34	BO3	regular_season	13	331	completed	2025-10-24 08:52:56.328	\N	2025-10-12 08:54:44.579	\N	2025-10-12 08:52:56.33373	2025-10-12 08:54:44.579843
6606	1	40	35	0	2	35	BO3	regular_season	14	336	completed	2025-10-25 08:52:56.328	\N	2025-10-12 08:54:45.071	\N	2025-10-12 08:52:56.33373	2025-10-12 08:54:45.07168
6607	1	34	36	0	2	36	BO3	regular_season	14	337	completed	2025-10-25 08:52:56.328	\N	2025-10-12 08:54:45.074	\N	2025-10-12 08:52:56.33373	2025-10-12 08:54:45.075038
6608	1	33	37	0	2	37	BO3	regular_season	14	338	completed	2025-10-25 08:52:56.328	\N	2025-10-12 08:54:45.077	\N	2025-10-12 08:52:56.33373	2025-10-12 08:54:45.077532
6609	1	32	38	0	2	38	BO3	regular_season	14	339	completed	2025-10-25 08:52:56.328	\N	2025-10-12 08:54:45.08	\N	2025-10-12 08:52:56.33373	2025-10-12 08:54:45.080104
6610	1	31	39	0	2	39	BO3	regular_season	14	340	completed	2025-10-25 08:52:56.328	\N	2025-10-12 08:54:45.082	\N	2025-10-12 08:52:56.33373	2025-10-12 08:54:45.082805
6611	1	40	36	0	2	36	BO3	regular_season	15	341	completed	2025-10-26 08:52:56.328	\N	2025-10-12 08:54:45.527	\N	2025-10-12 08:52:56.33373	2025-10-12 08:54:45.527861
6612	1	35	37	0	2	37	BO3	regular_season	15	342	completed	2025-10-26 08:52:56.328	\N	2025-10-12 08:54:45.529	\N	2025-10-12 08:52:56.33373	2025-10-12 08:54:45.529832
6613	1	34	38	0	2	38	BO3	regular_season	15	343	completed	2025-10-26 08:52:56.328	\N	2025-10-12 08:54:45.533	\N	2025-10-12 08:52:56.33373	2025-10-12 08:54:45.5337
6614	1	33	39	0	2	39	BO3	regular_season	15	344	completed	2025-10-26 08:52:56.328	\N	2025-10-12 08:54:45.536	\N	2025-10-12 08:52:56.33373	2025-10-12 08:54:45.536357
6615	1	32	31	0	2	31	BO3	regular_season	15	345	completed	2025-10-26 08:52:56.328	\N	2025-10-12 08:54:45.537	\N	2025-10-12 08:52:56.33373	2025-10-12 08:54:45.537794
6618	1	35	39	0	2	39	BO3	regular_season	16	348	completed	2025-10-27 08:52:56.328	\N	2025-10-12 08:54:45.988	\N	2025-10-12 08:52:56.33373	2025-10-12 08:54:45.988501
6616	1	40	37	0	2	37	BO3	regular_season	16	346	completed	2025-10-27 08:52:56.328	\N	2025-10-12 08:54:45.99	\N	2025-10-12 08:52:56.33373	2025-10-12 08:54:45.990663
6617	1	36	38	0	2	38	BO3	regular_season	16	347	completed	2025-10-27 08:52:56.328	\N	2025-10-12 08:54:45.994	\N	2025-10-12 08:52:56.33373	2025-10-12 08:54:45.994138
6619	1	34	31	0	2	31	BO3	regular_season	16	349	completed	2025-10-27 08:52:56.328	\N	2025-10-12 08:54:45.996	\N	2025-10-12 08:52:56.33373	2025-10-12 08:54:45.996691
6620	1	33	32	0	2	32	BO3	regular_season	16	350	completed	2025-10-27 08:52:56.328	\N	2025-10-12 08:54:45.999	\N	2025-10-12 08:52:56.33373	2025-10-12 08:54:45.999393
6621	1	40	38	0	2	38	BO3	regular_season	17	351	completed	2025-10-28 08:52:56.328	\N	2025-10-12 08:54:46.454	\N	2025-10-12 08:52:56.33373	2025-10-12 08:54:46.454419
6622	1	37	39	0	2	39	BO3	regular_season	17	352	completed	2025-10-28 08:52:56.328	\N	2025-10-12 08:54:46.455	\N	2025-10-12 08:52:56.33373	2025-10-12 08:54:46.455978
6623	1	36	31	0	2	31	BO3	regular_season	17	353	completed	2025-10-28 08:52:56.328	\N	2025-10-12 08:54:46.457	\N	2025-10-12 08:52:56.33373	2025-10-12 08:54:46.457774
6624	1	35	32	0	2	32	BO3	regular_season	17	354	completed	2025-10-28 08:52:56.328	\N	2025-10-12 08:54:46.466	\N	2025-10-12 08:52:56.33373	2025-10-12 08:54:46.466509
6625	1	34	33	0	2	33	BO3	regular_season	17	355	completed	2025-10-28 08:52:56.328	\N	2025-10-12 08:54:46.468	\N	2025-10-12 08:52:56.33373	2025-10-12 08:54:46.468321
6630	1	35	34	0	2	34	BO3	regular_season	18	360	completed	2025-10-29 08:52:56.328	\N	2025-10-12 08:54:46.912	\N	2025-10-12 08:52:56.33373	2025-10-12 08:54:46.912967
6626	1	40	39	0	2	39	BO3	regular_season	18	356	completed	2025-10-29 08:52:56.328	\N	2025-10-12 08:54:46.92	\N	2025-10-12 08:52:56.33373	2025-10-12 08:54:46.920883
6627	1	38	31	0	2	31	BO3	regular_season	18	357	completed	2025-10-29 08:52:56.328	\N	2025-10-12 08:54:46.923	\N	2025-10-12 08:52:56.33373	2025-10-12 08:54:46.923762
6628	1	37	32	0	2	32	BO3	regular_season	18	358	completed	2025-10-29 08:52:56.328	\N	2025-10-12 08:54:46.925	\N	2025-10-12 08:52:56.33373	2025-10-12 08:54:46.925762
6629	1	36	33	0	2	33	BO3	regular_season	18	359	completed	2025-10-29 08:52:56.328	\N	2025-10-12 08:54:46.927	\N	2025-10-12 08:52:56.33373	2025-10-12 08:54:46.927666
\.


--
-- Data for Name: msi_brackets; Type: TABLE DATA; Schema: public; Owner: postgres
--

COPY public.msi_brackets (id, season_id, season_year, status, qualified_teams, legendary_group, challenger_group, qualifier_group, champion_id, runner_up_id, third_place_id, fourth_place_id, loser_round_2, loser_round_1, points_distribution, created_at, updated_at, new_season_id) FROM stdin;
2	1	2024	completed	[{"seed": 1, "wins": 11, "group": "legendary", "losses": 7, "teamId": "4", "regionId": "1", "teamName": "Weibo Gaming", "regionName": "中国大陆职业联赛", "regularSeasonRank": 3, "springPlayoffRank": 1, "regularSeasonPoints": 33, "springPlayoffPoints": 12}, {"seed": 1, "wins": 13, "group": "legendary", "losses": 5, "teamId": "14", "regionId": "2", "teamName": "KT Rolster", "regionName": "韩国冠军联赛", "regularSeasonRank": 1, "springPlayoffRank": 1, "regularSeasonPoints": 38, "springPlayoffPoints": 12}, {"seed": 1, "wins": 14, "group": "legendary", "losses": 4, "teamId": "22", "regionId": "3", "teamName": "Fnatic", "regionName": "欧洲冠军联赛", "regularSeasonRank": 1, "springPlayoffRank": 1, "regularSeasonPoints": 38, "springPlayoffPoints": 12}, {"seed": 1, "wins": 13, "group": "legendary", "losses": 5, "teamId": "33", "regionId": "4", "teamName": "100 Thieves", "regionName": "北美冠军联赛", "regularSeasonRank": 2, "springPlayoffRank": 1, "regularSeasonPoints": 36, "springPlayoffPoints": 12}, {"seed": 2, "wins": 16, "group": "challenger", "losses": 2, "teamId": "1", "regionId": "1", "teamName": "JD Gaming", "regionName": "中国大陆职业联赛", "regularSeasonRank": 2, "springPlayoffRank": 2, "regularSeasonPoints": 42, "springPlayoffPoints": 10}, {"seed": 2, "wins": 14, "group": "challenger", "losses": 4, "teamId": "12", "regionId": "2", "teamName": "Gen.G", "regionName": "韩国冠军联赛", "regularSeasonRank": 2, "springPlayoffRank": 2, "regularSeasonPoints": 35, "springPlayoffPoints": 10}, {"seed": 2, "wins": 13, "group": "challenger", "losses": 5, "teamId": "21", "regionId": "3", "teamName": "G2 Esports", "regionName": "欧洲冠军联赛", "regularSeasonRank": 2, "springPlayoffRank": 2, "regularSeasonPoints": 36, "springPlayoffPoints": 10}, {"seed": 2, "wins": 14, "group": "challenger", "losses": 4, "teamId": "31", "regionId": "4", "teamName": "Cloud9", "regionName": "北美冠军联赛", "regularSeasonRank": 1, "springPlayoffRank": 2, "regularSeasonPoints": 39, "springPlayoffPoints": 10}, {"seed": 3, "wins": 16, "group": "qualifier", "losses": 2, "teamId": "2", "regionId": "1", "teamName": "Bilibili Gaming", "regionName": "中国大陆职业联赛", "regularSeasonRank": 1, "springPlayoffRank": 3, "regularSeasonPoints": 47, "springPlayoffPoints": 8}, {"seed": 3, "wins": 11, "group": "qualifier", "losses": 7, "teamId": "13", "regionId": "2", "teamName": "DRX", "regionName": "韩国冠军联赛", "regularSeasonRank": 3, "springPlayoffRank": 3, "regularSeasonPoints": 35, "springPlayoffPoints": 8}, {"seed": 3, "wins": 10, "group": "qualifier", "losses": 8, "teamId": "25", "regionId": "3", "teamName": "Rogue", "regionName": "欧洲冠军联赛", "regularSeasonRank": 4, "springPlayoffRank": 3, "regularSeasonPoints": 30, "springPlayoffPoints": 8}, {"seed": 3, "wins": 13, "group": "qualifier", "losses": 5, "teamId": "32", "regionId": "4", "teamName": "Team Liquid", "regionName": "北美冠军联赛", "regularSeasonRank": 3, "springPlayoffRank": 3, "regularSeasonPoints": 36, "springPlayoffPoints": 8}]	[{"seed": 1, "wins": 11, "group": "legendary", "losses": 7, "teamId": "4", "regionId": "1", "teamName": "Weibo Gaming", "regionName": "中国大陆职业联赛", "regularSeasonRank": 3, "springPlayoffRank": 1, "regularSeasonPoints": 33, "springPlayoffPoints": 12}, {"seed": 1, "wins": 13, "group": "legendary", "losses": 5, "teamId": "14", "regionId": "2", "teamName": "KT Rolster", "regionName": "韩国冠军联赛", "regularSeasonRank": 1, "springPlayoffRank": 1, "regularSeasonPoints": 38, "springPlayoffPoints": 12}, {"seed": 1, "wins": 14, "group": "legendary", "losses": 4, "teamId": "22", "regionId": "3", "teamName": "Fnatic", "regionName": "欧洲冠军联赛", "regularSeasonRank": 1, "springPlayoffRank": 1, "regularSeasonPoints": 38, "springPlayoffPoints": 12}, {"seed": 1, "wins": 13, "group": "legendary", "losses": 5, "teamId": "33", "regionId": "4", "teamName": "100 Thieves", "regionName": "北美冠军联赛", "regularSeasonRank": 2, "springPlayoffRank": 1, "regularSeasonPoints": 36, "springPlayoffPoints": 12}]	[{"seed": 2, "wins": 16, "group": "challenger", "losses": 2, "teamId": "1", "regionId": "1", "teamName": "JD Gaming", "regionName": "中国大陆职业联赛", "regularSeasonRank": 2, "springPlayoffRank": 2, "regularSeasonPoints": 42, "springPlayoffPoints": 10}, {"seed": 2, "wins": 14, "group": "challenger", "losses": 4, "teamId": "12", "regionId": "2", "teamName": "Gen.G", "regionName": "韩国冠军联赛", "regularSeasonRank": 2, "springPlayoffRank": 2, "regularSeasonPoints": 35, "springPlayoffPoints": 10}, {"seed": 2, "wins": 13, "group": "challenger", "losses": 5, "teamId": "21", "regionId": "3", "teamName": "G2 Esports", "regionName": "欧洲冠军联赛", "regularSeasonRank": 2, "springPlayoffRank": 2, "regularSeasonPoints": 36, "springPlayoffPoints": 10}, {"seed": 2, "wins": 14, "group": "challenger", "losses": 4, "teamId": "31", "regionId": "4", "teamName": "Cloud9", "regionName": "北美冠军联赛", "regularSeasonRank": 1, "springPlayoffRank": 2, "regularSeasonPoints": 39, "springPlayoffPoints": 10}]	[{"seed": 3, "wins": 16, "group": "qualifier", "losses": 2, "teamId": "2", "regionId": "1", "teamName": "Bilibili Gaming", "regionName": "中国大陆职业联赛", "regularSeasonRank": 1, "springPlayoffRank": 3, "regularSeasonPoints": 47, "springPlayoffPoints": 8}, {"seed": 3, "wins": 11, "group": "qualifier", "losses": 7, "teamId": "13", "regionId": "2", "teamName": "DRX", "regionName": "韩国冠军联赛", "regularSeasonRank": 3, "springPlayoffRank": 3, "regularSeasonPoints": 35, "springPlayoffPoints": 8}, {"seed": 3, "wins": 10, "group": "qualifier", "losses": 8, "teamId": "25", "regionId": "3", "teamName": "Rogue", "regionName": "欧洲冠军联赛", "regularSeasonRank": 4, "springPlayoffRank": 3, "regularSeasonPoints": 30, "springPlayoffPoints": 8}, {"seed": 3, "wins": 13, "group": "qualifier", "losses": 5, "teamId": "32", "regionId": "4", "teamName": "Team Liquid", "regionName": "北美冠军联赛", "regularSeasonRank": 3, "springPlayoffRank": 3, "regularSeasonPoints": 36, "springPlayoffPoints": 8}]	14	4	22	33	[{"seed": 2, "wins": 16, "group": "challenger", "losses": 2, "teamId": "1", "regionId": "1", "teamName": "JD Gaming", "regionName": "中国大陆职业联赛", "regularSeasonRank": 2, "springPlayoffRank": 2, "regularSeasonPoints": 42, "springPlayoffPoints": 10}, {"seed": 3, "wins": 10, "group": "qualifier", "losses": 8, "teamId": "25", "regionId": "3", "teamName": "Rogue", "regionName": "欧洲冠军联赛", "regularSeasonRank": 4, "springPlayoffRank": 3, "regularSeasonPoints": 30, "springPlayoffPoints": 8}]	[{"seed": 3, "wins": 11, "group": "qualifier", "losses": 7, "teamId": "13", "regionId": "2", "teamName": "DRX", "regionName": "韩国冠军联赛", "regularSeasonRank": 3, "springPlayoffRank": 3, "regularSeasonPoints": 35, "springPlayoffPoints": 8}, {"seed": 2, "wins": 13, "group": "challenger", "losses": 5, "teamId": "21", "regionId": "3", "teamName": "G2 Esports", "regionName": "欧洲冠军联赛", "regularSeasonRank": 2, "springPlayoffRank": 2, "regularSeasonPoints": 36, "springPlayoffPoints": 10}]	{"champion": 20, "runnerUp": 16, "thirdPlace": 12, "fourthPlace": 8, "loserRound1": 4, "loserRound2": 6}	2025-10-14 08:38:57.471511+08	2025-10-14 08:40:27.773091+08	\N
3	7	2025	completed	[{"seed": 1, "wins": 13, "group": "legendary", "losses": 5, "teamId": "2", "regionId": "1", "teamName": "Bilibili Gaming", "regionName": "中国大陆职业联赛", "regularSeasonRank": 2, "springPlayoffRank": 1, "regularSeasonPoints": 39, "springPlayoffPoints": 12}, {"seed": 1, "wins": 15, "group": "legendary", "losses": 3, "teamId": "13", "regionId": "2", "teamName": "DRX", "regionName": "韩国冠军联赛", "regularSeasonRank": 1, "springPlayoffRank": 1, "regularSeasonPoints": 43, "springPlayoffPoints": 12}, {"seed": 1, "wins": 10, "group": "legendary", "losses": 8, "teamId": "25", "regionId": "3", "teamName": "Rogue", "regionName": "欧洲冠军联赛", "regularSeasonRank": 4, "springPlayoffRank": 1, "regularSeasonPoints": 32, "springPlayoffPoints": 12}, {"seed": 1, "wins": 13, "group": "legendary", "losses": 5, "teamId": "31", "regionId": "4", "teamName": "Cloud9", "regionName": "北美冠军联赛", "regularSeasonRank": 2, "springPlayoffRank": 1, "regularSeasonPoints": 37, "springPlayoffPoints": 12}, {"seed": 2, "wins": 15, "group": "challenger", "losses": 3, "teamId": "1", "regionId": "1", "teamName": "JD Gaming", "regionName": "中国大陆职业联赛", "regularSeasonRank": 1, "springPlayoffRank": 2, "regularSeasonPoints": 42, "springPlayoffPoints": 10}, {"seed": 2, "wins": 13, "group": "challenger", "losses": 5, "teamId": "11", "regionId": "2", "teamName": "T1", "regionName": "韩国冠军联赛", "regularSeasonRank": 2, "springPlayoffRank": 2, "regularSeasonPoints": 40, "springPlayoffPoints": 10}, {"seed": 2, "wins": 12, "group": "challenger", "losses": 6, "teamId": "21", "regionId": "3", "teamName": "G2 Esports", "regionName": "欧洲冠军联赛", "regularSeasonRank": 1, "springPlayoffRank": 2, "regularSeasonPoints": 38, "springPlayoffPoints": 10}, {"seed": 2, "wins": 15, "group": "challenger", "losses": 3, "teamId": "32", "regionId": "4", "teamName": "Team Liquid", "regionName": "北美冠军联赛", "regularSeasonRank": 1, "springPlayoffRank": 2, "regularSeasonPoints": 41, "springPlayoffPoints": 10}, {"seed": 3, "wins": 14, "group": "qualifier", "losses": 4, "teamId": "3", "regionId": "1", "teamName": "Top Esports", "regionName": "中国大陆职业联赛", "regularSeasonRank": 3, "springPlayoffRank": 3, "regularSeasonPoints": 37, "springPlayoffPoints": 8}, {"seed": 3, "wins": 13, "group": "qualifier", "losses": 5, "teamId": "14", "regionId": "2", "teamName": "KT Rolster", "regionName": "韩国冠军联赛", "regularSeasonRank": 3, "springPlayoffRank": 3, "regularSeasonPoints": 34, "springPlayoffPoints": 8}, {"seed": 3, "wins": 13, "group": "qualifier", "losses": 5, "teamId": "22", "regionId": "3", "teamName": "Fnatic", "regionName": "欧洲冠军联赛", "regularSeasonRank": 2, "springPlayoffRank": 3, "regularSeasonPoints": 37, "springPlayoffPoints": 8}, {"seed": 3, "wins": 12, "group": "qualifier", "losses": 6, "teamId": "40", "regionId": "4", "teamName": "CLG", "regionName": "北美冠军联赛", "regularSeasonRank": 3, "springPlayoffRank": 3, "regularSeasonPoints": 35, "springPlayoffPoints": 8}]	[{"seed": 1, "wins": 13, "group": "legendary", "losses": 5, "teamId": "2", "regionId": "1", "teamName": "Bilibili Gaming", "regionName": "中国大陆职业联赛", "regularSeasonRank": 2, "springPlayoffRank": 1, "regularSeasonPoints": 39, "springPlayoffPoints": 12}, {"seed": 1, "wins": 15, "group": "legendary", "losses": 3, "teamId": "13", "regionId": "2", "teamName": "DRX", "regionName": "韩国冠军联赛", "regularSeasonRank": 1, "springPlayoffRank": 1, "regularSeasonPoints": 43, "springPlayoffPoints": 12}, {"seed": 1, "wins": 10, "group": "legendary", "losses": 8, "teamId": "25", "regionId": "3", "teamName": "Rogue", "regionName": "欧洲冠军联赛", "regularSeasonRank": 4, "springPlayoffRank": 1, "regularSeasonPoints": 32, "springPlayoffPoints": 12}, {"seed": 1, "wins": 13, "group": "legendary", "losses": 5, "teamId": "31", "regionId": "4", "teamName": "Cloud9", "regionName": "北美冠军联赛", "regularSeasonRank": 2, "springPlayoffRank": 1, "regularSeasonPoints": 37, "springPlayoffPoints": 12}]	[{"seed": 2, "wins": 15, "group": "challenger", "losses": 3, "teamId": "1", "regionId": "1", "teamName": "JD Gaming", "regionName": "中国大陆职业联赛", "regularSeasonRank": 1, "springPlayoffRank": 2, "regularSeasonPoints": 42, "springPlayoffPoints": 10}, {"seed": 2, "wins": 13, "group": "challenger", "losses": 5, "teamId": "11", "regionId": "2", "teamName": "T1", "regionName": "韩国冠军联赛", "regularSeasonRank": 2, "springPlayoffRank": 2, "regularSeasonPoints": 40, "springPlayoffPoints": 10}, {"seed": 2, "wins": 12, "group": "challenger", "losses": 6, "teamId": "21", "regionId": "3", "teamName": "G2 Esports", "regionName": "欧洲冠军联赛", "regularSeasonRank": 1, "springPlayoffRank": 2, "regularSeasonPoints": 38, "springPlayoffPoints": 10}, {"seed": 2, "wins": 15, "group": "challenger", "losses": 3, "teamId": "32", "regionId": "4", "teamName": "Team Liquid", "regionName": "北美冠军联赛", "regularSeasonRank": 1, "springPlayoffRank": 2, "regularSeasonPoints": 41, "springPlayoffPoints": 10}]	[{"seed": 3, "wins": 14, "group": "qualifier", "losses": 4, "teamId": "3", "regionId": "1", "teamName": "Top Esports", "regionName": "中国大陆职业联赛", "regularSeasonRank": 3, "springPlayoffRank": 3, "regularSeasonPoints": 37, "springPlayoffPoints": 8}, {"seed": 3, "wins": 13, "group": "qualifier", "losses": 5, "teamId": "14", "regionId": "2", "teamName": "KT Rolster", "regionName": "韩国冠军联赛", "regularSeasonRank": 3, "springPlayoffRank": 3, "regularSeasonPoints": 34, "springPlayoffPoints": 8}, {"seed": 3, "wins": 13, "group": "qualifier", "losses": 5, "teamId": "22", "regionId": "3", "teamName": "Fnatic", "regionName": "欧洲冠军联赛", "regularSeasonRank": 2, "springPlayoffRank": 3, "regularSeasonPoints": 37, "springPlayoffPoints": 8}, {"seed": 3, "wins": 12, "group": "qualifier", "losses": 6, "teamId": "40", "regionId": "4", "teamName": "CLG", "regionName": "北美冠军联赛", "regularSeasonRank": 3, "springPlayoffRank": 3, "regularSeasonPoints": 35, "springPlayoffPoints": 8}]	31	1	2	32	[{"seed": 2, "wins": 13, "group": "challenger", "losses": 5, "teamId": "11", "regionId": "2", "teamName": "T1", "regionName": "韩国冠军联赛", "regularSeasonRank": 2, "springPlayoffRank": 2, "regularSeasonPoints": 40, "springPlayoffPoints": 10}, {"seed": 2, "wins": 12, "group": "challenger", "losses": 6, "teamId": "21", "regionId": "3", "teamName": "G2 Esports", "regionName": "欧洲冠军联赛", "regularSeasonRank": 1, "springPlayoffRank": 2, "regularSeasonPoints": 38, "springPlayoffPoints": 10}]	[{"seed": 3, "wins": 13, "group": "qualifier", "losses": 5, "teamId": "14", "regionId": "2", "teamName": "KT Rolster", "regionName": "韩国冠军联赛", "regularSeasonRank": 3, "springPlayoffRank": 3, "regularSeasonPoints": 34, "springPlayoffPoints": 8}, {"seed": 3, "wins": 12, "group": "qualifier", "losses": 6, "teamId": "40", "regionId": "4", "teamName": "CLG", "regionName": "北美冠军联赛", "regularSeasonRank": 3, "springPlayoffRank": 3, "regularSeasonPoints": 35, "springPlayoffPoints": 8}]	{"champion": 20, "runnerUp": 16, "thirdPlace": 12, "fourthPlace": 8, "loserRound1": 4, "loserRound2": 6}	2025-10-14 09:33:28.917886+08	2025-10-14 09:42:41.625076+08	\N
\.


--
-- Data for Name: msi_brackets_backup; Type: TABLE DATA; Schema: public; Owner: postgres
--

COPY public.msi_brackets_backup (id, season_id, season_year, status, qualified_teams, legendary_group, challenger_group, qualifier_group, champion_id, runner_up_id, third_place_id, fourth_place_id, loser_round_2, loser_round_1, points_distribution, created_at, updated_at) FROM stdin;
1	1	2024	completed	[{"seed": 1, "wins": "18", "group": "legendary", "losses": "18", "teamId": "1", "regionId": "1", "teamName": "JD Gaming", "regionName": "中国大陆职业联赛", "regularSeasonRank": 4, "springPlayoffRank": 1, "regularSeasonPoints": "54", "springPlayoffPoints": 12}, {"seed": 1, "wins": "18", "group": "legendary", "losses": "18", "teamId": "13", "regionId": "2", "teamName": "DRX", "regionName": "韩国冠军联赛", "regularSeasonRank": 2, "springPlayoffRank": 1, "regularSeasonPoints": "54", "springPlayoffPoints": 12}, {"seed": 1, "wins": "18", "group": "legendary", "losses": "18", "teamId": "23", "regionId": "3", "teamName": "MAD Lions", "regionName": "欧洲冠军联赛", "regularSeasonRank": 2, "springPlayoffRank": 1, "regularSeasonPoints": "54", "springPlayoffPoints": 12}, {"seed": 1, "wins": "18", "group": "legendary", "losses": "18", "teamId": "32", "regionId": "4", "teamName": "Team Liquid", "regionName": "北美冠军联赛", "regularSeasonRank": 1, "springPlayoffRank": 1, "regularSeasonPoints": "54", "springPlayoffPoints": 12}, {"seed": 2, "wins": "18", "group": "challenger", "losses": "18", "teamId": "3", "regionId": "1", "teamName": "Top Esports", "regionName": "中国大陆职业联赛", "regularSeasonRank": 2, "springPlayoffRank": 2, "regularSeasonPoints": "54", "springPlayoffPoints": 10}, {"seed": 2, "wins": "18", "group": "challenger", "losses": "18", "teamId": "11", "regionId": "2", "teamName": "T1", "regionName": "韩国冠军联赛", "regularSeasonRank": 4, "springPlayoffRank": 2, "regularSeasonPoints": "54", "springPlayoffPoints": 10}, {"seed": 2, "wins": "18", "group": "challenger", "losses": "18", "teamId": "22", "regionId": "3", "teamName": "Fnatic", "regionName": "欧洲冠军联赛", "regularSeasonRank": 1, "springPlayoffRank": 2, "regularSeasonPoints": "54", "springPlayoffPoints": 10}, {"seed": 2, "wins": "18", "group": "challenger", "losses": "18", "teamId": "33", "regionId": "4", "teamName": "100 Thieves", "regionName": "北美冠军联赛", "regularSeasonRank": 2, "springPlayoffRank": 2, "regularSeasonPoints": "54", "springPlayoffPoints": 10}, {"seed": 3, "wins": "18", "group": "qualifier", "losses": "18", "teamId": "2", "regionId": "1", "teamName": "Bilibili Gaming", "regionName": "中国大陆职业联赛", "regularSeasonRank": 1, "springPlayoffRank": 3, "regularSeasonPoints": "54", "springPlayoffPoints": 8}, {"seed": 3, "wins": "18", "group": "qualifier", "losses": "18", "teamId": "12", "regionId": "2", "teamName": "Gen.G", "regionName": "韩国冠军联赛", "regularSeasonRank": 1, "springPlayoffRank": 3, "regularSeasonPoints": "54", "springPlayoffPoints": 8}, {"seed": 3, "wins": "18", "group": "qualifier", "losses": "18", "teamId": "24", "regionId": "3", "teamName": "Team Vitality", "regionName": "欧洲冠军联赛", "regularSeasonRank": 3, "springPlayoffRank": 3, "regularSeasonPoints": "54", "springPlayoffPoints": 8}, {"seed": 3, "wins": "18", "group": "qualifier", "losses": "18", "teamId": "31", "regionId": "4", "teamName": "Cloud9", "regionName": "北美冠军联赛", "regularSeasonRank": 4, "springPlayoffRank": 3, "regularSeasonPoints": "54", "springPlayoffPoints": 8}]	[{"seed": 1, "wins": "18", "group": "legendary", "losses": "18", "teamId": "1", "regionId": "1", "teamName": "JD Gaming", "regionName": "中国大陆职业联赛", "regularSeasonRank": 4, "springPlayoffRank": 1, "regularSeasonPoints": "54", "springPlayoffPoints": 12}, {"seed": 1, "wins": "18", "group": "legendary", "losses": "18", "teamId": "13", "regionId": "2", "teamName": "DRX", "regionName": "韩国冠军联赛", "regularSeasonRank": 2, "springPlayoffRank": 1, "regularSeasonPoints": "54", "springPlayoffPoints": 12}, {"seed": 1, "wins": "18", "group": "legendary", "losses": "18", "teamId": "23", "regionId": "3", "teamName": "MAD Lions", "regionName": "欧洲冠军联赛", "regularSeasonRank": 2, "springPlayoffRank": 1, "regularSeasonPoints": "54", "springPlayoffPoints": 12}, {"seed": 1, "wins": "18", "group": "legendary", "losses": "18", "teamId": "32", "regionId": "4", "teamName": "Team Liquid", "regionName": "北美冠军联赛", "regularSeasonRank": 1, "springPlayoffRank": 1, "regularSeasonPoints": "54", "springPlayoffPoints": 12}]	[{"seed": 2, "wins": "18", "group": "challenger", "losses": "18", "teamId": "3", "regionId": "1", "teamName": "Top Esports", "regionName": "中国大陆职业联赛", "regularSeasonRank": 2, "springPlayoffRank": 2, "regularSeasonPoints": "54", "springPlayoffPoints": 10}, {"seed": 2, "wins": "18", "group": "challenger", "losses": "18", "teamId": "11", "regionId": "2", "teamName": "T1", "regionName": "韩国冠军联赛", "regularSeasonRank": 4, "springPlayoffRank": 2, "regularSeasonPoints": "54", "springPlayoffPoints": 10}, {"seed": 2, "wins": "18", "group": "challenger", "losses": "18", "teamId": "22", "regionId": "3", "teamName": "Fnatic", "regionName": "欧洲冠军联赛", "regularSeasonRank": 1, "springPlayoffRank": 2, "regularSeasonPoints": "54", "springPlayoffPoints": 10}, {"seed": 2, "wins": "18", "group": "challenger", "losses": "18", "teamId": "33", "regionId": "4", "teamName": "100 Thieves", "regionName": "北美冠军联赛", "regularSeasonRank": 2, "springPlayoffRank": 2, "regularSeasonPoints": "54", "springPlayoffPoints": 10}]	[{"seed": 3, "wins": "18", "group": "qualifier", "losses": "18", "teamId": "2", "regionId": "1", "teamName": "Bilibili Gaming", "regionName": "中国大陆职业联赛", "regularSeasonRank": 1, "springPlayoffRank": 3, "regularSeasonPoints": "54", "springPlayoffPoints": 8}, {"seed": 3, "wins": "18", "group": "qualifier", "losses": "18", "teamId": "12", "regionId": "2", "teamName": "Gen.G", "regionName": "韩国冠军联赛", "regularSeasonRank": 1, "springPlayoffRank": 3, "regularSeasonPoints": "54", "springPlayoffPoints": 8}, {"seed": 3, "wins": "18", "group": "qualifier", "losses": "18", "teamId": "24", "regionId": "3", "teamName": "Team Vitality", "regionName": "欧洲冠军联赛", "regularSeasonRank": 3, "springPlayoffRank": 3, "regularSeasonPoints": "54", "springPlayoffPoints": 8}, {"seed": 3, "wins": "18", "group": "qualifier", "losses": "18", "teamId": "31", "regionId": "4", "teamName": "Cloud9", "regionName": "北美冠军联赛", "regularSeasonRank": 4, "springPlayoffRank": 3, "regularSeasonPoints": "54", "springPlayoffPoints": 8}]	32	12	1	23	[{"seed": 2, "wins": "18", "group": "challenger", "losses": "18", "teamId": "11", "regionId": "2", "teamName": "T1", "regionName": "韩国冠军联赛", "regularSeasonRank": 4, "springPlayoffRank": 2, "regularSeasonPoints": "54", "springPlayoffPoints": 10}, {"seed": 2, "wins": "18", "group": "challenger", "losses": "18", "teamId": "22", "regionId": "3", "teamName": "Fnatic", "regionName": "欧洲冠军联赛", "regularSeasonRank": 1, "springPlayoffRank": 2, "regularSeasonPoints": "54", "springPlayoffPoints": 10}]	[{"seed": 2, "wins": "18", "group": "challenger", "losses": "18", "teamId": "3", "regionId": "1", "teamName": "Top Esports", "regionName": "中国大陆职业联赛", "regularSeasonRank": 2, "springPlayoffRank": 2, "regularSeasonPoints": "54", "springPlayoffPoints": 10}, {"seed": 3, "wins": "18", "group": "qualifier", "losses": "18", "teamId": "24", "regionId": "3", "teamName": "Team Vitality", "regionName": "欧洲冠军联赛", "regularSeasonRank": 3, "springPlayoffRank": 3, "regularSeasonPoints": "54", "springPlayoffPoints": 8}]	{"champion": 20, "runnerUp": 16, "thirdPlace": 12, "fourthPlace": 8, "loserRound1": 4, "loserRound2": 6}	2025-10-12 13:40:25.229341+08	2025-10-12 20:41:19.792998+08
\.


--
-- Data for Name: msi_matches; Type: TABLE DATA; Schema: public; Owner: postgres
--

COPY public.msi_matches (id, msi_bracket_id, round_number, match_type, bracket_type, best_of, match_number, team_a_id, team_b_id, team_a_name, team_b_name, team_a_seed, team_b_seed, score_a, score_b, winner_id, status, next_match_id, loser_next_match_id, scheduled_at, completed_at, created_at, updated_at, new_msi_bracket_id) FROM stdin;
33	3	1	qualifier_knockout	qualifier	5	1	3	14	Top Esports	KT Rolster	3	3	2	3	14	completed	37	\N	\N	2025-10-14 09:33:41.213087+08	2025-10-14 09:33:28.917886+08	2025-10-14 09:33:41.213087+08	\N
37	3	2	losers_round_1	losers	5	5	14	11	KT Rolster	T1	\N	\N	0	3	11	completed	39	\N	\N	2025-10-14 09:33:52.650047+08	2025-10-14 09:33:28.917886+08	2025-10-14 09:33:52.650047+08	\N
34	3	1	qualifier_knockout	qualifier	5	2	22	40	Fnatic	CLG	3	3	0	3	40	completed	38	\N	\N	2025-10-14 09:33:41.830616+08	2025-10-14 09:33:28.917886+08	2025-10-14 09:33:41.830616+08	\N
46	3	5	winners_round_2	winners	5	14	2	31	Bilibili Gaming	Cloud9	\N	\N	1	3	31	completed	48	47	\N	2025-10-14 09:34:05.842494+08	2025-10-14 09:33:28.917886+08	2025-10-14 09:34:05.842494+08	\N
35	3	1	challenger_match	challenger	5	3	1	11	JD Gaming	T1	2	2	3	2	1	completed	39	37	\N	2025-10-14 09:33:42.393578+08	2025-10-14 09:33:28.917886+08	2025-10-14 09:33:42.393578+08	\N
36	3	1	challenger_match	challenger	5	4	21	32	G2 Esports	Team Liquid	2	2	3	2	21	completed	40	38	\N	2025-10-14 09:33:44.019605+08	2025-10-14 09:33:28.917886+08	2025-10-14 09:33:44.019605+08	\N
45	3	5	losers_round_4	losers	5	13	1	32	JD Gaming	Team Liquid	\N	\N	3	0	1	completed	47	\N	\N	2025-10-14 09:34:09.699936+08	2025-10-14 09:33:28.917886+08	2025-10-14 09:34:09.699936+08	\N
41	3	3	winners_round_1	winners	5	9	2	13	Bilibili Gaming	DRX	1	1	3	2	2	completed	46	43	\N	2025-10-14 09:33:46.476739+08	2025-10-14 09:33:28.917886+08	2025-10-14 09:33:46.476739+08	\N
47	3	6	losers_final	losers	5	15	2	1	Bilibili Gaming	JD Gaming	\N	\N	0	3	1	completed	48	\N	\N	2025-10-14 09:34:12.049607+08	2025-10-14 09:33:28.917886+08	2025-10-14 09:34:12.049607+08	\N
42	3	3	winners_round_1	winners	5	10	25	31	Rogue	Cloud9	1	1	2	3	31	completed	46	44	\N	2025-10-14 09:33:47.624718+08	2025-10-14 09:33:28.917886+08	2025-10-14 09:33:47.624718+08	\N
38	3	2	losers_round_1	losers	5	6	40	32	CLG	Team Liquid	\N	\N	1	3	32	completed	40	\N	\N	2025-10-14 09:33:53.724647+08	2025-10-14 09:33:28.917886+08	2025-10-14 09:33:53.724647+08	\N
39	3	3	losers_round_2	losers	5	7	1	11	JD Gaming	T1	\N	\N	3	0	1	completed	43	\N	\N	2025-10-14 09:33:55.871494+08	2025-10-14 09:33:28.917886+08	2025-10-14 09:33:55.871494+08	\N
40	3	3	losers_round_2	losers	5	8	21	32	G2 Esports	Team Liquid	\N	\N	2	3	32	completed	44	\N	\N	2025-10-14 09:33:56.745871+08	2025-10-14 09:33:28.917886+08	2025-10-14 09:33:56.745871+08	\N
43	3	4	losers_round_3	losers	5	11	13	1	DRX	JD Gaming	\N	\N	2	3	1	completed	45	\N	\N	2025-10-14 09:33:59.523895+08	2025-10-14 09:33:28.917886+08	2025-10-14 09:33:59.523895+08	\N
44	3	4	losers_round_3	losers	5	12	25	32	Rogue	Team Liquid	\N	\N	2	3	32	completed	45	\N	\N	2025-10-14 09:34:04.042896+08	2025-10-14 09:33:28.917886+08	2025-10-14 09:34:04.042896+08	\N
48	3	7	grand_final	grand_final	5	16	31	1	Cloud9	JD Gaming	\N	\N	3	2	31	completed	\N	\N	\N	2025-10-14 09:42:41.625076+08	2025-10-14 09:33:28.917886+08	2025-10-14 09:42:41.625076+08	\N
19	2	1	challenger_match	challenger	5	3	1	12	JD Gaming	Gen.G	2	2	3	2	1	completed	23	21	\N	2025-10-14 08:39:33.408653+08	2025-10-14 08:38:57.471511+08	2025-10-14 08:39:33.408653+08	\N
20	2	1	challenger_match	challenger	5	4	21	31	G2 Esports	Cloud9	2	2	1	3	31	completed	24	22	\N	2025-10-14 08:39:35.344039+08	2025-10-14 08:38:57.471511+08	2025-10-14 08:39:35.344039+08	\N
21	2	2	losers_round_1	losers	5	5	13	12	DRX	Gen.G	\N	\N	1	3	12	completed	23	\N	\N	2025-10-14 08:39:57.643943+08	2025-10-14 08:38:57.471511+08	2025-10-14 08:39:57.643943+08	\N
22	2	2	losers_round_1	losers	5	6	25	21	Rogue	G2 Esports	\N	\N	3	2	25	completed	24	\N	\N	2025-10-14 08:39:58.808117+08	2025-10-14 08:38:57.471511+08	2025-10-14 08:39:58.808117+08	\N
23	2	3	losers_round_2	losers	5	7	1	12	JD Gaming	Gen.G	\N	\N	0	3	12	completed	27	\N	\N	2025-10-14 08:40:04.558665+08	2025-10-14 08:38:57.471511+08	2025-10-14 08:40:04.558665+08	\N
24	2	3	losers_round_2	losers	5	8	31	25	Cloud9	Rogue	\N	\N	3	2	31	completed	28	\N	\N	2025-10-14 08:40:05.190868+08	2025-10-14 08:38:57.471511+08	2025-10-14 08:40:05.190868+08	\N
25	2	3	winners_round_1	winners	5	9	4	14	Weibo Gaming	KT Rolster	1	1	2	3	14	completed	30	27	\N	2025-10-14 08:40:09.060091+08	2025-10-14 08:38:57.471511+08	2025-10-14 08:40:09.060091+08	\N
17	2	1	qualifier_knockout	qualifier	5	1	2	13	Bilibili Gaming	DRX	3	3	0	3	13	completed	21	\N	\N	2025-10-14 08:39:16.762587+08	2025-10-14 08:38:57.471511+08	2025-10-14 08:39:16.762587+08	\N
18	2	1	qualifier_knockout	qualifier	5	2	25	32	Rogue	Team Liquid	3	3	3	0	25	completed	22	\N	\N	2025-10-14 08:39:18.260348+08	2025-10-14 08:38:57.471511+08	2025-10-14 08:39:18.260348+08	\N
26	2	3	winners_round_1	winners	5	10	22	33	Fnatic	100 Thieves	1	1	3	1	22	completed	30	28	\N	2025-10-14 08:40:09.757255+08	2025-10-14 08:38:57.471511+08	2025-10-14 08:40:09.757255+08	\N
30	2	5	winners_round_2	winners	5	14	14	22	KT Rolster	Fnatic	\N	\N	3	2	14	completed	32	31	\N	2025-10-14 08:40:14.484873+08	2025-10-14 08:38:57.471511+08	2025-10-14 08:40:14.484873+08	\N
27	2	4	losers_round_3	losers	5	11	12	4	Gen.G	Weibo Gaming	\N	\N	2	3	4	completed	29	\N	\N	2025-10-14 08:40:18.673212+08	2025-10-14 08:38:57.471511+08	2025-10-14 08:40:18.673212+08	\N
28	2	4	losers_round_3	losers	5	12	31	33	Cloud9	100 Thieves	\N	\N	1	3	33	completed	29	\N	\N	2025-10-14 08:40:19.168885+08	2025-10-14 08:38:57.471511+08	2025-10-14 08:40:19.168885+08	\N
29	2	5	losers_round_4	losers	5	13	4	33	Weibo Gaming	100 Thieves	\N	\N	3	1	4	completed	31	\N	\N	2025-10-14 08:40:22.708935+08	2025-10-14 08:38:57.471511+08	2025-10-14 08:40:22.708935+08	\N
31	2	6	losers_final	losers	5	15	22	4	Fnatic	Weibo Gaming	\N	\N	0	3	4	completed	32	\N	\N	2025-10-14 08:40:25.448701+08	2025-10-14 08:38:57.471511+08	2025-10-14 08:40:25.448701+08	\N
32	2	7	grand_final	grand_final	5	16	14	4	KT Rolster	Weibo Gaming	\N	\N	3	0	14	completed	\N	\N	\N	2025-10-14 08:40:27.773091+08	2025-10-14 08:38:57.471511+08	2025-10-14 08:40:27.773091+08	\N
\.


--
-- Data for Name: msi_matches_backup; Type: TABLE DATA; Schema: public; Owner: postgres
--

COPY public.msi_matches_backup (id, msi_bracket_id, round_number, match_type, bracket_type, best_of, match_number, team_a_id, team_b_id, team_a_name, team_b_name, team_a_seed, team_b_seed, score_a, score_b, winner_id, status, next_match_id, loser_next_match_id, scheduled_at, completed_at, created_at, updated_at) FROM stdin;
10	1	3	winners_round_1	winners	5	10	23	32	MAD Lions	Team Liquid	1	1	2	3	32	completed	14	12	\N	2025-10-12 20:40:37.600231+08	2025-10-12 13:40:25.229341+08	2025-10-12 20:40:37.600231+08
11	1	4	losers_round_3	losers	5	11	12	13	Gen.G	DRX	\N	\N	3	1	12	completed	13	\N	\N	2025-10-12 20:40:49.690335+08	2025-10-12 13:40:25.229341+08	2025-10-12 20:40:49.690335+08
12	1	4	losers_round_3	losers	5	12	33	23	100 Thieves	MAD Lions	\N	\N	1	3	23	completed	13	\N	\N	2025-10-12 20:40:51.881536+08	2025-10-12 13:40:25.229341+08	2025-10-12 20:40:51.881536+08
13	1	5	losers_round_4	losers	5	13	12	23	Gen.G	MAD Lions	\N	\N	3	2	12	completed	15	\N	\N	2025-10-12 20:41:04.058656+08	2025-10-12 13:40:25.229341+08	2025-10-12 20:41:04.058656+08
1	1	1	qualifier_knockout	qualifier	5	1	2	12	Bilibili Gaming	Gen.G	3	3	0	3	12	completed	5	\N	\N	2025-10-12 13:43:15.791473+08	2025-10-12 13:40:25.229341+08	2025-10-12 13:43:15.791473+08
2	1	1	qualifier_knockout	qualifier	5	2	24	31	Team Vitality	Cloud9	3	3	3	0	24	completed	6	\N	\N	2025-10-12 14:03:38.52393+08	2025-10-12 13:40:25.229341+08	2025-10-12 14:03:38.52393+08
14	1	5	winners_round_2	winners	5	14	1	32	JD Gaming	Team Liquid	\N	\N	1	3	32	completed	16	15	\N	2025-10-12 20:41:09.755633+08	2025-10-12 13:40:25.229341+08	2025-10-12 20:41:09.755633+08
3	1	1	challenger_match	challenger	5	3	3	11	Top Esports	T1	2	2	2	3	11	completed	7	5	\N	2025-10-12 20:35:59.112516+08	2025-10-12 13:40:25.229341+08	2025-10-12 20:35:59.112516+08
4	1	1	challenger_match	challenger	5	4	22	33	Fnatic	100 Thieves	2	2	3	2	22	completed	8	6	\N	2025-10-12 20:38:41.487541+08	2025-10-12 13:40:25.229341+08	2025-10-12 20:38:41.487541+08
15	1	6	losers_final	losers	5	15	12	1	Gen.G	JD Gaming	\N	\N	3	2	12	completed	16	\N	\N	2025-10-12 20:41:18.270938+08	2025-10-12 13:40:25.229341+08	2025-10-12 20:41:18.270938+08
5	1	2	losers_round_1	losers	5	5	12	3	Gen.G	Top Esports	\N	\N	3	1	12	completed	7	\N	\N	2025-10-12 20:39:25.931352+08	2025-10-12 13:40:25.229341+08	2025-10-12 20:39:25.931352+08
16	1	7	grand_final	grand_final	5	16	32	12	Team Liquid	Gen.G	\N	\N	3	0	32	completed	\N	\N	\N	2025-10-12 20:41:19.792998+08	2025-10-12 13:40:25.229341+08	2025-10-12 20:41:19.792998+08
6	1	2	losers_round_1	losers	5	6	24	33	Team Vitality	100 Thieves	\N	\N	1	3	33	completed	8	\N	\N	2025-10-12 20:39:31.580541+08	2025-10-12 13:40:25.229341+08	2025-10-12 20:39:31.580541+08
7	1	3	losers_round_2	losers	5	7	11	12	T1	Gen.G	\N	\N	2	3	12	completed	11	\N	\N	2025-10-12 20:39:39.369434+08	2025-10-12 13:40:25.229341+08	2025-10-12 20:39:39.369434+08
8	1	3	losers_round_2	losers	5	8	22	33	Fnatic	100 Thieves	\N	\N	0	3	33	completed	12	\N	\N	2025-10-12 20:40:16.480785+08	2025-10-12 13:40:25.229341+08	2025-10-12 20:40:16.480785+08
9	1	3	winners_round_1	winners	5	9	1	13	JD Gaming	DRX	1	1	3	0	1	completed	14	11	\N	2025-10-12 20:40:25.1458+08	2025-10-12 13:40:25.229341+08	2025-10-12 20:40:25.1458+08
\.


--
-- Data for Name: playoff_brackets; Type: TABLE DATA; Schema: public; Owner: postgres
--

COPY public.playoff_brackets (id, competition_id, region_id, region_name, competition_type, status, qualified_teams, champion_id, runner_up_id, third_place_id, fourth_place_id, points_distribution, created_at, updated_at, new_season_id) FROM stdin;
2601b492-ffd5-4764-a0ac-05b4c8d8099e	1	1	中国大陆职业联赛	spring	completed	[{"seed": 1, "wins": 16, "losses": 2, "teamId": "2", "regionId": "1", "teamName": "Bilibili Gaming", "regularSeasonRank": 1, "regularSeasonPoints": 47}, {"seed": 2, "wins": 16, "losses": 2, "teamId": "1", "regionId": "1", "teamName": "JD Gaming", "regularSeasonRank": 2, "regularSeasonPoints": 42}, {"seed": 3, "wins": 11, "losses": 7, "teamId": "4", "regionId": "1", "teamName": "Weibo Gaming", "regularSeasonRank": 3, "regularSeasonPoints": 33}, {"seed": 4, "wins": 9, "losses": 9, "teamId": "5", "regionId": "1", "teamName": "Invictus Gaming", "regularSeasonRank": 4, "regularSeasonPoints": 30}]	4	1	2	5	{"champion": 12, "runnerUp": 10, "thirdPlace": 8, "fourthPlace": 6}	2025-10-14 08:36:59.639489	2025-10-14 08:37:52.990845	\N
5e8cbef7-fc17-466f-955c-4292c93f9277	1	2	韩国冠军联赛	spring	completed	[{"seed": 1, "wins": 13, "losses": 5, "teamId": "14", "regionId": "2", "teamName": "KT Rolster", "regularSeasonRank": 1, "regularSeasonPoints": 38}, {"seed": 2, "wins": 14, "losses": 4, "teamId": "12", "regionId": "2", "teamName": "Gen.G", "regularSeasonRank": 2, "regularSeasonPoints": 35}, {"seed": 3, "wins": 11, "losses": 7, "teamId": "13", "regionId": "2", "teamName": "DRX", "regularSeasonRank": 3, "regularSeasonPoints": 35}, {"seed": 4, "wins": 11, "losses": 7, "teamId": "15", "regionId": "2", "teamName": "Hanwha Life Esports", "regularSeasonRank": 4, "regularSeasonPoints": 30}]	14	12	13	15	{"champion": 12, "runnerUp": 10, "thirdPlace": 8, "fourthPlace": 6}	2025-10-14 08:37:04.155214	2025-10-14 08:38:11.132757	\N
ca08a0ac-d924-48f8-8d9b-89435b373961	1	3	欧洲冠军联赛	spring	completed	[{"seed": 1, "wins": 14, "losses": 4, "teamId": "22", "regionId": "3", "teamName": "Fnatic", "regularSeasonRank": 1, "regularSeasonPoints": 38}, {"seed": 2, "wins": 13, "losses": 5, "teamId": "21", "regionId": "3", "teamName": "G2 Esports", "regularSeasonRank": 2, "regularSeasonPoints": 36}, {"seed": 3, "wins": 13, "losses": 5, "teamId": "23", "regionId": "3", "teamName": "MAD Lions", "regularSeasonRank": 3, "regularSeasonPoints": 34}, {"seed": 4, "wins": 10, "losses": 8, "teamId": "25", "regionId": "3", "teamName": "Rogue", "regularSeasonRank": 4, "regularSeasonPoints": 30}]	22	21	25	23	{"champion": 12, "runnerUp": 10, "thirdPlace": 8, "fourthPlace": 6}	2025-10-14 08:37:05.92672	2025-10-14 08:38:31.664788	\N
e5c7b5f6-59e9-4a80-b341-826ffdbd4005	1	4	北美冠军联赛	spring	completed	[{"seed": 1, "wins": 14, "losses": 4, "teamId": "31", "regionId": "4", "teamName": "Cloud9", "regularSeasonRank": 1, "regularSeasonPoints": 39}, {"seed": 2, "wins": 13, "losses": 5, "teamId": "33", "regionId": "4", "teamName": "100 Thieves", "regularSeasonRank": 2, "regularSeasonPoints": 36}, {"seed": 3, "wins": 13, "losses": 5, "teamId": "32", "regionId": "4", "teamName": "Team Liquid", "regularSeasonRank": 3, "regularSeasonPoints": 36}, {"seed": 4, "wins": 11, "losses": 7, "teamId": "38", "regionId": "4", "teamName": "Dignitas", "regularSeasonRank": 4, "regularSeasonPoints": 27}]	33	31	32	38	{"champion": 12, "runnerUp": 10, "thirdPlace": 8, "fourthPlace": 6}	2025-10-14 08:37:07.698617	2025-10-14 08:38:44.078135	\N
75e02e7b-128a-4d38-8d1f-e11b6c6f54ac	15	2	韩国冠军联赛	summer	completed	[{"seed": 1, "wins": 16, "losses": 2, "teamId": "11", "regionId": "2", "teamName": "T1", "regularSeasonRank": 1, "regularSeasonPoints": 43}, {"seed": 2, "wins": 14, "losses": 4, "teamId": "13", "regionId": "2", "teamName": "DRX", "regularSeasonRank": 2, "regularSeasonPoints": 39}, {"seed": 3, "wins": 12, "losses": 6, "teamId": "12", "regionId": "2", "teamName": "Gen.G", "regularSeasonRank": 3, "regularSeasonPoints": 37}, {"seed": 4, "wins": 11, "losses": 7, "teamId": "15", "regionId": "2", "teamName": "Hanwha Life Esports", "regularSeasonRank": 4, "regularSeasonPoints": 32}]	12	11	13	15	{"champion": 12, "runnerUp": 10, "thirdPlace": 8, "fourthPlace": 6}	2025-10-14 08:43:07.527922	2025-10-14 08:51:47.52127	S1
3cb2a6bb-8962-463c-9f39-25dab28ff48b	15	3	欧洲冠军联赛	summer	completed	[{"seed": 1, "wins": 13, "losses": 5, "teamId": "21", "regionId": "3", "teamName": "G2 Esports", "regularSeasonRank": 1, "regularSeasonPoints": 39}, {"seed": 2, "wins": 13, "losses": 5, "teamId": "22", "regionId": "3", "teamName": "Fnatic", "regularSeasonRank": 2, "regularSeasonPoints": 38}, {"seed": 3, "wins": 12, "losses": 6, "teamId": "23", "regionId": "3", "teamName": "MAD Lions", "regularSeasonRank": 3, "regularSeasonPoints": 35}, {"seed": 4, "wins": 10, "losses": 8, "teamId": "25", "regionId": "3", "teamName": "Rogue", "regularSeasonRank": 4, "regularSeasonPoints": 29}]	21	25	22	23	{"champion": 12, "runnerUp": 10, "thirdPlace": 8, "fourthPlace": 6}	2025-10-14 08:43:12.861165	2025-10-14 08:51:47.52127	S1
37166344-1528-4e2d-97b3-7092572615a4	15	1	中国大陆职业联赛	summer	completed	[{"seed": 1, "wins": 14, "losses": 4, "teamId": "1", "regionId": "1", "teamName": "JD Gaming", "regularSeasonRank": 1, "regularSeasonPoints": 41}, {"seed": 2, "wins": 13, "losses": 5, "teamId": "2", "regionId": "1", "teamName": "Bilibili Gaming", "regularSeasonRank": 2, "regularSeasonPoints": 37}, {"seed": 3, "wins": 12, "losses": 6, "teamId": "5", "regionId": "1", "teamName": "Invictus Gaming", "regularSeasonRank": 3, "regularSeasonPoints": 37}, {"seed": 4, "wins": 11, "losses": 7, "teamId": "3", "regionId": "1", "teamName": "Top Esports", "regularSeasonRank": 4, "regularSeasonPoints": 31}]	2	1	5	3	{"champion": 12, "runnerUp": 10, "thirdPlace": 8, "fourthPlace": 6}	2025-10-14 08:42:59.512896	2025-10-14 08:51:47.52127	S1
4cc5742e-3739-49d0-b774-4eef4eef14c9	15	4	北美冠军联赛	summer	completed	[{"seed": 1, "wins": 14, "losses": 4, "teamId": "32", "regionId": "4", "teamName": "Team Liquid", "regularSeasonRank": 1, "regularSeasonPoints": 36}, {"seed": 2, "wins": 11, "losses": 7, "teamId": "35", "regionId": "4", "teamName": "FlyQuest", "regularSeasonRank": 2, "regularSeasonPoints": 34}, {"seed": 3, "wins": 11, "losses": 7, "teamId": "31", "regionId": "4", "teamName": "Cloud9", "regularSeasonRank": 3, "regularSeasonPoints": 33}, {"seed": 4, "wins": 11, "losses": 7, "teamId": "33", "regionId": "4", "teamName": "100 Thieves", "regularSeasonRank": 4, "regularSeasonPoints": 31}]	32	35	33	31	{"champion": 12, "runnerUp": 10, "thirdPlace": 8, "fourthPlace": 6}	2025-10-14 08:43:14.978198	2025-10-14 08:51:47.52127	S1
3a8c1a20-a96b-4885-a606-3a966d481b79	16	2	韩国冠军联赛	spring	completed	[{"seed": 1, "wins": 15, "losses": 3, "teamId": "13", "regionId": "2", "teamName": "DRX", "regularSeasonRank": 1, "regularSeasonPoints": 43}, {"seed": 2, "wins": 13, "losses": 5, "teamId": "11", "regionId": "2", "teamName": "T1", "regularSeasonRank": 2, "regularSeasonPoints": 40}, {"seed": 3, "wins": 13, "losses": 5, "teamId": "14", "regionId": "2", "teamName": "KT Rolster", "regularSeasonRank": 3, "regularSeasonPoints": 34}, {"seed": 4, "wins": 12, "losses": 6, "teamId": "15", "regionId": "2", "teamName": "Hanwha Life Esports", "regularSeasonRank": 4, "regularSeasonPoints": 33}]	13	11	14	15	{"champion": 12, "runnerUp": 10, "thirdPlace": 8, "fourthPlace": 6}	2025-10-14 09:11:23.862384	2025-10-14 09:24:25.893923	\N
4c85acec-8024-4cfe-b4f7-e202e9e39a6c	16	3	欧洲冠军联赛	spring	completed	[{"seed": 1, "wins": 12, "losses": 6, "teamId": "21", "regionId": "3", "teamName": "G2 Esports", "regularSeasonRank": 1, "regularSeasonPoints": 38}, {"seed": 2, "wins": 13, "losses": 5, "teamId": "22", "regionId": "3", "teamName": "Fnatic", "regularSeasonRank": 2, "regularSeasonPoints": 37}, {"seed": 3, "wins": 13, "losses": 5, "teamId": "23", "regionId": "3", "teamName": "MAD Lions", "regularSeasonRank": 3, "regularSeasonPoints": 35}, {"seed": 4, "wins": 10, "losses": 8, "teamId": "25", "regionId": "3", "teamName": "Rogue", "regularSeasonRank": 4, "regularSeasonPoints": 32}]	25	21	22	23	{"champion": 12, "runnerUp": 10, "thirdPlace": 8, "fourthPlace": 6}	2025-10-14 09:11:26.089445	2025-10-14 09:25:06.643582	\N
3ffe155f-a9ac-4fa1-949d-53495cf4138f	16	4	北美冠军联赛	spring	completed	[{"seed": 1, "wins": 15, "losses": 3, "teamId": "32", "regionId": "4", "teamName": "Team Liquid", "regularSeasonRank": 1, "regularSeasonPoints": 41}, {"seed": 2, "wins": 13, "losses": 5, "teamId": "31", "regionId": "4", "teamName": "Cloud9", "regularSeasonRank": 2, "regularSeasonPoints": 37}, {"seed": 3, "wins": 12, "losses": 6, "teamId": "40", "regionId": "4", "teamName": "CLG", "regularSeasonRank": 3, "regularSeasonPoints": 35}, {"seed": 4, "wins": 10, "losses": 8, "teamId": "35", "regionId": "4", "teamName": "FlyQuest", "regularSeasonRank": 4, "regularSeasonPoints": 29}]	31	32	40	35	{"champion": 12, "runnerUp": 10, "thirdPlace": 8, "fourthPlace": 6}	2025-10-14 09:11:27.804157	2025-10-14 09:25:26.477138	\N
87eb78cf-cded-4451-830f-c47b384ef629	16	1	中国大陆职业联赛	spring	completed	[{"seed": 1, "wins": 15, "losses": 3, "teamId": "1", "regionId": "1", "teamName": "JD Gaming", "regularSeasonRank": 1, "regularSeasonPoints": 42}, {"seed": 2, "wins": 13, "losses": 5, "teamId": "2", "regionId": "1", "teamName": "Bilibili Gaming", "regularSeasonRank": 2, "regularSeasonPoints": 39}, {"seed": 3, "wins": 14, "losses": 4, "teamId": "3", "regionId": "1", "teamName": "Top Esports", "regularSeasonRank": 3, "regularSeasonPoints": 37}, {"seed": 4, "wins": 11, "losses": 7, "teamId": "4", "regionId": "1", "teamName": "Weibo Gaming", "regularSeasonRank": 4, "regularSeasonPoints": 32}]	2	1	3	4	{"champion": 12, "runnerUp": 10, "thirdPlace": 8, "fourthPlace": 6}	2025-10-14 09:11:21.333777	2025-10-14 09:24:01.698145	\N
12ef0128-e8dd-40c8-8aa0-3ad0ea9cad4b	19	1	中国大陆职业联赛	summer	completed	[{"seed": 1, "wins": 13, "losses": 5, "teamId": "1", "regionId": "1", "teamName": "JD Gaming", "regularSeasonRank": 1, "regularSeasonPoints": 37}, {"seed": 2, "wins": 11, "losses": 7, "teamId": "2", "regionId": "1", "teamName": "Bilibili Gaming", "regularSeasonRank": 2, "regularSeasonPoints": 32}, {"seed": 3, "wins": 12, "losses": 6, "teamId": "3", "regionId": "1", "teamName": "Top Esports", "regularSeasonRank": 3, "regularSeasonPoints": 31}, {"seed": 4, "wins": 11, "losses": 7, "teamId": "4", "regionId": "1", "teamName": "Weibo Gaming", "regularSeasonRank": 4, "regularSeasonPoints": 31}]	2	3	1	4	{"champion": 12, "runnerUp": 10, "thirdPlace": 8, "fourthPlace": 6}	2025-10-14 09:44:54.386724	2025-10-14 10:09:28.154561	S2
2a5bf83c-7cd6-41a6-845a-204e36710447	19	2	韩国冠军联赛	summer	completed	[{"seed": 1, "wins": 14, "losses": 4, "teamId": "12", "regionId": "2", "teamName": "Gen.G", "regularSeasonRank": 1, "regularSeasonPoints": 42}, {"seed": 2, "wins": 14, "losses": 4, "teamId": "11", "regionId": "2", "teamName": "T1", "regularSeasonRank": 2, "regularSeasonPoints": 38}, {"seed": 3, "wins": 11, "losses": 7, "teamId": "13", "regionId": "2", "teamName": "DRX", "regularSeasonRank": 3, "regularSeasonPoints": 34}, {"seed": 4, "wins": 12, "losses": 6, "teamId": "14", "regionId": "2", "teamName": "KT Rolster", "regularSeasonRank": 4, "regularSeasonPoints": 33}]	13	11	12	14	{"champion": 12, "runnerUp": 10, "thirdPlace": 8, "fourthPlace": 6}	2025-10-14 09:44:56.803698	2025-10-14 10:09:28.154561	S2
39fbc8a8-7572-47d4-8b38-3e7019788ce5	19	3	欧洲冠军联赛	summer	completed	[{"seed": 1, "wins": 14, "losses": 4, "teamId": "21", "regionId": "3", "teamName": "G2 Esports", "regularSeasonRank": 1, "regularSeasonPoints": 41}, {"seed": 2, "wins": 14, "losses": 4, "teamId": "24", "regionId": "3", "teamName": "Team Vitality", "regularSeasonRank": 2, "regularSeasonPoints": 36}, {"seed": 3, "wins": 12, "losses": 6, "teamId": "22", "regionId": "3", "teamName": "Fnatic", "regularSeasonRank": 3, "regularSeasonPoints": 35}, {"seed": 4, "wins": 10, "losses": 8, "teamId": "25", "regionId": "3", "teamName": "Rogue", "regularSeasonRank": 4, "regularSeasonPoints": 31}]	24	21	25	22	{"champion": 12, "runnerUp": 10, "thirdPlace": 8, "fourthPlace": 6}	2025-10-14 09:44:58.546121	2025-10-14 10:09:28.154561	S2
b84f968b-78bf-45e1-98df-9cbf326f5662	19	4	北美冠军联赛	summer	completed	[{"seed": 1, "wins": 15, "losses": 3, "teamId": "31", "regionId": "4", "teamName": "Cloud9", "regularSeasonRank": 1, "regularSeasonPoints": 39}, {"seed": 2, "wins": 12, "losses": 6, "teamId": "32", "regionId": "4", "teamName": "Team Liquid", "regularSeasonRank": 2, "regularSeasonPoints": 34}, {"seed": 3, "wins": 11, "losses": 7, "teamId": "40", "regionId": "4", "teamName": "CLG", "regularSeasonRank": 3, "regularSeasonPoints": 34}, {"seed": 4, "wins": 12, "losses": 6, "teamId": "33", "regionId": "4", "teamName": "100 Thieves", "regularSeasonRank": 4, "regularSeasonPoints": 33}]	31	32	33	40	{"champion": 12, "runnerUp": 10, "thirdPlace": 8, "fourthPlace": 6}	2025-10-14 09:45:00.418962	2025-10-14 10:09:28.154561	S2
\.


--
-- Data for Name: playoff_brackets_backup; Type: TABLE DATA; Schema: public; Owner: postgres
--

COPY public.playoff_brackets_backup (id, competition_id, region_id, region_name, competition_type, status, qualified_teams, champion_id, runner_up_id, third_place_id, fourth_place_id, points_distribution, created_at, updated_at) FROM stdin;
7b1eb62c-5e57-4492-b29e-20aae0c2b742	1	1	中国大陆职业联赛	spring	completed	[{"seed": 1, "wins": "18", "losses": "18", "teamId": "2", "regionId": "1", "teamName": "Bilibili Gaming", "regularSeasonRank": 1, "regularSeasonPoints": "54"}, {"seed": 2, "wins": "18", "losses": "18", "teamId": "3", "regionId": "1", "teamName": "Top Esports", "regularSeasonRank": 2, "regularSeasonPoints": "54"}, {"seed": 3, "wins": "18", "losses": "18", "teamId": "4", "regionId": "1", "teamName": "Weibo Gaming", "regularSeasonRank": 3, "regularSeasonPoints": "54"}, {"seed": 4, "wins": "18", "losses": "18", "teamId": "1", "regionId": "1", "teamName": "JD Gaming", "regularSeasonRank": 4, "regularSeasonPoints": "54"}]	1	3	2	4	{"champion": 12, "runnerUp": 10, "thirdPlace": 8, "fourthPlace": 6}	2025-10-12 10:29:08.640287	2025-10-12 13:39:51.737151
ed34c66f-6c96-4924-a441-3ff6e4ca4eb1	1	2	韩国冠军联赛	spring	completed	[{"seed": 1, "wins": "18", "losses": "18", "teamId": "12", "regionId": "2", "teamName": "Gen.G", "regularSeasonRank": 1, "regularSeasonPoints": "54"}, {"seed": 2, "wins": "18", "losses": "18", "teamId": "13", "regionId": "2", "teamName": "DRX", "regularSeasonRank": 2, "regularSeasonPoints": "54"}, {"seed": 3, "wins": "18", "losses": "18", "teamId": "14", "regionId": "2", "teamName": "KT Rolster", "regularSeasonRank": 3, "regularSeasonPoints": "54"}, {"seed": 4, "wins": "18", "losses": "18", "teamId": "11", "regionId": "2", "teamName": "T1", "regularSeasonRank": 4, "regularSeasonPoints": "54"}]	13	11	12	14	{"champion": 12, "runnerUp": 10, "thirdPlace": 8, "fourthPlace": 6}	2025-10-12 10:29:39.994458	2025-10-12 13:39:53.586747
384a25f9-e533-470a-9bf7-6b758f688d0f	1	3	欧洲冠军联赛	spring	completed	[{"seed": 1, "wins": "18", "losses": "18", "teamId": "22", "regionId": "3", "teamName": "Fnatic", "regularSeasonRank": 1, "regularSeasonPoints": "54"}, {"seed": 2, "wins": "18", "losses": "18", "teamId": "23", "regionId": "3", "teamName": "MAD Lions", "regularSeasonRank": 2, "regularSeasonPoints": "54"}, {"seed": 3, "wins": "18", "losses": "18", "teamId": "24", "regionId": "3", "teamName": "Team Vitality", "regularSeasonRank": 3, "regularSeasonPoints": "54"}, {"seed": 4, "wins": "18", "losses": "18", "teamId": "21", "regionId": "3", "teamName": "G2 Esports", "regularSeasonRank": 4, "regularSeasonPoints": "54"}]	23	22	24	21	{"champion": 12, "runnerUp": 10, "thirdPlace": 8, "fourthPlace": 6}	2025-10-12 10:29:52.670497	2025-10-12 13:39:55.388944
db307da2-fb29-490b-af8b-352518c1763f	1	4	北美冠军联赛	spring	completed	[{"seed": 1, "wins": "18", "losses": "18", "teamId": "32", "regionId": "4", "teamName": "Team Liquid", "regularSeasonRank": 1, "regularSeasonPoints": "54"}, {"seed": 2, "wins": "18", "losses": "18", "teamId": "33", "regionId": "4", "teamName": "100 Thieves", "regularSeasonRank": 2, "regularSeasonPoints": "54"}, {"seed": 3, "wins": "18", "losses": "18", "teamId": "34", "regionId": "4", "teamName": "TSM", "regularSeasonRank": 3, "regularSeasonPoints": "54"}, {"seed": 4, "wins": "18", "losses": "18", "teamId": "31", "regionId": "4", "teamName": "Cloud9", "regularSeasonRank": 4, "regularSeasonPoints": "54"}]	32	33	31	34	{"champion": 12, "runnerUp": 10, "thirdPlace": 8, "fourthPlace": 6}	2025-10-12 10:30:44.270101	2025-10-12 13:39:57.193729
\.


--
-- Data for Name: playoff_matches; Type: TABLE DATA; Schema: public; Owner: postgres
--

COPY public.playoff_matches (id, playoff_bracket_id, competition_id, round_number, match_type, best_of, team_a_id, team_b_id, team_a_name, team_b_name, team_a_seed, team_b_seed, score_a, score_b, winner_id, status, next_match_id, loser_next_match_id, scheduled_at, completed_at, created_at, updated_at, new_playoff_bracket_id) FROM stdin;
62cf8a78-33f5-4ee9-9d47-2b855b25d1d1	37166344-1528-4e2d-97b3-7092572615a4	15	1	losers_bracket	5	5	3	Invictus Gaming	Top Esports	3	4	3	1	5	completed	14ec78e0-a4ec-484e-8b61-ea029505b213	\N	\N	2025-10-14 08:43:53.181721	2025-10-14 08:42:59.512896	2025-10-14 08:43:53.181721	\N
53957871-d801-4672-a104-824e73393529	2601b492-ffd5-4764-a0ac-05b4c8d8099e	1	3	grand_final	5	1	4	JD Gaming	Weibo Gaming	\N	\N	0	3	4	completed	\N	\N	\N	2025-10-14 08:37:52.990845	2025-10-14 08:36:59.639489	2025-10-14 08:37:52.990845	\N
c33e8b03-2a13-440a-9e9c-c8e212968f0e	5e8cbef7-fc17-466f-955c-4292c93f9277	1	1	winners_bracket	5	14	12	KT Rolster	Gen.G	1	2	0	3	12	completed	fbd69b70-8e0b-402b-8863-1f5e022a6f48	535f7f91-d483-49c5-a78d-434f755d3e36	\N	2025-10-14 08:38:01.569564	2025-10-14 08:37:04.155214	2025-10-14 08:38:01.569564	\N
f3c450a0-261a-4f68-8c88-b480adda74fd	ca08a0ac-d924-48f8-8d9b-89435b373961	1	2	losers_bracket	5	21	25	G2 Esports	Rogue	\N	\N	3	1	21	completed	fc605dff-8920-41b8-876e-bebd6bfba589	\N	\N	2025-10-14 08:38:28.144142	2025-10-14 08:37:05.92672	2025-10-14 08:38:28.144142	\N
16deea48-fcd9-4857-9bbe-3f5547c55c21	75e02e7b-128a-4d38-8d1f-e11b6c6f54ac	15	1	winners_bracket	5	11	13	T1	DRX	1	2	3	1	11	completed	d9127ab7-d1d9-4789-b95c-b43e43fc874b	b67cedf8-9cdb-46f2-ba14-a88175485c8b	\N	2025-10-14 08:44:05.966946	2025-10-14 08:43:07.527922	2025-10-14 08:44:05.966946	\N
fc605dff-8920-41b8-876e-bebd6bfba589	ca08a0ac-d924-48f8-8d9b-89435b373961	1	3	grand_final	5	22	21	Fnatic	G2 Esports	\N	\N	3	0	22	completed	\N	\N	\N	2025-10-14 08:38:31.664788	2025-10-14 08:37:05.92672	2025-10-14 08:38:31.664788	\N
759ea9cf-fd58-41ec-a536-5fff516d26a2	e5c7b5f6-59e9-4a80-b341-826ffdbd4005	1	1	winners_bracket	5	31	33	Cloud9	100 Thieves	1	2	3	0	31	completed	7e8f45b0-62e8-4645-890b-e12d528be466	6408328f-3d44-46c4-943c-048306f78f61	\N	2025-10-14 08:38:38.946051	2025-10-14 08:37:07.698617	2025-10-14 08:38:38.946051	\N
efad2133-08fe-4f55-bb25-ed2cc9eb4a09	37166344-1528-4e2d-97b3-7092572615a4	15	3	grand_final	5	1	2	JD Gaming	Bilibili Gaming	\N	\N	2	3	2	completed	\N	\N	\N	2025-10-14 08:43:56.787169	2025-10-14 08:42:59.512896	2025-10-14 08:43:56.787169	\N
91467f8b-6c07-4ad2-bb7c-d62066f6f62c	2601b492-ffd5-4764-a0ac-05b4c8d8099e	1	1	winners_bracket	5	2	1	Bilibili Gaming	JD Gaming	1	2	1	3	1	completed	53957871-d801-4672-a104-824e73393529	7058cd92-f01d-4843-b291-2c309f9e7b8e	\N	2025-10-14 08:37:39.64904	2025-10-14 08:36:59.639489	2025-10-14 08:37:39.64904	\N
f4769d50-2ad0-4e1f-890e-f803dc0882da	75e02e7b-128a-4d38-8d1f-e11b6c6f54ac	15	1	losers_bracket	5	12	15	Gen.G	Hanwha Life Esports	3	4	3	2	12	completed	b67cedf8-9cdb-46f2-ba14-a88175485c8b	\N	\N	2025-10-14 08:44:10.105854	2025-10-14 08:43:07.527922	2025-10-14 08:44:10.105854	\N
b543a4cd-b35a-49c6-b45c-5ba14cf0f843	e5c7b5f6-59e9-4a80-b341-826ffdbd4005	1	1	losers_bracket	5	32	38	Team Liquid	Dignitas	3	4	3	2	32	completed	6408328f-3d44-46c4-943c-048306f78f61	\N	\N	2025-10-14 08:38:40.794474	2025-10-14 08:37:07.698617	2025-10-14 08:38:40.794474	\N
674ceea8-069f-448d-a3b8-9d639dd36360	2601b492-ffd5-4764-a0ac-05b4c8d8099e	1	1	losers_bracket	5	4	5	Weibo Gaming	Invictus Gaming	3	4	3	2	4	completed	7058cd92-f01d-4843-b291-2c309f9e7b8e	\N	\N	2025-10-14 08:37:45.996061	2025-10-14 08:36:59.639489	2025-10-14 08:37:45.996061	\N
b67cedf8-9cdb-46f2-ba14-a88175485c8b	75e02e7b-128a-4d38-8d1f-e11b6c6f54ac	15	2	losers_bracket	5	13	12	DRX	Gen.G	\N	\N	1	3	12	completed	d9127ab7-d1d9-4789-b95c-b43e43fc874b	\N	\N	2025-10-14 08:44:11.279743	2025-10-14 08:43:07.527922	2025-10-14 08:44:11.279743	\N
7058cd92-f01d-4843-b291-2c309f9e7b8e	2601b492-ffd5-4764-a0ac-05b4c8d8099e	1	2	losers_bracket	5	2	4	Bilibili Gaming	Weibo Gaming	\N	\N	2	3	4	completed	53957871-d801-4672-a104-824e73393529	\N	\N	2025-10-14 08:37:50.427055	2025-10-14 08:36:59.639489	2025-10-14 08:37:50.427055	\N
6408328f-3d44-46c4-943c-048306f78f61	e5c7b5f6-59e9-4a80-b341-826ffdbd4005	1	2	losers_bracket	5	33	32	100 Thieves	Team Liquid	\N	\N	3	1	33	completed	7e8f45b0-62e8-4645-890b-e12d528be466	\N	\N	2025-10-14 08:38:42.31849	2025-10-14 08:37:07.698617	2025-10-14 08:38:42.31849	\N
e6e93e76-11f4-46b7-aacd-668ed22e2750	5e8cbef7-fc17-466f-955c-4292c93f9277	1	1	losers_bracket	5	13	15	DRX	Hanwha Life Esports	3	4	3	0	13	completed	535f7f91-d483-49c5-a78d-434f755d3e36	\N	\N	2025-10-14 08:38:04.782256	2025-10-14 08:37:04.155214	2025-10-14 08:38:04.782256	\N
d9127ab7-d1d9-4789-b95c-b43e43fc874b	75e02e7b-128a-4d38-8d1f-e11b6c6f54ac	15	3	grand_final	5	11	12	T1	Gen.G	\N	\N	2	3	12	completed	\N	\N	\N	2025-10-14 08:44:13.55433	2025-10-14 08:43:07.527922	2025-10-14 08:44:13.55433	\N
535f7f91-d483-49c5-a78d-434f755d3e36	5e8cbef7-fc17-466f-955c-4292c93f9277	1	2	losers_bracket	5	14	13	KT Rolster	DRX	\N	\N	3	2	14	completed	fbd69b70-8e0b-402b-8863-1f5e022a6f48	\N	\N	2025-10-14 08:38:06.009669	2025-10-14 08:37:04.155214	2025-10-14 08:38:06.009669	\N
7e8f45b0-62e8-4645-890b-e12d528be466	e5c7b5f6-59e9-4a80-b341-826ffdbd4005	1	3	grand_final	5	31	33	Cloud9	100 Thieves	\N	\N	2	3	33	completed	\N	\N	\N	2025-10-14 08:38:44.078135	2025-10-14 08:37:07.698617	2025-10-14 08:38:44.078135	\N
fbd69b70-8e0b-402b-8863-1f5e022a6f48	5e8cbef7-fc17-466f-955c-4292c93f9277	1	3	grand_final	5	12	14	Gen.G	KT Rolster	\N	\N	2	3	14	completed	\N	\N	\N	2025-10-14 08:38:11.132757	2025-10-14 08:37:04.155214	2025-10-14 08:38:11.132757	\N
92e06456-f7f8-4f6f-8a64-8ca77b0c5867	ca08a0ac-d924-48f8-8d9b-89435b373961	1	1	winners_bracket	5	22	21	Fnatic	G2 Esports	1	2	3	2	22	completed	fc605dff-8920-41b8-876e-bebd6bfba589	f3c450a0-261a-4f68-8c88-b480adda74fd	\N	2025-10-14 08:38:24.441804	2025-10-14 08:37:05.92672	2025-10-14 08:38:24.441804	\N
f8746e7d-a452-4fbd-9eb1-f3e22f2db9d0	ca08a0ac-d924-48f8-8d9b-89435b373961	1	1	losers_bracket	5	23	25	MAD Lions	Rogue	3	4	0	3	25	completed	f3c450a0-261a-4f68-8c88-b480adda74fd	\N	\N	2025-10-14 08:38:26.919708	2025-10-14 08:37:05.92672	2025-10-14 08:38:26.919708	\N
a8dbbc2d-2dd1-427a-be50-bc79b8f80e4c	3cb2a6bb-8962-463c-9f39-25dab28ff48b	15	1	losers_bracket	5	23	25	MAD Lions	Rogue	3	4	2	3	25	completed	69bf8323-d3e1-4a62-973c-4cb29b244f99	\N	\N	2025-10-14 08:44:22.244123	2025-10-14 08:43:12.861165	2025-10-14 08:44:22.244123	\N
44df0d6f-575a-43de-af0f-763c8b3dae5a	4cc5742e-3739-49d0-b774-4eef4eef14c9	15	1	winners_bracket	5	32	35	Team Liquid	FlyQuest	1	2	3	1	32	completed	5570e899-6f2f-42fd-9142-986a5843fc89	e18ea070-1e82-4f87-8386-f1483c720e3c	\N	2025-10-14 08:44:43.503359	2025-10-14 08:43:14.978198	2025-10-14 08:44:43.503359	\N
fb0df740-8f43-42d8-81c5-4660ef119387	3cb2a6bb-8962-463c-9f39-25dab28ff48b	15	3	grand_final	5	21	25	G2 Esports	Rogue	\N	\N	3	2	21	completed	\N	\N	\N	2025-10-14 08:44:25.351944	2025-10-14 08:43:12.861165	2025-10-14 08:44:25.351944	\N
bd557c91-dfaf-42e5-9682-5e6782f8b7ce	37166344-1528-4e2d-97b3-7092572615a4	15	1	winners_bracket	5	1	2	JD Gaming	Bilibili Gaming	1	2	3	0	1	completed	efad2133-08fe-4f55-bb25-ed2cc9eb4a09	14ec78e0-a4ec-484e-8b61-ea029505b213	\N	2025-10-14 08:43:51.374687	2025-10-14 08:42:59.512896	2025-10-14 08:43:51.374687	\N
a1fdeaee-b7b1-4fe1-9e51-4f6f2e19c3a2	3cb2a6bb-8962-463c-9f39-25dab28ff48b	15	1	winners_bracket	5	21	22	G2 Esports	Fnatic	1	2	3	1	21	completed	fb0df740-8f43-42d8-81c5-4660ef119387	69bf8323-d3e1-4a62-973c-4cb29b244f99	\N	2025-10-14 08:44:20.529331	2025-10-14 08:43:12.861165	2025-10-14 08:44:20.529331	\N
5570e899-6f2f-42fd-9142-986a5843fc89	4cc5742e-3739-49d0-b774-4eef4eef14c9	15	3	grand_final	5	32	35	Team Liquid	FlyQuest	\N	\N	3	2	32	completed	\N	\N	\N	2025-10-14 08:44:48.702668	2025-10-14 08:43:14.978198	2025-10-14 08:44:48.702668	\N
9effefc7-5e31-4f5f-813e-e635224a4a0f	39fbc8a8-7572-47d4-8b38-3e7019788ce5	19	1	winners_bracket	5	21	24	G2 Esports	Team Vitality	1	2	2	3	24	completed	4e814970-397d-4649-8725-aefa84ac0211	4e8c9120-5b70-4b78-b694-bcc63b8f86ab	\N	2025-10-14 09:46:01.560374	2025-10-14 09:44:58.546121	2025-10-14 09:46:01.560374	\N
4e814970-397d-4649-8725-aefa84ac0211	39fbc8a8-7572-47d4-8b38-3e7019788ce5	19	3	grand_final	5	24	21	Team Vitality	G2 Esports	\N	\N	3	1	24	completed	\N	\N	\N	2025-10-14 09:46:07.609304	2025-10-14 09:44:58.546121	2025-10-14 09:46:07.609304	\N
14ec78e0-a4ec-484e-8b61-ea029505b213	37166344-1528-4e2d-97b3-7092572615a4	15	2	losers_bracket	5	2	5	Bilibili Gaming	Invictus Gaming	\N	\N	3	2	2	completed	efad2133-08fe-4f55-bb25-ed2cc9eb4a09	\N	\N	2025-10-14 08:43:54.984909	2025-10-14 08:42:59.512896	2025-10-14 08:43:54.984909	\N
69bf8323-d3e1-4a62-973c-4cb29b244f99	3cb2a6bb-8962-463c-9f39-25dab28ff48b	15	2	losers_bracket	5	22	25	Fnatic	Rogue	\N	\N	2	3	25	completed	fb0df740-8f43-42d8-81c5-4660ef119387	\N	\N	2025-10-14 08:44:23.413146	2025-10-14 08:43:12.861165	2025-10-14 08:44:23.413146	\N
ba0ebfd9-2f7e-4420-b321-876e62795663	4cc5742e-3739-49d0-b774-4eef4eef14c9	15	1	losers_bracket	5	31	33	Cloud9	100 Thieves	3	4	0	3	33	completed	e18ea070-1e82-4f87-8386-f1483c720e3c	\N	\N	2025-10-14 08:44:45.137501	2025-10-14 08:43:14.978198	2025-10-14 08:44:45.137501	\N
e18ea070-1e82-4f87-8386-f1483c720e3c	4cc5742e-3739-49d0-b774-4eef4eef14c9	15	2	losers_bracket	5	35	33	FlyQuest	100 Thieves	\N	\N	3	1	35	completed	5570e899-6f2f-42fd-9142-986a5843fc89	\N	\N	2025-10-14 08:44:46.361374	2025-10-14 08:43:14.978198	2025-10-14 08:44:46.361374	\N
7d4b9bd0-60f5-4854-b198-0ffd27bd227a	4c85acec-8024-4cfe-b4f7-e202e9e39a6c	16	1	losers_bracket	5	23	25	MAD Lions	Rogue	3	4	1	3	25	completed	62577047-17fc-47d1-b89b-1480b2743c5d	\N	\N	2025-10-14 09:25:03.423977	2025-10-14 09:11:26.089445	2025-10-14 09:25:03.423977	\N
8fa3946c-39c1-405c-b0f9-ee70e9825977	12ef0128-e8dd-40c8-8aa0-3ad0ea9cad4b	19	1	losers_bracket	5	3	4	Top Esports	Weibo Gaming	3	4	3	2	3	completed	e5b268fc-7151-4dec-bde4-38793033789d	\N	\N	2025-10-14 09:45:11.41074	2025-10-14 09:44:54.386724	2025-10-14 09:45:11.41074	\N
05933371-8940-4f66-a162-8746424607c0	3a8c1a20-a96b-4885-a606-3a966d481b79	16	1	losers_bracket	5	14	15	KT Rolster	Hanwha Life Esports	3	4	3	1	14	completed	5352ac30-f61e-42ff-965c-5a584eaebabc	\N	\N	2025-10-14 09:24:22.814927	2025-10-14 09:11:23.862384	2025-10-14 09:24:22.814927	\N
62577047-17fc-47d1-b89b-1480b2743c5d	4c85acec-8024-4cfe-b4f7-e202e9e39a6c	16	2	losers_bracket	5	22	25	Fnatic	Rogue	\N	\N	2	3	25	completed	ab3765c8-a071-43fa-8960-0ab6637323b9	\N	\N	2025-10-14 09:25:04.556899	2025-10-14 09:11:26.089445	2025-10-14 09:25:04.556899	\N
c9faf4df-8aab-42ad-815c-5dae305de57a	3ffe155f-a9ac-4fa1-949d-53495cf4138f	16	1	losers_bracket	5	40	35	CLG	FlyQuest	3	4	3	1	40	completed	e18bc3e9-a95b-4e67-94bd-aa4ff8676860	\N	\N	2025-10-14 09:25:23.204849	2025-10-14 09:11:27.804157	2025-10-14 09:25:23.204849	\N
ab3765c8-a071-43fa-8960-0ab6637323b9	4c85acec-8024-4cfe-b4f7-e202e9e39a6c	16	3	grand_final	5	21	25	G2 Esports	Rogue	\N	\N	0	3	25	completed	\N	\N	\N	2025-10-14 09:25:06.643582	2025-10-14 09:11:26.089445	2025-10-14 09:25:06.643582	\N
a151002f-8a9b-49ce-bfac-de5a10cacec4	2a5bf83c-7cd6-41a6-845a-204e36710447	19	1	winners_bracket	5	12	11	Gen.G	T1	1	2	2	3	11	completed	7219833b-de09-4be0-8924-0d8dc877607c	75b03db0-ae65-4ad2-bc09-b0875b74b1f5	\N	2025-10-14 09:45:26.497535	2025-10-14 09:44:56.803698	2025-10-14 09:45:26.497535	\N
e18bc3e9-a95b-4e67-94bd-aa4ff8676860	3ffe155f-a9ac-4fa1-949d-53495cf4138f	16	2	losers_bracket	5	31	40	Cloud9	CLG	\N	\N	3	2	31	completed	f2479898-5776-4329-bf90-f587ae8afc1e	\N	\N	2025-10-14 09:25:24.859434	2025-10-14 09:11:27.804157	2025-10-14 09:25:24.859434	\N
baeb83e9-ff45-4260-bcbc-6f881eacb318	12ef0128-e8dd-40c8-8aa0-3ad0ea9cad4b	19	3	grand_final	5	2	3	Bilibili Gaming	Top Esports	\N	\N	3	1	2	completed	\N	\N	\N	2025-10-14 09:45:14.757937	2025-10-14 09:44:54.386724	2025-10-14 09:45:14.757937	\N
717623e8-571a-42f3-86cb-59bda686e479	87eb78cf-cded-4451-830f-c47b384ef629	16	1	winners_bracket	5	1	2	JD Gaming	Bilibili Gaming	1	2	3	2	1	completed	9aaee282-5ae0-408c-ac20-314e23eb9579	04738451-4030-42ea-a794-5240fb676930	\N	2025-10-14 09:23:56.678812	2025-10-14 09:11:21.333777	2025-10-14 09:23:56.678812	\N
00f7e0bd-87b9-49ed-9ab3-920b62878666	3ffe155f-a9ac-4fa1-949d-53495cf4138f	16	1	winners_bracket	5	32	31	Team Liquid	Cloud9	1	2	3	1	32	completed	f2479898-5776-4329-bf90-f587ae8afc1e	e18bc3e9-a95b-4e67-94bd-aa4ff8676860	\N	2025-10-14 09:25:21.753245	2025-10-14 09:11:27.804157	2025-10-14 09:25:21.753245	\N
5352ac30-f61e-42ff-965c-5a584eaebabc	3a8c1a20-a96b-4885-a606-3a966d481b79	16	2	losers_bracket	5	13	14	DRX	KT Rolster	\N	\N	3	0	13	completed	03371a9d-85d0-4963-b132-81319f2a8325	\N	\N	2025-10-14 09:24:24.026735	2025-10-14 09:11:23.862384	2025-10-14 09:24:24.026735	\N
da65e366-b2e8-4307-be43-22e2e9904bf4	87eb78cf-cded-4451-830f-c47b384ef629	16	1	losers_bracket	5	3	4	Top Esports	Weibo Gaming	3	4	3	2	3	completed	04738451-4030-42ea-a794-5240fb676930	\N	\N	2025-10-14 09:23:58.24686	2025-10-14 09:11:21.333777	2025-10-14 09:23:58.24686	\N
04738451-4030-42ea-a794-5240fb676930	87eb78cf-cded-4451-830f-c47b384ef629	16	2	losers_bracket	5	2	3	Bilibili Gaming	Top Esports	\N	\N	3	2	2	completed	9aaee282-5ae0-408c-ac20-314e23eb9579	\N	\N	2025-10-14 09:23:59.594532	2025-10-14 09:11:21.333777	2025-10-14 09:23:59.594532	\N
03371a9d-85d0-4963-b132-81319f2a8325	3a8c1a20-a96b-4885-a606-3a966d481b79	16	3	grand_final	5	11	13	T1	DRX	\N	\N	2	3	13	completed	\N	\N	\N	2025-10-14 09:24:25.893923	2025-10-14 09:11:23.862384	2025-10-14 09:24:25.893923	\N
9aaee282-5ae0-408c-ac20-314e23eb9579	87eb78cf-cded-4451-830f-c47b384ef629	16	3	grand_final	5	1	2	JD Gaming	Bilibili Gaming	\N	\N	2	3	2	completed	\N	\N	\N	2025-10-14 09:24:01.698145	2025-10-14 09:11:21.333777	2025-10-14 09:24:01.698145	\N
040f1f84-1d5c-4607-9c50-58e4e3478047	3a8c1a20-a96b-4885-a606-3a966d481b79	16	1	winners_bracket	5	13	11	DRX	T1	1	2	1	3	11	completed	03371a9d-85d0-4963-b132-81319f2a8325	5352ac30-f61e-42ff-965c-5a584eaebabc	\N	2025-10-14 09:24:21.112014	2025-10-14 09:11:23.862384	2025-10-14 09:24:21.112014	\N
aad56aea-ff0b-4e59-818c-5bc6e4e28cae	4c85acec-8024-4cfe-b4f7-e202e9e39a6c	16	1	winners_bracket	5	21	22	G2 Esports	Fnatic	1	2	3	1	21	completed	ab3765c8-a071-43fa-8960-0ab6637323b9	62577047-17fc-47d1-b89b-1480b2743c5d	\N	2025-10-14 09:25:01.139103	2025-10-14 09:11:26.089445	2025-10-14 09:25:01.139103	\N
f2479898-5776-4329-bf90-f587ae8afc1e	3ffe155f-a9ac-4fa1-949d-53495cf4138f	16	3	grand_final	5	32	31	Team Liquid	Cloud9	\N	\N	1	3	31	completed	\N	\N	\N	2025-10-14 09:25:26.477138	2025-10-14 09:11:27.804157	2025-10-14 09:25:26.477138	\N
523e9e38-e942-4d80-b0a2-f99aacb9d2ea	2a5bf83c-7cd6-41a6-845a-204e36710447	19	1	losers_bracket	5	13	14	DRX	KT Rolster	3	4	3	2	13	completed	75b03db0-ae65-4ad2-bc09-b0875b74b1f5	\N	\N	2025-10-14 09:45:28.609108	2025-10-14 09:44:56.803698	2025-10-14 09:45:28.609108	\N
75b03db0-ae65-4ad2-bc09-b0875b74b1f5	2a5bf83c-7cd6-41a6-845a-204e36710447	19	2	losers_bracket	5	12	13	Gen.G	DRX	\N	\N	2	3	13	completed	7219833b-de09-4be0-8924-0d8dc877607c	\N	\N	2025-10-14 09:45:29.857693	2025-10-14 09:44:56.803698	2025-10-14 09:45:29.857693	\N
7219833b-de09-4be0-8924-0d8dc877607c	2a5bf83c-7cd6-41a6-845a-204e36710447	19	3	grand_final	5	11	13	T1	DRX	\N	\N	2	3	13	completed	\N	\N	\N	2025-10-14 09:45:31.653293	2025-10-14 09:44:56.803698	2025-10-14 09:45:31.653293	\N
570b39ce-9dfa-45f2-a486-45d497f5d346	12ef0128-e8dd-40c8-8aa0-3ad0ea9cad4b	19	1	winners_bracket	5	1	2	JD Gaming	Bilibili Gaming	1	2	0	3	2	completed	baeb83e9-ff45-4260-bcbc-6f881eacb318	e5b268fc-7151-4dec-bde4-38793033789d	\N	2025-10-14 09:45:09.661354	2025-10-14 09:44:54.386724	2025-10-14 09:45:09.661354	\N
e1a5a87e-8995-4f38-9726-2144eadf1b91	39fbc8a8-7572-47d4-8b38-3e7019788ce5	19	1	losers_bracket	5	22	25	Fnatic	Rogue	3	4	1	3	25	completed	4e8c9120-5b70-4b78-b694-bcc63b8f86ab	\N	\N	2025-10-14 09:46:04.924138	2025-10-14 09:44:58.546121	2025-10-14 09:46:04.924138	\N
e5b268fc-7151-4dec-bde4-38793033789d	12ef0128-e8dd-40c8-8aa0-3ad0ea9cad4b	19	2	losers_bracket	5	1	3	JD Gaming	Top Esports	\N	\N	1	3	3	completed	baeb83e9-ff45-4260-bcbc-6f881eacb318	\N	\N	2025-10-14 09:45:12.400175	2025-10-14 09:44:54.386724	2025-10-14 09:45:12.400175	\N
4e8c9120-5b70-4b78-b694-bcc63b8f86ab	39fbc8a8-7572-47d4-8b38-3e7019788ce5	19	2	losers_bracket	5	21	25	G2 Esports	Rogue	\N	\N	3	1	21	completed	4e814970-397d-4649-8725-aefa84ac0211	\N	\N	2025-10-14 09:46:06.066702	2025-10-14 09:44:58.546121	2025-10-14 09:46:06.066702	\N
f6ab159c-0c23-4f93-8dce-f68f984bc1e7	b84f968b-78bf-45e1-98df-9cbf326f5662	19	1	winners_bracket	5	31	32	Cloud9	Team Liquid	1	2	1	3	32	completed	8e45757a-4429-4e27-82eb-1924333ffbc6	00c2e0d8-2e09-450b-9877-13325b1acefa	\N	2025-10-14 09:46:28.583831	2025-10-14 09:45:00.418962	2025-10-14 09:46:28.583831	\N
9b81dedd-2a51-4bf9-95a5-2cd5a0d881b8	b84f968b-78bf-45e1-98df-9cbf326f5662	19	1	losers_bracket	5	40	33	CLG	100 Thieves	3	4	0	3	33	completed	00c2e0d8-2e09-450b-9877-13325b1acefa	\N	\N	2025-10-14 09:46:30.92726	2025-10-14 09:45:00.418962	2025-10-14 09:46:30.92726	\N
00c2e0d8-2e09-450b-9877-13325b1acefa	b84f968b-78bf-45e1-98df-9cbf326f5662	19	2	losers_bracket	5	31	33	Cloud9	100 Thieves	\N	\N	3	0	31	completed	8e45757a-4429-4e27-82eb-1924333ffbc6	\N	\N	2025-10-14 09:46:32.013201	2025-10-14 09:45:00.418962	2025-10-14 09:46:32.013201	\N
8e45757a-4429-4e27-82eb-1924333ffbc6	b84f968b-78bf-45e1-98df-9cbf326f5662	19	3	grand_final	5	32	31	Team Liquid	Cloud9	\N	\N	1	3	31	completed	\N	\N	\N	2025-10-14 09:46:33.111294	2025-10-14 09:45:00.418962	2025-10-14 09:46:33.111294	\N
\.


--
-- Data for Name: playoff_matches_backup; Type: TABLE DATA; Schema: public; Owner: postgres
--

COPY public.playoff_matches_backup (id, playoff_bracket_id, competition_id, round_number, match_type, best_of, team_a_id, team_b_id, team_a_name, team_b_name, team_a_seed, team_b_seed, score_a, score_b, winner_id, status, next_match_id, loser_next_match_id, scheduled_at, completed_at, created_at, updated_at) FROM stdin;
f542a1c2-2e29-4be0-b522-86367fe7fb5d	384a25f9-e533-470a-9bf7-6b758f688d0f	1	1	winners_bracket	5	22	23	Fnatic	MAD Lions	1	2	3	2	22	completed	fe2c77c7-2166-4605-ba58-db101f7289b0	b538c8f9-8c45-4cda-a835-20a67d9e87c5	\N	2025-10-12 13:39:54.577111	2025-10-12 10:29:52.670497	2025-10-12 13:39:54.577111
0a3216e1-4da8-4fdf-a6cc-a4d7bb3f44e3	7b1eb62c-5e57-4492-b29e-20aae0c2b742	1	2	losers_bracket	5	1	2	JD Gaming	Bilibili Gaming	\N	\N	3	2	1	completed	61657b02-f571-4e7e-8fbc-a78c985eca4f	\N	\N	2025-10-12 13:39:51.332064	2025-10-12 10:29:08.640287	2025-10-12 13:39:51.332064
96bf064d-a2f1-4d58-9621-51d015e3fe07	db307da2-fb29-490b-af8b-352518c1763f	1	3	grand_final	5	32	33	Team Liquid	100 Thieves	\N	\N	3	0	32	completed	\N	\N	\N	2025-10-12 13:39:57.193729	2025-10-12 10:30:44.270101	2025-10-12 13:39:57.193729
b538c8f9-8c45-4cda-a835-20a67d9e87c5	384a25f9-e533-470a-9bf7-6b758f688d0f	1	2	losers_bracket	5	24	23	Team Vitality	MAD Lions	\N	\N	2	3	23	completed	fe2c77c7-2166-4605-ba58-db101f7289b0	\N	\N	2025-10-12 13:39:54.979819	2025-10-12 10:29:52.670497	2025-10-12 13:39:54.979819
5b2409de-874c-46e3-be0b-d10777e73b69	7b1eb62c-5e57-4492-b29e-20aae0c2b742	1	1	losers_bracket	5	4	1	Weibo Gaming	JD Gaming	3	4	2	3	1	completed	0a3216e1-4da8-4fdf-a6cc-a4d7bb3f44e3	\N	\N	2025-10-12 13:39:08.665697	2025-10-12 10:29:08.640287	2025-10-12 13:39:08.665697
863f148e-f4f7-4fc0-ad60-102da540e1bb	7b1eb62c-5e57-4492-b29e-20aae0c2b742	1	1	winners_bracket	5	2	3	Bilibili Gaming	Top Esports	1	2	2	3	3	completed	61657b02-f571-4e7e-8fbc-a78c985eca4f	0a3216e1-4da8-4fdf-a6cc-a4d7bb3f44e3	\N	2025-10-12 13:39:50.86181	2025-10-12 10:29:08.640287	2025-10-12 13:39:50.86181
fe2c77c7-2166-4605-ba58-db101f7289b0	384a25f9-e533-470a-9bf7-6b758f688d0f	1	3	grand_final	5	22	23	Fnatic	MAD Lions	\N	\N	1	3	23	completed	\N	\N	\N	2025-10-12 13:39:55.388944	2025-10-12 10:29:52.670497	2025-10-12 13:39:55.388944
ac39d1c6-69ad-4d64-91a8-eb1a1cf96eec	db307da2-fb29-490b-af8b-352518c1763f	1	1	winners_bracket	5	32	33	Team Liquid	100 Thieves	1	2	3	1	32	completed	96bf064d-a2f1-4d58-9621-51d015e3fe07	2a42760b-8b10-491f-9a4c-657eb4e5f5e0	\N	2025-10-12 13:39:55.964451	2025-10-12 10:30:44.270101	2025-10-12 13:39:55.964451
61657b02-f571-4e7e-8fbc-a78c985eca4f	7b1eb62c-5e57-4492-b29e-20aae0c2b742	1	3	grand_final	5	3	1	Top Esports	JD Gaming	\N	\N	1	3	1	completed	\N	\N	\N	2025-10-12 13:39:51.737151	2025-10-12 10:29:08.640287	2025-10-12 13:39:51.737151
bb3de04d-e38c-4eed-a9d5-c683209349b2	ed34c66f-6c96-4924-a441-3ff6e4ca4eb1	1	1	winners_bracket	5	12	13	Gen.G	DRX	1	2	0	3	13	completed	685fa2c8-acd1-46dd-8f14-ad994b0151ba	b858d36a-a5cc-4180-9208-fe476f15458f	\N	2025-10-12 13:39:52.322942	2025-10-12 10:29:39.994458	2025-10-12 13:39:52.322942
e528703d-0a0a-424c-8818-7ab702678006	ed34c66f-6c96-4924-a441-3ff6e4ca4eb1	1	1	losers_bracket	5	14	11	KT Rolster	T1	3	4	1	3	11	completed	b858d36a-a5cc-4180-9208-fe476f15458f	\N	\N	2025-10-12 13:39:52.766265	2025-10-12 10:29:39.994458	2025-10-12 13:39:52.766265
ed00610e-63ce-4ba6-a561-b3bee2bc718a	db307da2-fb29-490b-af8b-352518c1763f	1	1	losers_bracket	5	34	31	TSM	Cloud9	3	4	1	3	31	completed	2a42760b-8b10-491f-9a4c-657eb4e5f5e0	\N	\N	2025-10-12 13:39:56.375358	2025-10-12 10:30:44.270101	2025-10-12 13:39:56.375358
b858d36a-a5cc-4180-9208-fe476f15458f	ed34c66f-6c96-4924-a441-3ff6e4ca4eb1	1	2	losers_bracket	5	12	11	Gen.G	T1	\N	\N	2	3	11	completed	685fa2c8-acd1-46dd-8f14-ad994b0151ba	\N	\N	2025-10-12 13:39:53.180704	2025-10-12 10:29:39.994458	2025-10-12 13:39:53.180704
685fa2c8-acd1-46dd-8f14-ad994b0151ba	ed34c66f-6c96-4924-a441-3ff6e4ca4eb1	1	3	grand_final	5	13	11	DRX	T1	\N	\N	3	0	13	completed	\N	\N	\N	2025-10-12 13:39:53.586747	2025-10-12 10:29:39.994458	2025-10-12 13:39:53.586747
900509d1-b932-4daa-b24e-0efcb0559dc9	384a25f9-e533-470a-9bf7-6b758f688d0f	1	1	losers_bracket	5	24	21	Team Vitality	G2 Esports	3	4	3	2	24	completed	b538c8f9-8c45-4cda-a835-20a67d9e87c5	\N	\N	2025-10-12 13:39:54.16924	2025-10-12 10:29:52.670497	2025-10-12 13:39:54.16924
2a42760b-8b10-491f-9a4c-657eb4e5f5e0	db307da2-fb29-490b-af8b-352518c1763f	1	2	losers_bracket	5	33	31	100 Thieves	Cloud9	\N	\N	3	0	33	completed	96bf064d-a2f1-4d58-9621-51d015e3fe07	\N	\N	2025-10-12 13:39:56.785608	2025-10-12 10:30:44.270101	2025-10-12 13:39:56.785608
\.


--
-- Data for Name: regional_standings; Type: TABLE DATA; Schema: public; Owner: postgres
--

COPY public.regional_standings (id, team_id, region_id, season_id, competition_type, matches_played, wins, losses, win_rate, regular_season_points, round_differential, "position", last_updated, created_at, updated_at, new_season_id) FROM stdin;
1534	14	2	1	summer	18	10	8	55.56	29	3	5	2025-10-14 08:42:27.732047	2025-10-14 08:41:06.586088	2025-10-14 08:42:27.737043	\N
2231	34	4	7	spring	18	8	10	44.44	23	-5	7	2025-10-14 09:11:03.971181	2025-10-14 09:09:29.936448	2025-10-14 09:11:03.982296	\N
2232	36	4	7	spring	18	7	11	38.89	22	-7	8	2025-10-14 09:11:03.977868	2025-10-14 09:09:29.952048	2025-10-14 09:11:03.982296	\N
807	36	4	1	spring	18	8	10	44.44	25	-3	6	2025-10-14 08:36:03.944604	2025-10-14 02:24:39.90057	2025-10-14 08:36:03.957807	\N
825	1	1	1	spring	18	16	2	88.89	42	22	2	2025-10-14 08:36:03.998067	2025-10-14 02:24:39.954993	2025-10-14 08:36:04.013934	\N
822	8	1	1	spring	18	6	12	33.33	19	-11	7	2025-10-14 08:36:03.999683	2025-10-14 02:24:39.951034	2025-10-14 08:36:04.013934	\N
823	4	1	1	spring	18	11	7	61.11	33	8	3	2025-10-14 08:36:04.003027	2025-10-14 02:24:39.952132	2025-10-14 08:36:04.013934	\N
821	5	1	1	spring	18	9	9	50.00	30	3	4	2025-10-14 08:36:04.00704	2025-10-14 02:24:39.949834	2025-10-14 08:36:04.013934	\N
806	33	4	1	spring	18	13	5	72.22	36	13	2	2025-10-14 08:36:03.945783	2025-10-14 02:24:39.899459	2025-10-14 08:36:03.957807	\N
808	35	4	1	spring	18	7	11	38.89	27	-2	5	2025-10-14 08:36:03.947047	2025-10-14 02:24:39.90535	2025-10-14 08:36:03.957807	\N
804	34	4	1	spring	18	8	10	44.44	22	-6	9	2025-10-14 08:36:03.948912	2025-10-14 02:24:39.897527	2025-10-14 08:36:03.957807	\N
824	10	1	1	spring	18	4	14	22.22	14	-18	10	2025-10-14 08:36:04.008221	2025-10-14 02:24:39.953444	2025-10-14 08:36:04.013934	\N
809	39	4	1	spring	18	3	15	16.67	10	-23	10	2025-10-14 08:36:03.95183	2025-10-14 02:24:39.907063	2025-10-14 08:36:03.957807	\N
1548	6	1	1	summer	18	7	11	38.89	25	-4	7	2025-10-14 08:42:27.707254	2025-10-14 08:41:06.625124	2025-10-14 08:42:27.708079	\N
801	40	4	1	spring	18	6	12	33.33	25	-5	7	2025-10-14 08:36:03.953118	2025-10-14 02:24:39.892199	2025-10-14 08:36:03.957807	\N
805	38	4	1	spring	18	11	7	61.11	27	2	4	2025-10-14 08:36:03.954909	2025-10-14 02:24:39.898505	2025-10-14 08:36:03.957807	\N
810	32	4	1	spring	18	13	5	72.22	36	13	3	2025-10-14 08:36:03.95738	2025-10-14 02:24:39.908404	2025-10-14 08:36:03.957807	\N
826	2	1	1	spring	18	16	2	88.89	47	27	1	2025-10-14 08:36:04.009154	2025-10-14 02:24:39.961607	2025-10-14 08:36:04.013934	\N
829	3	1	1	spring	18	10	8	55.56	29	3	5	2025-10-14 08:36:04.011061	2025-10-14 02:24:39.965299	2025-10-14 08:36:04.013934	\N
828	6	1	1	spring	18	7	11	38.89	19	-10	6	2025-10-14 08:36:04.012206	2025-10-14 02:24:39.964353	2025-10-14 08:36:04.013934	\N
827	9	1	1	spring	18	5	13	27.78	19	-12	8	2025-10-14 08:36:04.013394	2025-10-14 02:24:39.963057	2025-10-14 08:36:04.013934	\N
1531	19	2	1	summer	18	5	13	27.78	16	-15	9	2025-10-14 08:42:27.720206	2025-10-14 08:41:06.580845	2025-10-14 08:42:27.737043	\N
813	19	2	1	spring	18	8	10	44.44	23	-5	7	2025-10-14 08:36:03.974119	2025-10-14 02:24:39.926408	2025-10-14 08:36:03.986319	\N
818	18	2	1	spring	18	9	9	50.00	23	-4	6	2025-10-14 08:36:03.975755	2025-10-14 02:24:39.934021	2025-10-14 08:36:03.986319	\N
796	25	3	1	spring	18	10	8	55.56	30	4	4	2025-10-14 08:36:03.918508	2025-10-14 02:24:39.869703	2025-10-14 08:36:03.933092	\N
797	24	3	1	spring	18	9	9	50.00	30	3	5	2025-10-14 08:36:03.921488	2025-10-14 02:24:39.871567	2025-10-14 08:36:03.933092	\N
793	28	3	1	spring	18	5	13	27.78	19	-12	8	2025-10-14 08:36:03.924461	2025-10-14 02:24:39.862717	2025-10-14 08:36:03.933092	\N
792	21	3	1	spring	18	13	5	72.22	36	13	2	2025-10-14 08:36:03.925487	2025-10-14 02:24:39.858937	2025-10-14 08:36:03.933092	\N
798	27	3	1	spring	18	6	12	33.33	20	-10	7	2025-10-14 08:36:03.926505	2025-10-14 02:24:39.872833	2025-10-14 08:36:03.933092	\N
1532	12	2	1	summer	18	12	6	66.67	37	13	3	2025-10-14 08:42:27.726374	2025-10-14 08:41:06.582398	2025-10-14 08:42:27.737043	\N
795	26	3	1	spring	18	10	8	55.56	28	2	6	2025-10-14 08:36:03.928564	2025-10-14 02:24:39.86719	2025-10-14 08:36:03.933092	\N
794	23	3	1	spring	18	13	5	72.22	34	11	3	2025-10-14 08:36:03.929438	2025-10-14 02:24:39.865122	2025-10-14 08:36:03.933092	\N
811	17	2	1	spring	18	6	12	33.33	22	-8	9	2025-10-14 08:36:03.976817	2025-10-14 02:24:39.922682	2025-10-14 08:36:03.986319	\N
814	12	2	1	spring	18	14	4	77.78	35	13	2	2025-10-14 08:36:03.977922	2025-10-14 02:24:39.928689	2025-10-14 08:36:03.986319	\N
816	16	2	1	spring	18	7	11	38.89	22	-7	8	2025-10-14 08:36:03.978892	2025-10-14 02:24:39.93132	2025-10-14 08:36:03.986319	\N
817	13	2	1	spring	18	11	7	61.11	35	10	3	2025-10-14 08:36:03.980364	2025-10-14 02:24:39.932998	2025-10-14 08:36:03.986319	\N
1533	17	2	1	summer	18	5	13	27.78	17	-14	7	2025-10-14 08:42:27.728131	2025-10-14 08:41:06.583455	2025-10-14 08:42:27.737043	\N
815	15	2	1	spring	18	11	7	61.11	30	5	4	2025-10-14 08:36:03.982314	2025-10-14 02:24:39.93029	2025-10-14 08:36:03.986319	\N
812	14	2	1	spring	18	13	5	72.22	38	15	1	2025-10-14 08:36:03.983647	2025-10-14 02:24:39.924305	2025-10-14 08:36:03.986319	\N
1523	30	3	1	summer	18	5	13	27.78	15	-16	10	2025-10-14 08:42:27.654124	2025-10-14 08:41:06.542357	2025-10-14 08:42:27.681598	\N
1527	28	3	1	summer	18	6	12	33.33	20	-10	8	2025-10-14 08:42:27.655548	2025-10-14 08:41:06.550916	2025-10-14 08:42:27.681598	\N
1512	37	4	1	summer	18	8	10	44.44	27	-1	7	2025-10-14 08:42:27.626189	2025-10-14 08:41:06.489389	2025-10-14 08:42:27.638501	\N
1518	34	4	1	summer	18	10	8	55.56	30	4	5	2025-10-14 08:42:27.619945	2025-10-14 08:41:06.507603	2025-10-14 08:42:27.638501	\N
1516	40	4	1	summer	18	8	10	44.44	25	-3	8	2025-10-14 08:42:27.621454	2025-10-14 08:41:06.501983	2025-10-14 08:42:27.638501	\N
1519	39	4	1	summer	18	0	18	0.00	4	-32	10	2025-10-14 08:42:27.622681	2025-10-14 08:41:06.510442	2025-10-14 08:42:27.638501	\N
1513	38	4	1	summer	18	7	11	38.89	21	-8	9	2025-10-14 08:42:27.623762	2025-10-14 08:41:06.491725	2025-10-14 08:42:27.638501	\N
1520	31	4	1	summer	18	11	7	61.11	33	8	3	2025-10-14 08:42:27.628969	2025-10-14 08:41:06.512947	2025-10-14 08:42:27.638501	\N
1514	32	4	1	summer	18	14	4	77.78	36	14	1	2025-10-14 08:42:27.63189	2025-10-14 08:41:06.496124	2025-10-14 08:42:27.638501	\N
1511	33	4	1	summer	18	11	7	61.11	31	6	4	2025-10-14 08:42:27.63784	2025-10-14 08:41:06.481798	2025-10-14 08:42:27.638501	\N
1524	21	3	1	summer	18	13	5	72.22	39	16	1	2025-10-14 08:42:27.656804	2025-10-14 08:41:06.545476	2025-10-14 08:42:27.681598	\N
1526	27	3	1	summer	18	8	10	44.44	24	-4	7	2025-10-14 08:42:27.663015	2025-10-14 08:41:06.549501	2025-10-14 08:42:27.681598	\N
1522	26	3	1	summer	18	9	9	50.00	27	0	6	2025-10-14 08:42:27.664819	2025-10-14 08:41:06.540434	2025-10-14 08:42:27.681598	\N
1528	23	3	1	summer	18	12	6	66.67	35	11	3	2025-10-14 08:42:27.670927	2025-10-14 08:41:06.553125	2025-10-14 08:42:27.681598	\N
1521	25	3	1	summer	18	10	8	55.56	29	3	4	2025-10-14 08:42:27.673428	2025-10-14 08:41:06.538011	2025-10-14 08:42:27.681598	\N
1525	24	3	1	summer	18	10	8	55.56	27	1	5	2025-10-14 08:42:27.677511	2025-10-14 08:41:06.547137	2025-10-14 08:42:27.681598	\N
2261	16	2	7	spring	18	8	10	44.44	25	-3	6	2025-10-14 09:11:04.051433	2025-10-14 09:09:30.052378	2025-10-14 09:11:04.054291	\N
2958	32	4	7	summer	18	12	6	66.67	34	10	2	2025-10-14 09:44:05.899957	2025-10-14 09:43:12.320639	2025-10-14 09:44:05.924558	\N
1537	18	2	1	summer	18	4	14	22.22	12	-20	10	2025-10-14 08:42:27.723884	2025-10-14 08:41:06.590361	2025-10-14 08:42:27.737043	\N
3672	10	1	8	spring	0	0	0	0.00	0	0	1	2025-10-14 15:14:00.728212	2025-10-14 15:14:00.728212	2025-10-14 15:14:00.745625	\N
1538	13	2	1	summer	18	14	4	77.78	39	17	2	2025-10-14 08:42:27.729416	2025-10-14 08:41:06.591403	2025-10-14 08:42:27.737043	\N
2252	10	1	7	spring	18	4	14	22.22	12	-20	10	2025-10-14 09:11:04.017308	2025-10-14 09:09:30.023464	2025-10-14 09:11:04.032493	\N
2253	1	1	7	spring	18	15	3	83.33	42	21	1	2025-10-14 09:11:04.019078	2025-10-14 09:09:30.025058	2025-10-14 09:11:04.032493	\N
2251	8	1	7	spring	18	3	15	16.67	14	-19	9	2025-10-14 09:11:04.020979	2025-10-14 09:09:30.021658	2025-10-14 09:11:04.032493	\N
2255	4	1	7	spring	18	11	7	61.11	32	7	4	2025-10-14 09:11:04.022302	2025-10-14 09:09:30.028009	2025-10-14 09:11:04.032493	\N
2247	30	3	7	spring	18	2	16	11.11	9	-25	10	2025-10-14 09:11:03.993512	2025-10-14 09:09:30.000039	2025-10-14 09:11:04.002482	\N
791	30	3	1	spring	18	6	12	33.33	16	-14	10	2025-10-14 08:36:03.922768	2025-10-14 02:24:39.850843	2025-10-14 08:36:03.933092	\N
800	29	3	1	spring	18	4	14	22.22	19	-13	9	2025-10-14 08:36:03.930487	2025-10-14 02:24:39.874901	2025-10-14 08:36:03.933092	\N
799	22	3	1	spring	18	14	4	77.78	38	16	1	2025-10-14 08:36:03.932213	2025-10-14 02:24:39.874039	2025-10-14 08:36:03.933092	\N
2233	40	4	7	spring	18	12	6	66.67	35	11	3	2025-10-14 09:11:03.969442	2025-10-14 09:09:29.953517	2025-10-14 09:11:03.982296	\N
802	31	4	1	spring	18	14	4	77.78	39	17	1	2025-10-14 08:36:03.953938	2025-10-14 02:24:39.894554	2025-10-14 08:36:03.957807	\N
803	37	4	1	spring	18	7	11	38.89	23	-6	8	2025-10-14 08:36:03.956146	2025-10-14 02:24:39.896671	2025-10-14 08:36:03.957807	\N
2245	28	3	7	spring	18	5	13	27.78	16	-15	9	2025-10-14 09:11:03.994544	2025-10-14 09:09:29.997375	2025-10-14 09:11:04.002482	\N
820	20	2	1	spring	18	2	16	11.11	13	-21	10	2025-10-14 08:36:03.984436	2025-10-14 02:24:39.936494	2025-10-14 08:36:03.986319	\N
819	11	2	1	spring	18	9	9	50.00	29	2	5	2025-10-14 08:36:03.985486	2025-10-14 02:24:39.935042	2025-10-14 08:36:03.986319	\N
2248	21	3	7	spring	18	12	6	66.67	38	14	1	2025-10-14 09:11:03.995385	2025-10-14 09:09:30.001687	2025-10-14 09:11:04.002482	\N
830	7	1	1	spring	18	6	12	33.33	18	-12	9	2025-10-14 08:36:04.010004	2025-10-14 02:24:39.966269	2025-10-14 08:36:04.013934	\N
2243	27	3	7	spring	18	5	13	27.78	21	-10	8	2025-10-14 09:11:03.996113	2025-10-14 09:09:29.993868	2025-10-14 09:11:04.002482	\N
2239	39	4	7	spring	18	3	15	16.67	14	-19	10	2025-10-14 09:11:03.972458	2025-10-14 09:09:29.967643	2025-10-14 09:11:03.982296	\N
2254	5	1	7	spring	18	8	10	44.44	27	-1	5	2025-10-14 09:11:04.025876	2025-10-14 09:09:30.026785	2025-10-14 09:11:04.032493	\N
2235	38	4	7	spring	18	3	15	16.67	16	-17	9	2025-10-14 09:11:03.973695	2025-10-14 09:09:29.958678	2025-10-14 09:11:03.982296	\N
2237	37	4	7	spring	18	8	10	44.44	25	-3	6	2025-10-14 09:11:03.975097	2025-10-14 09:09:29.96443	2025-10-14 09:11:03.982296	\N
2240	31	4	7	spring	18	13	5	72.22	37	14	2	2025-10-14 09:11:03.976674	2025-10-14 09:09:29.968903	2025-10-14 09:11:03.982296	\N
1515	36	4	1	summer	18	10	8	55.56	29	3	6	2025-10-14 08:42:27.630606	2025-10-14 08:41:06.499365	2025-10-14 08:42:27.638501	\N
2241	26	3	7	spring	18	12	6	66.67	30	6	6	2025-10-14 09:11:03.996817	2025-10-14 09:09:29.990453	2025-10-14 09:11:04.002482	\N
2236	32	4	7	spring	18	15	3	83.33	41	20	1	2025-10-14 09:11:03.979154	2025-10-14 09:09:29.960351	2025-10-14 09:11:03.982296	\N
2234	35	4	7	spring	18	10	8	55.56	29	3	4	2025-10-14 09:11:03.980416	2025-10-14 09:09:29.956018	2025-10-14 09:11:03.982296	\N
2246	23	3	7	spring	18	13	5	72.22	35	12	3	2025-10-14 09:11:03.997613	2025-10-14 09:09:29.998526	2025-10-14 09:11:04.002482	\N
2242	25	3	7	spring	18	10	8	55.56	32	6	4	2025-10-14 09:11:03.998768	2025-10-14 09:09:29.992344	2025-10-14 09:11:04.002482	\N
1517	35	4	1	summer	18	11	7	61.11	34	9	2	2025-10-14 08:42:27.635485	2025-10-14 08:41:06.504477	2025-10-14 08:42:27.638501	\N
2238	33	4	7	spring	18	11	7	61.11	28	3	5	2025-10-14 09:11:03.981384	2025-10-14 09:09:29.966226	2025-10-14 09:11:03.982296	\N
2244	24	3	7	spring	18	11	7	61.11	31	6	5	2025-10-14 09:11:04.000111	2025-10-14 09:09:29.9955	2025-10-14 09:11:04.002482	\N
2260	2	1	7	spring	18	13	5	72.22	39	16	2	2025-10-14 09:11:04.028507	2025-10-14 09:09:30.040924	2025-10-14 09:11:04.032493	\N
2258	7	1	7	spring	18	6	12	33.33	18	-12	8	2025-10-14 09:11:04.029469	2025-10-14 09:09:30.034431	2025-10-14 09:11:04.032493	\N
1535	16	2	1	summer	18	9	9	50.00	28	1	6	2025-10-14 08:42:27.730789	2025-10-14 08:41:06.587973	2025-10-14 08:42:27.737043	\N
2256	3	1	7	spring	18	14	4	77.78	37	15	3	2025-10-14 09:11:04.030545	2025-10-14 09:09:30.030409	2025-10-14 09:11:04.032493	\N
1536	15	2	1	summer	18	11	7	61.11	32	7	4	2025-10-14 08:42:27.733198	2025-10-14 08:41:06.58945	2025-10-14 08:42:27.737043	\N
1529	29	3	1	summer	18	4	14	22.22	16	-16	9	2025-10-14 08:42:27.679876	2025-10-14 08:41:06.55467	2025-10-14 08:42:27.681598	\N
1530	22	3	1	summer	18	13	5	72.22	38	15	2	2025-10-14 08:42:27.681098	2025-10-14 08:41:06.556864	2025-10-14 08:42:27.681598	\N
1539	20	2	1	summer	18	4	14	22.22	17	-15	8	2025-10-14 08:42:27.735262	2025-10-14 08:41:06.592403	2025-10-14 08:42:27.737043	\N
1540	11	2	1	summer	18	16	2	88.89	43	23	1	2025-10-14 08:42:27.736441	2025-10-14 08:41:06.594739	2025-10-14 08:42:27.737043	\N
1543	10	1	1	summer	18	2	16	11.11	7	-27	10	2025-10-14 08:42:27.694412	2025-10-14 08:41:06.615173	2025-10-14 08:42:27.708079	\N
1542	1	1	1	summer	18	14	4	77.78	41	19	1	2025-10-14 08:42:27.696142	2025-10-14 08:41:06.612738	2025-10-14 08:42:27.708079	\N
1544	8	1	1	summer	18	8	10	44.44	22	-6	8	2025-10-14 08:42:27.697512	2025-10-14 08:41:06.616674	2025-10-14 08:42:27.708079	\N
1541	4	1	1	summer	18	10	8	55.56	28	2	5	2025-10-14 08:42:27.698751	2025-10-14 08:41:06.608694	2025-10-14 08:42:27.708079	\N
1545	5	1	1	summer	18	12	6	66.67	37	13	3	2025-10-14 08:42:27.700604	2025-10-14 08:41:06.619629	2025-10-14 08:42:27.708079	\N
1550	9	1	1	summer	18	9	9	50.00	26	-1	6	2025-10-14 08:42:27.702291	2025-10-14 08:41:06.629142	2025-10-14 08:42:27.708079	\N
1549	2	1	1	summer	18	13	5	72.22	37	14	2	2025-10-14 08:42:27.703713	2025-10-14 08:41:06.626576	2025-10-14 08:42:27.708079	\N
1546	7	1	1	summer	18	4	14	22.22	16	-16	9	2025-10-14 08:42:27.705	2025-10-14 08:41:06.621982	2025-10-14 08:42:27.708079	\N
1547	3	1	1	summer	18	11	7	61.11	31	6	4	2025-10-14 08:42:27.706104	2025-10-14 08:41:06.623853	2025-10-14 08:42:27.708079	\N
3673	38	4	8	spring	0	0	0	0.00	0	0	1	2025-10-14 15:14:00.729121	2025-10-14 15:14:00.729121	2025-10-14 15:14:00.744796	\N
3674	39	4	8	spring	0	0	0	0.00	0	0	2	2025-10-14 15:14:00.733531	2025-10-14 15:14:00.733531	2025-10-14 15:14:00.744796	\N
3679	31	4	8	spring	0	0	0	0.00	0	0	3	2025-10-14 15:14:00.736731	2025-10-14 15:14:00.736731	2025-10-14 15:14:00.744796	\N
3683	37	4	8	spring	0	0	0	0.00	0	0	4	2025-10-14 15:14:00.7384	2025-10-14 15:14:00.7384	2025-10-14 15:14:00.744796	\N
3686	32	4	8	spring	0	0	0	0.00	0	0	5	2025-10-14 15:14:00.739756	2025-10-14 15:14:00.739756	2025-10-14 15:14:00.744796	\N
3690	36	4	8	spring	0	0	0	0.00	0	0	6	2025-10-14 15:14:00.740572	2025-10-14 15:14:00.740572	2025-10-14 15:14:00.744796	\N
3694	33	4	8	spring	0	0	0	0.00	0	0	7	2025-10-14 15:14:00.741528	2025-10-14 15:14:00.741528	2025-10-14 15:14:00.744796	\N
3698	35	4	8	spring	0	0	0	0.00	0	0	8	2025-10-14 15:14:00.742577	2025-10-14 15:14:00.742577	2025-10-14 15:14:00.744796	\N
3702	40	4	8	spring	0	0	0	0.00	0	0	9	2025-10-14 15:14:00.74349	2025-10-14 15:14:00.74349	2025-10-14 15:14:00.744796	\N
3705	34	4	8	spring	0	0	0	0.00	0	0	10	2025-10-14 15:14:00.744226	2025-10-14 15:14:00.744226	2025-10-14 15:14:00.744796	\N
3676	1	1	8	spring	0	0	0	0.00	0	0	2	2025-10-14 15:14:00.735612	2025-10-14 15:14:00.735612	2025-10-14 15:14:00.745625	\N
3680	8	1	8	spring	0	0	0	0.00	0	0	3	2025-10-14 15:14:00.736891	2025-10-14 15:14:00.736891	2025-10-14 15:14:00.745625	\N
3684	5	1	8	spring	0	0	0	0.00	0	0	4	2025-10-14 15:14:00.738862	2025-10-14 15:14:00.738862	2025-10-14 15:14:00.745625	\N
3688	4	1	8	spring	0	0	0	0.00	0	0	5	2025-10-14 15:14:00.740098	2025-10-14 15:14:00.740098	2025-10-14 15:14:00.745625	\N
3692	9	1	8	spring	0	0	0	0.00	0	0	6	2025-10-14 15:14:00.740957	2025-10-14 15:14:00.740957	2025-10-14 15:14:00.745625	\N
3695	7	1	8	spring	0	0	0	0.00	0	0	7	2025-10-14 15:14:00.741717	2025-10-14 15:14:00.741717	2025-10-14 15:14:00.745625	\N
3699	2	1	8	spring	0	0	0	0.00	0	0	8	2025-10-14 15:14:00.742954	2025-10-14 15:14:00.742954	2025-10-14 15:14:00.745625	\N
3703	6	1	8	spring	0	0	0	0.00	0	0	9	2025-10-14 15:14:00.74396	2025-10-14 15:14:00.74396	2025-10-14 15:14:00.745625	\N
3707	3	1	8	spring	0	0	0	0.00	0	0	10	2025-10-14 15:14:00.745017	2025-10-14 15:14:00.745017	2025-10-14 15:14:00.745625	\N
2969	2	1	7	summer	18	11	7	61.11	32	7	2	2025-10-14 09:44:06.012766	2025-10-14 09:43:12.367395	2025-10-14 09:44:06.017628	\N
2249	29	3	7	spring	18	7	11	38.89	21	-8	7	2025-10-14 09:11:04.001204	2025-10-14 09:09:30.003105	2025-10-14 09:11:04.002482	\N
2250	22	3	7	spring	18	13	5	72.22	37	14	2	2025-10-14 09:11:04.002034	2025-10-14 09:09:30.005516	2025-10-14 09:11:04.002482	\N
2970	6	1	7	summer	18	5	13	27.78	22	-9	8	2025-10-14 09:44:06.015222	2025-10-14 09:43:12.368486	2025-10-14 09:44:06.017628	\N
2962	10	1	7	summer	18	5	13	27.78	18	-13	9	2025-10-14 09:44:05.994991	2025-10-14 09:43:12.351106	2025-10-14 09:44:06.017628	\N
2259	9	1	7	spring	18	7	11	38.89	23	-6	7	2025-10-14 09:11:04.027316	2025-10-14 09:09:30.039622	2025-10-14 09:11:04.032493	\N
2257	6	1	7	spring	18	9	9	50.00	26	-1	6	2025-10-14 09:11:04.031598	2025-10-14 09:09:30.032751	2025-10-14 09:11:04.032493	\N
2963	1	1	7	summer	18	13	5	72.22	37	14	1	2025-10-14 09:44:05.997885	2025-10-14 09:43:12.354848	2025-10-14 09:44:06.017628	\N
2964	8	1	7	summer	18	8	10	44.44	25	-3	7	2025-10-14 09:44:05.999955	2025-10-14 09:43:12.357402	2025-10-14 09:44:06.017628	\N
2965	5	1	7	summer	18	10	8	55.56	30	4	5	2025-10-14 09:44:06.001374	2025-10-14 09:43:12.360643	2025-10-14 09:44:06.017628	\N
2264	14	2	7	spring	18	13	5	72.22	34	11	3	2025-10-14 09:11:04.043762	2025-10-14 09:09:30.056391	2025-10-14 09:11:04.054291	\N
2262	15	2	7	spring	18	12	6	66.67	33	9	4	2025-10-14 09:11:04.045166	2025-10-14 09:09:30.053723	2025-10-14 09:11:04.054291	\N
2267	19	2	7	spring	18	5	13	27.78	19	-12	7	2025-10-14 09:11:04.046195	2025-10-14 09:09:30.059698	2025-10-14 09:11:04.054291	\N
2265	18	2	7	spring	18	5	13	27.78	18	-13	9	2025-10-14 09:11:04.047161	2025-10-14 09:09:30.057258	2025-10-14 09:11:04.054291	\N
2268	12	2	7	spring	18	11	7	61.11	32	7	5	2025-10-14 09:11:04.04837	2025-10-14 09:09:30.060543	2025-10-14 09:11:04.054291	\N
2263	17	2	7	spring	18	6	12	33.33	18	-12	8	2025-10-14 09:11:04.049398	2025-10-14 09:09:30.055348	2025-10-14 09:11:04.054291	\N
2266	13	2	7	spring	18	15	3	83.33	43	22	1	2025-10-14 09:11:04.05048	2025-10-14 09:09:30.058633	2025-10-14 09:11:04.054291	\N
2269	20	2	7	spring	18	2	16	11.11	8	-26	10	2025-10-14 09:11:04.052375	2025-10-14 09:09:30.061454	2025-10-14 09:11:04.054291	\N
2270	11	2	7	spring	18	13	5	72.22	40	17	2	2025-10-14 09:11:04.053432	2025-10-14 09:09:30.062762	2025-10-14 09:11:04.054291	\N
2987	19	2	7	summer	18	3	15	16.67	11	-22	10	2025-10-14 09:44:05.94312	2025-10-14 09:43:12.407702	2025-10-14 09:44:05.975247	\N
2985	18	2	7	summer	18	7	11	38.89	21	-8	8	2025-10-14 09:44:05.94618	2025-10-14 09:43:12.404656	2025-10-14 09:44:05.975247	\N
2961	4	1	7	summer	18	11	7	61.11	31	6	4	2025-10-14 09:44:06.005174	2025-10-14 09:43:12.348518	2025-10-14 09:44:06.017628	\N
2966	7	1	7	summer	18	11	7	61.11	26	1	6	2025-10-14 09:44:06.008682	2025-10-14 09:43:12.362907	2025-10-14 09:44:06.017628	\N
2982	17	2	7	summer	18	11	7	61.11	29	4	5	2025-10-14 09:44:05.949948	2025-10-14 09:43:12.400555	2025-10-14 09:44:05.975247	\N
2988	12	2	7	summer	18	14	4	77.78	42	20	1	2025-10-14 09:44:05.954301	2025-10-14 09:43:12.408872	2025-10-14 09:44:05.975247	\N
2984	16	2	7	summer	18	8	10	44.44	24	-4	7	2025-10-14 09:44:05.958567	2025-10-14 09:43:12.403159	2025-10-14 09:44:05.975247	\N
2986	13	2	7	summer	18	11	7	61.11	34	9	3	2025-10-14 09:44:05.962568	2025-10-14 09:43:12.406494	2025-10-14 09:44:05.975247	\N
2983	15	2	7	summer	18	7	11	38.89	25	-4	6	2025-10-14 09:44:05.965626	2025-10-14 09:43:12.401714	2025-10-14 09:44:05.975247	\N
2981	14	2	7	summer	18	12	6	66.67	33	9	4	2025-10-14 09:44:05.970872	2025-10-14 09:43:12.399396	2025-10-14 09:44:05.975247	\N
2971	28	3	7	summer	18	5	13	27.78	17	-14	9	2025-10-14 09:44:06.03727	2025-10-14 09:43:12.378512	2025-10-14 09:44:06.055323	\N
2974	21	3	7	summer	18	14	4	77.78	41	19	1	2025-10-14 09:44:06.038875	2025-10-14 09:43:12.382372	2025-10-14 09:44:06.055323	\N
2975	27	3	7	summer	18	8	10	44.44	23	-5	7	2025-10-14 09:44:06.040614	2025-10-14 09:43:12.383361	2025-10-14 09:44:06.055323	\N
2977	26	3	7	summer	18	10	8	55.56	30	4	5	2025-10-14 09:44:06.042357	2025-10-14 09:43:12.385838	2025-10-14 09:44:06.055323	\N
2972	23	3	7	summer	18	8	10	44.44	26	-2	6	2025-10-14 09:44:06.044736	2025-10-14 09:43:12.380253	2025-10-14 09:44:06.055323	\N
2978	25	3	7	summer	18	10	8	55.56	31	5	4	2025-10-14 09:44:06.047292	2025-10-14 09:43:12.387002	2025-10-14 09:44:06.055323	\N
2976	24	3	7	summer	18	14	4	77.78	36	14	2	2025-10-14 09:44:06.049101	2025-10-14 09:43:12.384746	2025-10-14 09:44:06.055323	\N
2973	30	3	7	summer	18	3	15	16.67	12	-21	10	2025-10-14 09:44:06.050454	2025-10-14 09:43:12.381345	2025-10-14 09:44:06.055323	\N
3671	19	2	8	spring	0	0	0	0.00	0	0	1	2025-10-14 15:14:00.728248	2025-10-14 15:14:00.728248	2025-10-14 15:14:00.74572	\N
3675	18	2	8	spring	0	0	0	0.00	0	0	2	2025-10-14 15:14:00.734618	2025-10-14 15:14:00.734618	2025-10-14 15:14:00.74572	\N
3677	17	2	8	spring	0	0	0	0.00	0	0	3	2025-10-14 15:14:00.736661	2025-10-14 15:14:00.736661	2025-10-14 15:14:00.74572	\N
3682	12	2	8	spring	0	0	0	0.00	0	0	4	2025-10-14 15:14:00.738317	2025-10-14 15:14:00.738317	2025-10-14 15:14:00.74572	\N
3687	16	2	8	spring	0	0	0	0.00	0	0	5	2025-10-14 15:14:00.739912	2025-10-14 15:14:00.739912	2025-10-14 15:14:00.74572	\N
3691	13	2	8	spring	0	0	0	0.00	0	0	6	2025-10-14 15:14:00.740877	2025-10-14 15:14:00.740877	2025-10-14 15:14:00.74572	\N
3696	15	2	8	spring	0	0	0	0.00	0	0	7	2025-10-14 15:14:00.742063	2025-10-14 15:14:00.742063	2025-10-14 15:14:00.74572	\N
3700	14	2	8	spring	0	0	0	0.00	0	0	8	2025-10-14 15:14:00.743178	2025-10-14 15:14:00.743178	2025-10-14 15:14:00.74572	\N
3704	20	2	8	spring	0	0	0	0.00	0	0	9	2025-10-14 15:14:00.744073	2025-10-14 15:14:00.744073	2025-10-14 15:14:00.74572	\N
3708	11	2	8	spring	0	0	0	0.00	0	0	10	2025-10-14 15:14:00.745175	2025-10-14 15:14:00.745175	2025-10-14 15:14:00.74572	\N
3678	28	3	8	spring	0	0	0	0.00	0	0	1	2025-10-14 15:14:00.73658	2025-10-14 15:14:00.73658	2025-10-14 15:14:00.747116	\N
3681	21	3	8	spring	0	0	0	0.00	0	0	2	2025-10-14 15:14:00.738124	2025-10-14 15:14:00.738124	2025-10-14 15:14:00.747116	\N
3685	27	3	8	spring	0	0	0	0.00	0	0	3	2025-10-14 15:14:00.739408	2025-10-14 15:14:00.739408	2025-10-14 15:14:00.747116	\N
3689	26	3	8	spring	0	0	0	0.00	0	0	4	2025-10-14 15:14:00.740362	2025-10-14 15:14:00.740362	2025-10-14 15:14:00.747116	\N
3693	23	3	8	spring	0	0	0	0.00	0	0	5	2025-10-14 15:14:00.741083	2025-10-14 15:14:00.741083	2025-10-14 15:14:00.747116	\N
3697	25	3	8	spring	0	0	0	0.00	0	0	6	2025-10-14 15:14:00.74239	2025-10-14 15:14:00.74239	2025-10-14 15:14:00.747116	\N
3701	24	3	8	spring	0	0	0	0.00	0	0	7	2025-10-14 15:14:00.743431	2025-10-14 15:14:00.743431	2025-10-14 15:14:00.747116	\N
3706	30	3	8	spring	0	0	0	0.00	0	0	8	2025-10-14 15:14:00.744153	2025-10-14 15:14:00.744153	2025-10-14 15:14:00.747116	\N
3709	22	3	8	spring	0	0	0	0.00	0	0	9	2025-10-14 15:14:00.745393	2025-10-14 15:14:00.745393	2025-10-14 15:14:00.747116	\N
3710	29	3	8	spring	0	0	0	0.00	0	0	10	2025-10-14 15:14:00.746292	2025-10-14 15:14:00.746292	2025-10-14 15:14:00.747116	\N
2957	38	4	7	summer	18	6	12	33.33	20	-10	8	2025-10-14 09:44:05.882503	2025-10-14 09:43:12.318426	2025-10-14 09:44:05.924558	\N
2959	39	4	7	summer	18	3	15	16.67	15	-18	10	2025-10-14 09:44:05.884883	2025-10-14 09:43:12.323636	2025-10-14 09:44:05.924558	\N
2960	31	4	7	summer	18	15	3	83.33	39	18	1	2025-10-14 09:44:05.888679	2025-10-14 09:43:12.327258	2025-10-14 09:44:05.924558	\N
2953	37	4	7	summer	18	5	13	27.78	17	-14	9	2025-10-14 09:44:05.897709	2025-10-14 09:43:12.308529	2025-10-14 09:44:05.924558	\N
2952	36	4	7	summer	18	7	11	38.89	23	-6	7	2025-10-14 09:44:05.901278	2025-10-14 09:43:12.30666	2025-10-14 09:44:05.924558	\N
2954	33	4	7	summer	18	12	6	66.67	33	9	4	2025-10-14 09:44:05.907964	2025-10-14 09:43:12.311075	2025-10-14 09:44:05.924558	\N
2956	35	4	7	summer	18	10	8	55.56	28	2	5	2025-10-14 09:44:05.90935	2025-10-14 09:43:12.315597	2025-10-14 09:44:05.924558	\N
2951	40	4	7	summer	18	11	7	61.11	34	9	3	2025-10-14 09:44:05.914411	2025-10-14 09:43:12.303241	2025-10-14 09:44:05.924558	\N
2955	34	4	7	summer	18	9	9	50.00	27	0	6	2025-10-14 09:44:05.922801	2025-10-14 09:43:12.313017	2025-10-14 09:44:05.924558	\N
2989	20	2	7	summer	18	3	15	16.67	13	-20	9	2025-10-14 09:44:05.973613	2025-10-14 09:43:12.410112	2025-10-14 09:44:05.975247	\N
2990	11	2	7	summer	18	14	4	77.78	38	16	2	2025-10-14 09:44:05.97477	2025-10-14 09:43:12.410933	2025-10-14 09:44:05.975247	\N
2968	9	1	7	summer	18	4	14	22.22	18	-14	10	2025-10-14 09:44:06.007135	2025-10-14 09:43:12.36614	2025-10-14 09:44:06.017628	\N
2967	3	1	7	summer	18	12	6	66.67	31	7	3	2025-10-14 09:44:06.017065	2025-10-14 09:43:12.364303	2025-10-14 09:44:06.017628	\N
2980	22	3	7	summer	18	12	6	66.67	35	11	3	2025-10-14 09:44:06.053096	2025-10-14 09:43:12.389906	2025-10-14 09:44:06.055323	\N
2979	29	3	7	summer	18	6	12	33.33	19	-11	8	2025-10-14 09:44:06.05473	2025-10-14 09:43:12.388447	2025-10-14 09:44:06.055323	\N
\.


--
-- Data for Name: regional_standings_backup; Type: TABLE DATA; Schema: public; Owner: postgres
--

COPY public.regional_standings_backup (id, team_id, region_id, season_id, competition_type, matches_played, wins, losses, win_rate, regular_season_points, round_differential, "position", last_updated, created_at, updated_at) FROM stdin;
\.


--
-- Data for Name: regions; Type: TABLE DATA; Schema: public; Owner: postgres
--

COPY public.regions (id, name, code, description, display_order, is_active, created_at, updated_at) FROM stdin;
1	中国大陆职业联赛	LPL	中国大陆地区顶级电竞职业联赛	1	t	2025-10-11 18:41:03.400044	2025-10-11 18:41:03.400044
2	韩国冠军联赛	LCK	韩国地区顶级电竞职业联赛	2	t	2025-10-11 18:41:03.400044	2025-10-11 18:41:03.400044
3	欧洲冠军联赛	LEC	欧洲地区顶级电竞职业联赛	3	t	2025-10-11 18:41:03.400044	2025-10-11 18:41:03.400044
4	北美冠军联赛	LCS	北美地区顶级电竞职业联赛	4	t	2025-10-11 18:41:03.400044	2025-10-11 18:41:03.400044
\.


--
-- Data for Name: score_records; Type: TABLE DATA; Schema: public; Owner: postgres
--

COPY public.score_records (id, team_id, competition_id, match_id, points, point_type, season_year, earned_at, description, created_at) FROM stdin;
67	4	1	\N	12	spring_playoff	2024	2025-10-14 08:37:52.990845	季后赛冠军 (+12分)	2025-10-14 08:37:52.990845
68	1	1	\N	10	spring_playoff	2024	2025-10-14 08:37:52.990845	季后赛亚军 (+10分)	2025-10-14 08:37:52.990845
69	2	1	\N	8	spring_playoff	2024	2025-10-14 08:37:52.990845	季后赛季军 (+8分)	2025-10-14 08:37:52.990845
70	5	1	\N	6	spring_playoff	2024	2025-10-14 08:37:52.990845	季后赛第四名 (+6分)	2025-10-14 08:37:52.990845
71	14	1	\N	12	spring_playoff	2024	2025-10-14 08:38:11.132757	季后赛冠军 (+12分)	2025-10-14 08:38:11.132757
72	12	1	\N	10	spring_playoff	2024	2025-10-14 08:38:11.132757	季后赛亚军 (+10分)	2025-10-14 08:38:11.132757
73	13	1	\N	8	spring_playoff	2024	2025-10-14 08:38:11.132757	季后赛季军 (+8分)	2025-10-14 08:38:11.132757
74	15	1	\N	6	spring_playoff	2024	2025-10-14 08:38:11.132757	季后赛第四名 (+6分)	2025-10-14 08:38:11.132757
75	22	1	\N	12	spring_playoff	2024	2025-10-14 08:38:31.664788	季后赛冠军 (+12分)	2025-10-14 08:38:31.664788
76	21	1	\N	10	spring_playoff	2024	2025-10-14 08:38:31.664788	季后赛亚军 (+10分)	2025-10-14 08:38:31.664788
77	25	1	\N	8	spring_playoff	2024	2025-10-14 08:38:31.664788	季后赛季军 (+8分)	2025-10-14 08:38:31.664788
78	23	1	\N	6	spring_playoff	2024	2025-10-14 08:38:31.664788	季后赛第四名 (+6分)	2025-10-14 08:38:31.664788
79	33	1	\N	12	spring_playoff	2024	2025-10-14 08:38:44.078135	季后赛冠军 (+12分)	2025-10-14 08:38:44.078135
80	31	1	\N	10	spring_playoff	2024	2025-10-14 08:38:44.078135	季后赛亚军 (+10分)	2025-10-14 08:38:44.078135
81	32	1	\N	8	spring_playoff	2024	2025-10-14 08:38:44.078135	季后赛季军 (+8分)	2025-10-14 08:38:44.078135
82	38	1	\N	6	spring_playoff	2024	2025-10-14 08:38:44.078135	季后赛第四名 (+6分)	2025-10-14 08:38:44.078135
83	14	\N	\N	20	msi	2024	2025-10-14 08:40:27.773091	MSI冠军 (+20分)	2025-10-14 08:40:27.773091
84	4	\N	\N	16	msi	2024	2025-10-14 08:40:27.773091	MSI亚军 (+16分)	2025-10-14 08:40:27.773091
85	22	\N	\N	12	msi	2024	2025-10-14 08:40:27.773091	MSI季军 (+12分)	2025-10-14 08:40:27.773091
86	33	\N	\N	8	msi	2024	2025-10-14 08:40:27.773091	MSI殿军 (+8分)	2025-10-14 08:40:27.773091
87	1	\N	\N	6	msi	2024	2025-10-14 08:40:27.773091	MSI败者组第二轮 (+6分)	2025-10-14 08:40:27.773091
88	25	\N	\N	6	msi	2024	2025-10-14 08:40:27.773091	MSI败者组第二轮 (+6分)	2025-10-14 08:40:27.773091
89	13	\N	\N	4	msi	2024	2025-10-14 08:40:27.773091	MSI败者组第一轮 (+4分)	2025-10-14 08:40:27.773091
90	21	\N	\N	4	msi	2024	2025-10-14 08:40:27.773091	MSI败者组第一轮 (+4分)	2025-10-14 08:40:27.773091
91	2	15	\N	12	summer_playoff	2024	2025-10-14 08:43:56.787169	季后赛冠军 (+12分)	2025-10-14 08:43:56.787169
92	1	15	\N	10	summer_playoff	2024	2025-10-14 08:43:56.787169	季后赛亚军 (+10分)	2025-10-14 08:43:56.787169
93	5	15	\N	8	summer_playoff	2024	2025-10-14 08:43:56.787169	季后赛季军 (+8分)	2025-10-14 08:43:56.787169
94	3	15	\N	6	summer_playoff	2024	2025-10-14 08:43:56.787169	季后赛第四名 (+6分)	2025-10-14 08:43:56.787169
95	12	15	\N	12	summer_playoff	2024	2025-10-14 08:44:13.55433	季后赛冠军 (+12分)	2025-10-14 08:44:13.55433
96	11	15	\N	10	summer_playoff	2024	2025-10-14 08:44:13.55433	季后赛亚军 (+10分)	2025-10-14 08:44:13.55433
97	13	15	\N	8	summer_playoff	2024	2025-10-14 08:44:13.55433	季后赛季军 (+8分)	2025-10-14 08:44:13.55433
98	15	15	\N	6	summer_playoff	2024	2025-10-14 08:44:13.55433	季后赛第四名 (+6分)	2025-10-14 08:44:13.55433
99	21	15	\N	12	summer_playoff	2024	2025-10-14 08:44:25.351944	季后赛冠军 (+12分)	2025-10-14 08:44:25.351944
100	25	15	\N	10	summer_playoff	2024	2025-10-14 08:44:25.351944	季后赛亚军 (+10分)	2025-10-14 08:44:25.351944
101	22	15	\N	8	summer_playoff	2024	2025-10-14 08:44:25.351944	季后赛季军 (+8分)	2025-10-14 08:44:25.351944
102	23	15	\N	6	summer_playoff	2024	2025-10-14 08:44:25.351944	季后赛第四名 (+6分)	2025-10-14 08:44:25.351944
103	32	15	\N	12	summer_playoff	2024	2025-10-14 08:44:48.702668	季后赛冠军 (+12分)	2025-10-14 08:44:48.702668
104	35	15	\N	10	summer_playoff	2024	2025-10-14 08:44:48.702668	季后赛亚军 (+10分)	2025-10-14 08:44:48.702668
105	33	15	\N	8	summer_playoff	2024	2025-10-14 08:44:48.702668	季后赛季军 (+8分)	2025-10-14 08:44:48.702668
106	31	15	\N	6	summer_playoff	2024	2025-10-14 08:44:48.702668	季后赛第四名 (+6分)	2025-10-14 08:44:48.702668
107	32	\N	\N	20	worlds	2024	2025-10-14 09:03:11.34856	世界赛冠军 (+20分)	2025-10-14 09:03:11.34856
108	1	\N	\N	16	worlds	2024	2025-10-14 09:03:11.34856	世界赛亚军 (+16分)	2025-10-14 09:03:11.34856
109	35	\N	\N	12	worlds	2024	2025-10-14 09:03:11.34856	世界赛季军 (+12分)	2025-10-14 09:03:11.34856
110	13	\N	\N	8	worlds	2024	2025-10-14 09:03:11.34856	世界赛殿军 (+8分)	2025-10-14 09:03:11.34856
111	2	\N	\N	6	worlds	2024	2025-10-14 09:03:11.34856	世界赛8强 (+6分)	2025-10-14 09:03:11.34856
112	33	\N	\N	6	worlds	2024	2025-10-14 09:03:11.34856	世界赛8强 (+6分)	2025-10-14 09:03:11.34856
113	12	\N	\N	6	worlds	2024	2025-10-14 09:03:11.34856	世界赛8强 (+6分)	2025-10-14 09:03:11.34856
114	21	\N	\N	6	worlds	2024	2025-10-14 09:03:11.34856	世界赛8强 (+6分)	2025-10-14 09:03:11.34856
115	22	\N	\N	4	worlds	2024	2025-10-14 09:03:11.34856	世界赛小组赛 (+4分)	2025-10-14 09:03:11.34856
116	25	\N	\N	4	worlds	2024	2025-10-14 09:03:11.34856	世界赛小组赛 (+4分)	2025-10-14 09:03:11.34856
117	5	\N	\N	4	worlds	2024	2025-10-14 09:03:11.34856	世界赛小组赛 (+4分)	2025-10-14 09:03:11.34856
118	11	\N	\N	4	worlds	2024	2025-10-14 09:03:11.34856	世界赛小组赛 (+4分)	2025-10-14 09:03:11.34856
119	2	16	\N	12	spring_playoff	2025	2025-10-14 09:24:01.698145	季后赛冠军 (+12分)	2025-10-14 09:24:01.698145
120	1	16	\N	10	spring_playoff	2025	2025-10-14 09:24:01.698145	季后赛亚军 (+10分)	2025-10-14 09:24:01.698145
121	3	16	\N	8	spring_playoff	2025	2025-10-14 09:24:01.698145	季后赛季军 (+8分)	2025-10-14 09:24:01.698145
122	4	16	\N	6	spring_playoff	2025	2025-10-14 09:24:01.698145	季后赛第四名 (+6分)	2025-10-14 09:24:01.698145
123	13	16	\N	12	spring_playoff	2025	2025-10-14 09:24:25.893923	季后赛冠军 (+12分)	2025-10-14 09:24:25.893923
124	11	16	\N	10	spring_playoff	2025	2025-10-14 09:24:25.893923	季后赛亚军 (+10分)	2025-10-14 09:24:25.893923
125	14	16	\N	8	spring_playoff	2025	2025-10-14 09:24:25.893923	季后赛季军 (+8分)	2025-10-14 09:24:25.893923
126	15	16	\N	6	spring_playoff	2025	2025-10-14 09:24:25.893923	季后赛第四名 (+6分)	2025-10-14 09:24:25.893923
127	25	16	\N	12	spring_playoff	2025	2025-10-14 09:25:06.643582	季后赛冠军 (+12分)	2025-10-14 09:25:06.643582
128	21	16	\N	10	spring_playoff	2025	2025-10-14 09:25:06.643582	季后赛亚军 (+10分)	2025-10-14 09:25:06.643582
129	22	16	\N	8	spring_playoff	2025	2025-10-14 09:25:06.643582	季后赛季军 (+8分)	2025-10-14 09:25:06.643582
130	23	16	\N	6	spring_playoff	2025	2025-10-14 09:25:06.643582	季后赛第四名 (+6分)	2025-10-14 09:25:06.643582
131	31	16	\N	12	spring_playoff	2025	2025-10-14 09:25:26.477138	季后赛冠军 (+12分)	2025-10-14 09:25:26.477138
132	32	16	\N	10	spring_playoff	2025	2025-10-14 09:25:26.477138	季后赛亚军 (+10分)	2025-10-14 09:25:26.477138
133	40	16	\N	8	spring_playoff	2025	2025-10-14 09:25:26.477138	季后赛季军 (+8分)	2025-10-14 09:25:26.477138
134	35	16	\N	6	spring_playoff	2025	2025-10-14 09:25:26.477138	季后赛第四名 (+6分)	2025-10-14 09:25:26.477138
159	31	\N	\N	20	msi	2025	2025-10-14 09:42:41.625076	MSI冠军 (+20分)	2025-10-14 09:42:41.625076
160	1	\N	\N	16	msi	2025	2025-10-14 09:42:41.625076	MSI亚军 (+16分)	2025-10-14 09:42:41.625076
161	2	\N	\N	12	msi	2025	2025-10-14 09:42:41.625076	MSI季军 (+12分)	2025-10-14 09:42:41.625076
162	32	\N	\N	8	msi	2025	2025-10-14 09:42:41.625076	MSI殿军 (+8分)	2025-10-14 09:42:41.625076
163	11	\N	\N	6	msi	2025	2025-10-14 09:42:41.625076	MSI败者组第二轮 (+6分)	2025-10-14 09:42:41.625076
164	21	\N	\N	6	msi	2025	2025-10-14 09:42:41.625076	MSI败者组第二轮 (+6分)	2025-10-14 09:42:41.625076
165	14	\N	\N	4	msi	2025	2025-10-14 09:42:41.625076	MSI败者组第一轮 (+4分)	2025-10-14 09:42:41.625076
166	40	\N	\N	4	msi	2025	2025-10-14 09:42:41.625076	MSI败者组第一轮 (+4分)	2025-10-14 09:42:41.625076
167	2	19	\N	12	summer_playoff	2025	2025-10-14 09:45:14.757937	季后赛冠军 (+12分)	2025-10-14 09:45:14.757937
168	3	19	\N	10	summer_playoff	2025	2025-10-14 09:45:14.757937	季后赛亚军 (+10分)	2025-10-14 09:45:14.757937
169	1	19	\N	8	summer_playoff	2025	2025-10-14 09:45:14.757937	季后赛季军 (+8分)	2025-10-14 09:45:14.757937
170	4	19	\N	6	summer_playoff	2025	2025-10-14 09:45:14.757937	季后赛第四名 (+6分)	2025-10-14 09:45:14.757937
171	13	19	\N	12	summer_playoff	2025	2025-10-14 09:45:31.653293	季后赛冠军 (+12分)	2025-10-14 09:45:31.653293
172	11	19	\N	10	summer_playoff	2025	2025-10-14 09:45:31.653293	季后赛亚军 (+10分)	2025-10-14 09:45:31.653293
173	12	19	\N	8	summer_playoff	2025	2025-10-14 09:45:31.653293	季后赛季军 (+8分)	2025-10-14 09:45:31.653293
174	14	19	\N	6	summer_playoff	2025	2025-10-14 09:45:31.653293	季后赛第四名 (+6分)	2025-10-14 09:45:31.653293
175	24	19	\N	12	summer_playoff	2025	2025-10-14 09:46:07.609304	季后赛冠军 (+12分)	2025-10-14 09:46:07.609304
176	21	19	\N	10	summer_playoff	2025	2025-10-14 09:46:07.609304	季后赛亚军 (+10分)	2025-10-14 09:46:07.609304
177	25	19	\N	8	summer_playoff	2025	2025-10-14 09:46:07.609304	季后赛季军 (+8分)	2025-10-14 09:46:07.609304
178	22	19	\N	6	summer_playoff	2025	2025-10-14 09:46:07.609304	季后赛第四名 (+6分)	2025-10-14 09:46:07.609304
179	31	19	\N	12	summer_playoff	2025	2025-10-14 09:46:33.111294	季后赛冠军 (+12分)	2025-10-14 09:46:33.111294
180	32	19	\N	10	summer_playoff	2025	2025-10-14 09:46:33.111294	季后赛亚军 (+10分)	2025-10-14 09:46:33.111294
181	33	19	\N	8	summer_playoff	2025	2025-10-14 09:46:33.111294	季后赛季军 (+8分)	2025-10-14 09:46:33.111294
182	40	19	\N	6	summer_playoff	2025	2025-10-14 09:46:33.111294	季后赛第四名 (+6分)	2025-10-14 09:46:33.111294
183	24	\N	\N	20	worlds	2025	2025-10-14 12:01:53.962475	世界赛冠军 (+20分)	2025-10-14 12:01:53.962475
184	31	\N	\N	16	worlds	2025	2025-10-14 12:01:53.962475	世界赛亚军 (+16分)	2025-10-14 12:01:53.962475
185	21	\N	\N	12	worlds	2025	2025-10-14 12:01:53.962475	世界赛季军 (+12分)	2025-10-14 12:01:53.962475
186	13	\N	\N	8	worlds	2025	2025-10-14 12:01:53.962475	世界赛殿军 (+8分)	2025-10-14 12:01:53.962475
187	2	\N	\N	6	worlds	2025	2025-10-14 12:01:53.962475	世界赛8强 (+6分)	2025-10-14 12:01:53.962475
188	12	\N	\N	6	worlds	2025	2025-10-14 12:01:53.962475	世界赛8强 (+6分)	2025-10-14 12:01:53.962475
189	32	\N	\N	6	worlds	2025	2025-10-14 12:01:53.962475	世界赛8强 (+6分)	2025-10-14 12:01:53.962475
190	33	\N	\N	6	worlds	2025	2025-10-14 12:01:53.962475	世界赛8强 (+6分)	2025-10-14 12:01:53.962475
191	1	\N	\N	4	worlds	2025	2025-10-14 12:01:53.962475	世界赛小组赛 (+4分)	2025-10-14 12:01:53.962475
192	25	\N	\N	4	worlds	2025	2025-10-14 12:01:53.962475	世界赛小组赛 (+4分)	2025-10-14 12:01:53.962475
193	3	\N	\N	4	worlds	2025	2025-10-14 12:01:53.962475	世界赛小组赛 (+4分)	2025-10-14 12:01:53.962475
194	11	\N	\N	4	worlds	2025	2025-10-14 12:01:53.962475	世界赛小组赛 (+4分)	2025-10-14 12:01:53.962475
\.


--
-- Data for Name: seasons; Type: TABLE DATA; Schema: public; Owner: postgres
--

COPY public.seasons (id, name, year, status, current_phase, start_date, end_date, description, created_at, updated_at, display_name, season_code) FROM stdin;
1	S1赛季	2024	completed	spring	2024-01-15	2024-11-15	\N	2025-10-11 18:41:03.407208	2025-10-14 09:04:58.340213	2024赛季	S1
7	S2赛季	2025	completed	spring	2025-10-14	2026-10-14	\N	2025-10-14 09:04:58.340213	2025-10-14 15:13:46.761897	2025赛季	S2
8	S3赛季	2026	active	spring	2025-10-14	2026-10-14	\N	2025-10-14 15:13:46.761897	2025-10-14 15:13:46.761897	2026赛季	S3
\.


--
-- Data for Name: seasons_backup; Type: TABLE DATA; Schema: public; Owner: postgres
--

COPY public.seasons_backup (id, name, year, status, current_phase, start_date, end_date, description, created_at, updated_at) FROM stdin;
1	S1	2024	active	spring_regular	2024-01-15	2024-11-15	\N	2025-10-11 18:41:03.407208	2025-10-11 18:41:03.407208
\.


--
-- Data for Name: super_brackets; Type: TABLE DATA; Schema: public; Owner: postgres
--

COPY public.super_brackets (id, season1_id, season2_id, season1_code, season2_code, season1_year, season2_year, super_year, status, qualified_teams, legendary_group, challenger_group, fighter_group, fighter_group_a, fighter_group_b, challenger_winners, challenger_losers, fighter_qualifiers, advancement_winners, prep_winners_champion, prep_losers_final_winner, championship_teams, champion, runner_up, third_place, fourth_place, championship_round2_eliminated, championship_round1_eliminated, prep_stage_eliminated, advancement_eliminated, fighter_eliminated, created_at, updated_at) FROM stdin;
1	1	7	S1	S2	2024	2025	2025	completed	[{"rank": 1, "group": "legendary", "teamId": 1, "regionId": 1, "teamName": "JD Gaming", "regionName": "中国大陆职业联赛", "season1Year": 2024, "season2Year": 2025, "totalPoints": 80, "season1Points": 42, "season2Points": 38}, {"rank": 2, "group": "legendary", "teamId": 31, "regionId": 4, "teamName": "Cloud9", "regionName": "北美冠军联赛", "season1Year": 2024, "season2Year": 2025, "totalPoints": 76, "season1Points": 16, "season2Points": 60}, {"rank": 3, "group": "legendary", "teamId": 32, "regionId": 4, "teamName": "Team Liquid", "regionName": "北美冠军联赛", "season1Year": 2024, "season2Year": 2025, "totalPoints": 74, "season1Points": 40, "season2Points": 34}, {"rank": 4, "group": "legendary", "teamId": 21, "regionId": 3, "teamName": "G2 Esports", "regionName": "欧洲冠军联赛", "season1Year": 2024, "season2Year": 2025, "totalPoints": 70, "season1Points": 32, "season2Points": 38}, {"rank": 5, "group": "challenger", "teamId": 2, "regionId": 1, "teamName": "Bilibili Gaming", "regionName": "中国大陆职业联赛", "season1Year": 2024, "season2Year": 2025, "totalPoints": 68, "season1Points": 26, "season2Points": 42}, {"rank": 6, "group": "challenger", "teamId": 13, "regionId": 2, "teamName": "DRX", "regionName": "韩国冠军联赛", "season1Year": 2024, "season2Year": 2025, "totalPoints": 60, "season1Points": 28, "season2Points": 32}, {"rank": 7, "group": "challenger", "teamId": 25, "regionId": 3, "teamName": "Rogue", "regionName": "欧洲冠军联赛", "season1Year": 2024, "season2Year": 2025, "totalPoints": 52, "season1Points": 28, "season2Points": 24}, {"rank": 8, "group": "challenger", "teamId": 14, "regionId": 2, "teamName": "KT Rolster", "regionName": "韩国冠军联赛", "season1Year": 2024, "season2Year": 2025, "totalPoints": 50, "season1Points": 32, "season2Points": 18}, {"rank": 9, "group": "fighter", "teamId": 22, "regionId": 3, "teamName": "Fnatic", "regionName": "欧洲冠军联赛", "season1Year": 2024, "season2Year": 2025, "totalPoints": 50, "season1Points": 36, "season2Points": 14, "fighterSubGroup": "A"}, {"rank": 10, "group": "fighter", "teamId": 33, "regionId": 4, "teamName": "100 Thieves", "regionName": "北美冠军联赛", "season1Year": 2024, "season2Year": 2025, "totalPoints": 48, "season1Points": 34, "season2Points": 14, "fighterSubGroup": "A"}, {"rank": 11, "group": "fighter", "teamId": 11, "regionId": 2, "teamName": "T1", "regionName": "韩国冠军联赛", "season1Year": 2024, "season2Year": 2025, "totalPoints": 44, "season1Points": 14, "season2Points": 30, "fighterSubGroup": "A"}, {"rank": 12, "group": "fighter", "teamId": 12, "regionId": 2, "teamName": "Gen.G", "regionName": "韩国冠军联赛", "season1Year": 2024, "season2Year": 2025, "totalPoints": 42, "season1Points": 28, "season2Points": 14, "fighterSubGroup": "A"}, {"rank": 13, "group": "fighter", "teamId": 4, "regionId": 1, "teamName": "Weibo Gaming", "regionName": "中国大陆职业联赛", "season1Year": 2024, "season2Year": 2025, "totalPoints": 40, "season1Points": 28, "season2Points": 12, "fighterSubGroup": "B"}, {"rank": 14, "group": "fighter", "teamId": 24, "regionId": 3, "teamName": "Team Vitality", "regionName": "欧洲冠军联赛", "season1Year": 2024, "season2Year": 2025, "totalPoints": 32, "season1Points": 0, "season2Points": 32, "fighterSubGroup": "B"}, {"rank": 15, "group": "fighter", "teamId": 3, "regionId": 1, "teamName": "Top Esports", "regionName": "中国大陆职业联赛", "season1Year": 2024, "season2Year": 2025, "totalPoints": 28, "season1Points": 6, "season2Points": 22, "fighterSubGroup": "B"}, {"rank": 16, "group": "fighter", "teamId": 35, "regionId": 4, "teamName": "FlyQuest", "regionName": "北美冠军联赛", "season1Year": 2024, "season2Year": 2025, "totalPoints": 28, "season1Points": 22, "season2Points": 6, "fighterSubGroup": "B"}]	[{"rank": 1, "group": "legendary", "teamId": 1, "regionId": 1, "teamName": "JD Gaming", "regionName": "中国大陆职业联赛", "season1Year": 2024, "season2Year": 2025, "totalPoints": 80, "season1Points": 42, "season2Points": 38}, {"rank": 2, "group": "legendary", "teamId": 31, "regionId": 4, "teamName": "Cloud9", "regionName": "北美冠军联赛", "season1Year": 2024, "season2Year": 2025, "totalPoints": 76, "season1Points": 16, "season2Points": 60}, {"rank": 3, "group": "legendary", "teamId": 32, "regionId": 4, "teamName": "Team Liquid", "regionName": "北美冠军联赛", "season1Year": 2024, "season2Year": 2025, "totalPoints": 74, "season1Points": 40, "season2Points": 34}, {"rank": 4, "group": "legendary", "teamId": 21, "regionId": 3, "teamName": "G2 Esports", "regionName": "欧洲冠军联赛", "season1Year": 2024, "season2Year": 2025, "totalPoints": 70, "season1Points": 32, "season2Points": 38}]	[{"rank": 5, "group": "challenger", "teamId": 2, "regionId": 1, "teamName": "Bilibili Gaming", "regionName": "中国大陆职业联赛", "season1Year": 2024, "season2Year": 2025, "totalPoints": 68, "season1Points": 26, "season2Points": 42}, {"rank": 6, "group": "challenger", "teamId": 13, "regionId": 2, "teamName": "DRX", "regionName": "韩国冠军联赛", "season1Year": 2024, "season2Year": 2025, "totalPoints": 60, "season1Points": 28, "season2Points": 32}, {"rank": 7, "group": "challenger", "teamId": 25, "regionId": 3, "teamName": "Rogue", "regionName": "欧洲冠军联赛", "season1Year": 2024, "season2Year": 2025, "totalPoints": 52, "season1Points": 28, "season2Points": 24}, {"rank": 8, "group": "challenger", "teamId": 14, "regionId": 2, "teamName": "KT Rolster", "regionName": "韩国冠军联赛", "season1Year": 2024, "season2Year": 2025, "totalPoints": 50, "season1Points": 32, "season2Points": 18}]	[{"rank": 9, "group": "fighter", "teamId": 22, "regionId": 3, "teamName": "Fnatic", "regionName": "欧洲冠军联赛", "season1Year": 2024, "season2Year": 2025, "totalPoints": 50, "season1Points": 36, "season2Points": 14, "fighterSubGroup": "A"}, {"rank": 10, "group": "fighter", "teamId": 33, "regionId": 4, "teamName": "100 Thieves", "regionName": "北美冠军联赛", "season1Year": 2024, "season2Year": 2025, "totalPoints": 48, "season1Points": 34, "season2Points": 14, "fighterSubGroup": "A"}, {"rank": 11, "group": "fighter", "teamId": 11, "regionId": 2, "teamName": "T1", "regionName": "韩国冠军联赛", "season1Year": 2024, "season2Year": 2025, "totalPoints": 44, "season1Points": 14, "season2Points": 30, "fighterSubGroup": "A"}, {"rank": 12, "group": "fighter", "teamId": 12, "regionId": 2, "teamName": "Gen.G", "regionName": "韩国冠军联赛", "season1Year": 2024, "season2Year": 2025, "totalPoints": 42, "season1Points": 28, "season2Points": 14, "fighterSubGroup": "A"}, {"rank": 13, "group": "fighter", "teamId": 4, "regionId": 1, "teamName": "Weibo Gaming", "regionName": "中国大陆职业联赛", "season1Year": 2024, "season2Year": 2025, "totalPoints": 40, "season1Points": 28, "season2Points": 12, "fighterSubGroup": "B"}, {"rank": 14, "group": "fighter", "teamId": 24, "regionId": 3, "teamName": "Team Vitality", "regionName": "欧洲冠军联赛", "season1Year": 2024, "season2Year": 2025, "totalPoints": 32, "season1Points": 0, "season2Points": 32, "fighterSubGroup": "B"}, {"rank": 15, "group": "fighter", "teamId": 3, "regionId": 1, "teamName": "Top Esports", "regionName": "中国大陆职业联赛", "season1Year": 2024, "season2Year": 2025, "totalPoints": 28, "season1Points": 6, "season2Points": 22, "fighterSubGroup": "B"}, {"rank": 16, "group": "fighter", "teamId": 35, "regionId": 4, "teamName": "FlyQuest", "regionName": "北美冠军联赛", "season1Year": 2024, "season2Year": 2025, "totalPoints": 28, "season1Points": 22, "season2Points": 6, "fighterSubGroup": "B"}]	[{"rank": 9, "group": "fighter", "teamId": 22, "regionId": 3, "teamName": "Fnatic", "regionName": "欧洲冠军联赛", "season1Year": 2024, "season2Year": 2025, "totalPoints": 50, "season1Points": 36, "season2Points": 14, "fighterSubGroup": "A"}, {"rank": 10, "group": "fighter", "teamId": 33, "regionId": 4, "teamName": "100 Thieves", "regionName": "北美冠军联赛", "season1Year": 2024, "season2Year": 2025, "totalPoints": 48, "season1Points": 34, "season2Points": 14, "fighterSubGroup": "A"}, {"rank": 11, "group": "fighter", "teamId": 11, "regionId": 2, "teamName": "T1", "regionName": "韩国冠军联赛", "season1Year": 2024, "season2Year": 2025, "totalPoints": 44, "season1Points": 14, "season2Points": 30, "fighterSubGroup": "A"}, {"rank": 12, "group": "fighter", "teamId": 12, "regionId": 2, "teamName": "Gen.G", "regionName": "韩国冠军联赛", "season1Year": 2024, "season2Year": 2025, "totalPoints": 42, "season1Points": 28, "season2Points": 14, "fighterSubGroup": "A"}]	[{"rank": 13, "group": "fighter", "teamId": 4, "regionId": 1, "teamName": "Weibo Gaming", "regionName": "中国大陆职业联赛", "season1Year": 2024, "season2Year": 2025, "totalPoints": 40, "season1Points": 28, "season2Points": 12, "fighterSubGroup": "B"}, {"rank": 14, "group": "fighter", "teamId": 24, "regionId": 3, "teamName": "Team Vitality", "regionName": "欧洲冠军联赛", "season1Year": 2024, "season2Year": 2025, "totalPoints": 32, "season1Points": 0, "season2Points": 32, "fighterSubGroup": "B"}, {"rank": 15, "group": "fighter", "teamId": 3, "regionId": 1, "teamName": "Top Esports", "regionName": "中国大陆职业联赛", "season1Year": 2024, "season2Year": 2025, "totalPoints": 28, "season1Points": 6, "season2Points": 22, "fighterSubGroup": "B"}, {"rank": 16, "group": "fighter", "teamId": 35, "regionId": 4, "teamName": "FlyQuest", "regionName": "北美冠军联赛", "season1Year": 2024, "season2Year": 2025, "totalPoints": 28, "season1Points": 22, "season2Points": 6, "fighterSubGroup": "B"}]	[{"from": "挑战者5", "teamId": 13, "teamName": "DRX"}, {"from": "挑战者7", "teamId": 14, "teamName": "KT Rolster"}]	[{"teamId": 2, "teamName": "Bilibili Gaming"}, {"teamId": 25, "teamName": "Rogue"}]	[{"from": "Fighter A组冠军", "teamId": 33, "teamName": "100 Thieves"}, {"from": "Fighter B组冠军", "teamId": 4, "teamName": "Weibo Gaming"}]	[{"from": "晋级赛1", "teamId": 2, "teamName": "Bilibili Gaming"}, {"from": "晋级赛2", "teamId": 25, "teamName": "Rogue"}]	{"from": "预备战胜者组冠军", "teamId": 14, "teamName": "KT Rolster"}	{"from": "败者组决赛胜者", "teamId": 13, "teamName": "DRX"}	\N	{"teamId": 8, "teamName": "DRX"}	{"teamId": 16, "teamName": "KT Rolster"}	{"teamId": 4, "teamName": "Cloud9"}	{"teamId": 13, "teamName": "JD Gaming"}	\N	\N	\N	\N	\N	2025-10-14 14:44:40.221493+08	2025-10-14 14:49:50.076832+08
\.


--
-- Data for Name: super_fighter_standings; Type: TABLE DATA; Schema: public; Owner: postgres
--

COPY public.super_fighter_standings (id, super_id, team_id, team_name, region_name, group_name, matches_played, wins, losses, record, "position", qualified, created_at, updated_at) FROM stdin;
2	1	33	100 Thieves	北美冠军联赛	A	3	2	1	2-1	1	t	2025-10-14 14:44:40.221493+08	2025-10-14 14:45:06.442081+08
4	1	12	Gen.G	韩国冠军联赛	A	3	2	1	2-1	2	f	2025-10-14 14:44:40.221493+08	2025-10-14 14:45:06.442081+08
1	1	22	Fnatic	欧洲冠军联赛	A	3	1	2	1-2	3	f	2025-10-14 14:44:40.221493+08	2025-10-14 14:45:06.442081+08
3	1	11	T1	韩国冠军联赛	A	3	1	2	1-2	4	f	2025-10-14 14:44:40.221493+08	2025-10-14 14:45:06.442081+08
5	1	4	Weibo Gaming	中国大陆职业联赛	B	3	3	0	3-0	1	t	2025-10-14 14:44:40.221493+08	2025-10-14 14:45:06.442081+08
8	1	35	FlyQuest	北美冠军联赛	B	3	2	1	2-1	2	f	2025-10-14 14:44:40.221493+08	2025-10-14 14:45:06.442081+08
7	1	3	Top Esports	中国大陆职业联赛	B	3	1	2	1-2	3	f	2025-10-14 14:44:40.221493+08	2025-10-14 14:45:06.442081+08
6	1	24	Team Vitality	欧洲冠军联赛	B	3	0	3	0-3	4	f	2025-10-14 14:44:40.221493+08	2025-10-14 14:45:06.442081+08
\.


--
-- Data for Name: super_matches; Type: TABLE DATA; Schema: public; Owner: postgres
--

COPY public.super_matches (id, super_id, match_number, match_type, stage, best_of, bracket_type, group_name, team_a_id, team_b_id, team_a_name, team_b_name, score_a, score_b, winner_id, winner_name, status, next_match_id, loser_next_match_id, scheduled_at, started_at, completed_at, created_at, updated_at) FROM stdin;
1	1	1	fighter_group_a	fighter_group	1	\N	Fighter A组	22	33	Fnatic	100 Thieves	1	0	22	Fnatic	completed	\N	\N	\N	\N	2025-10-14 14:44:48.478936+08	2025-10-14 14:44:40.221493+08	2025-10-14 14:44:48.478936+08
2	1	2	fighter_group_a	fighter_group	1	\N	Fighter A组	22	11	Fnatic	T1	0	1	11	T1	completed	\N	\N	\N	\N	2025-10-14 14:44:49.791302+08	2025-10-14 14:44:40.221493+08	2025-10-14 14:44:49.791302+08
3	1	3	fighter_group_a	fighter_group	1	\N	Fighter A组	22	12	Fnatic	Gen.G	0	1	12	Gen.G	completed	\N	\N	\N	\N	2025-10-14 14:44:51.17526+08	2025-10-14 14:44:40.221493+08	2025-10-14 14:44:51.17526+08
4	1	4	fighter_group_a	fighter_group	1	\N	Fighter A组	33	11	100 Thieves	T1	1	0	33	100 Thieves	completed	\N	\N	\N	\N	2025-10-14 14:44:52.315654+08	2025-10-14 14:44:40.221493+08	2025-10-14 14:44:52.315654+08
5	1	5	fighter_group_a	fighter_group	1	\N	Fighter A组	33	12	100 Thieves	Gen.G	1	0	33	100 Thieves	completed	\N	\N	\N	\N	2025-10-14 14:44:53.328414+08	2025-10-14 14:44:40.221493+08	2025-10-14 14:44:53.328414+08
6	1	6	fighter_group_a	fighter_group	1	\N	Fighter A组	11	12	T1	Gen.G	0	1	12	Gen.G	completed	\N	\N	\N	\N	2025-10-14 14:44:54.544242+08	2025-10-14 14:44:40.221493+08	2025-10-14 14:44:54.544242+08
7	1	7	fighter_group_b	fighter_group	1	\N	Fighter B组	4	24	Weibo Gaming	Team Vitality	1	0	4	Weibo Gaming	completed	\N	\N	\N	\N	2025-10-14 14:45:01.369197+08	2025-10-14 14:44:40.221493+08	2025-10-14 14:45:01.369197+08
8	1	8	fighter_group_b	fighter_group	1	\N	Fighter B组	4	3	Weibo Gaming	Top Esports	1	0	4	Weibo Gaming	completed	\N	\N	\N	\N	2025-10-14 14:45:02.611691+08	2025-10-14 14:44:40.221493+08	2025-10-14 14:45:02.611691+08
9	1	9	fighter_group_b	fighter_group	1	\N	Fighter B组	4	35	Weibo Gaming	FlyQuest	1	0	4	Weibo Gaming	completed	\N	\N	\N	\N	2025-10-14 14:45:03.666063+08	2025-10-14 14:44:40.221493+08	2025-10-14 14:45:03.666063+08
10	1	10	fighter_group_b	fighter_group	1	\N	Fighter B组	24	3	Team Vitality	Top Esports	0	1	3	Top Esports	completed	\N	\N	\N	\N	2025-10-14 14:45:04.434877+08	2025-10-14 14:44:40.221493+08	2025-10-14 14:45:04.434877+08
11	1	11	fighter_group_b	fighter_group	1	\N	Fighter B组	24	35	Team Vitality	FlyQuest	0	1	35	FlyQuest	completed	\N	\N	\N	\N	2025-10-14 14:45:05.419001+08	2025-10-14 14:44:40.221493+08	2025-10-14 14:45:05.419001+08
12	1	12	fighter_group_b	fighter_group	1	\N	Fighter B组	3	35	Top Esports	FlyQuest	0	1	35	FlyQuest	completed	\N	\N	\N	\N	2025-10-14 14:45:06.442081+08	2025-10-14 14:44:40.221493+08	2025-10-14 14:45:06.442081+08
13	1	13	challenger_positioning_1	challenger_stage	5	\N	挑战者定位赛1	2	13	Bilibili Gaming	DRX	0	3	13	DRX	completed	\N	\N	\N	\N	2025-10-14 14:45:13.28732+08	2025-10-14 14:45:10.619376+08	2025-10-14 14:45:13.28732+08
14	1	14	challenger_positioning_2	challenger_stage	5	\N	挑战者定位赛2	25	14	Rogue	KT Rolster	2	3	14	KT Rolster	completed	\N	\N	\N	\N	2025-10-14 14:45:13.970326+08	2025-10-14 14:45:10.619376+08	2025-10-14 14:45:13.970326+08
15	1	15	advancement_match_1	challenger_stage	5	\N	晋级赛1	2	33	Bilibili Gaming	100 Thieves	3	2	2	Bilibili Gaming	completed	\N	\N	\N	\N	2025-10-14 14:45:15.748075+08	2025-10-14 14:45:13.970326+08	2025-10-14 14:45:15.748075+08
16	1	16	advancement_match_2	challenger_stage	5	\N	晋级赛2	25	4	Rogue	Weibo Gaming	3	0	25	Rogue	completed	\N	\N	\N	\N	2025-10-14 14:45:16.548496+08	2025-10-14 14:45:13.970326+08	2025-10-14 14:45:16.548496+08
17	1	17	prep_winners_match	preparation_stage	5	\N	预备战胜者组	13	14	DRX	KT Rolster	0	3	14	KT Rolster	completed	\N	\N	\N	\N	2025-10-14 14:45:22.055177+08	2025-10-14 14:45:20.41651+08	2025-10-14 14:45:22.055177+08
18	1	18	prep_losers_match	preparation_stage	5	\N	预备战败者组	2	25	Bilibili Gaming	Rogue	2	3	25	Rogue	completed	\N	\N	\N	\N	2025-10-14 14:45:22.962738+08	2025-10-14 14:45:20.41651+08	2025-10-14 14:45:22.962738+08
19	1	19	prep_losers_final	preparation_stage	5	\N	败者组决赛	13	25	DRX	Rogue	3	2	13	DRX	completed	\N	\N	\N	\N	2025-10-14 14:45:24.446916+08	2025-10-14 14:45:22.962738+08	2025-10-14 14:45:24.446916+08
20	1	23	championship_r1_1	championship_stage	5	\N	冠军赛首轮1	21	14	G2 Esports	KT Rolster	2	3	14	KT Rolster	completed	\N	\N	\N	\N	2025-10-14 14:45:29.396964+08	2025-10-14 14:45:27.042364+08	2025-10-14 14:45:29.396964+08
21	1	24	championship_r1_2	championship_stage	5	\N	冠军赛首轮2	32	13	Team Liquid	DRX	2	3	13	DRX	completed	\N	\N	\N	\N	2025-10-14 14:45:30.550732+08	2025-10-14 14:45:27.042364+08	2025-10-14 14:45:30.550732+08
22	1	25	championship_r2_1	championship_stage	5	\N	冠军赛次轮1	14	1	KT Rolster	JD Gaming	3	0	14	KT Rolster	completed	\N	\N	\N	\N	2025-10-14 14:45:32.60984+08	2025-10-14 14:45:30.550732+08	2025-10-14 14:45:32.60984+08
23	1	26	championship_r2_2	championship_stage	5	\N	冠军赛次轮2	13	31	DRX	Cloud9	3	1	13	DRX	completed	\N	\N	\N	\N	2025-10-14 14:45:33.64235+08	2025-10-14 14:45:30.550732+08	2025-10-14 14:45:33.64235+08
24	1	27	third_place_match	championship_stage	5	\N	季军加赛	1	31	JD Gaming	Cloud9	1	3	31	Cloud9	completed	\N	\N	\N	\N	2025-10-14 14:48:22.35538+08	2025-10-14 14:45:33.64235+08	2025-10-14 14:48:22.35538+08
25	1	28	grand_final	championship_stage	5	\N	总决赛	14	13	KT Rolster	DRX	1	3	13	DRX	completed	\N	\N	\N	\N	2025-10-14 14:48:23.231048+08	2025-10-14 14:45:33.64235+08	2025-10-14 14:48:23.231048+08
\.


--
-- Data for Name: super_rounds; Type: TABLE DATA; Schema: public; Owner: postgres
--

COPY public.super_rounds (id, super_id, round_number, round_name, stage, status, start_date, end_date, created_at, updated_at) FROM stdin;
1	1	1	Fighter组预选赛	fighter_group	pending	\N	\N	2025-10-14 14:44:40.221493+08	2025-10-14 14:44:40.221493+08
2	1	2	挑战者组阶段	challenger_stage	pending	\N	\N	2025-10-14 14:45:10.619376+08	2025-10-14 14:45:10.619376+08
3	1	3	预备战阶段	preparation_stage	pending	\N	\N	2025-10-14 14:45:20.41651+08	2025-10-14 14:45:20.41651+08
4	1	4	冠军赛阶段	championship_stage	pending	\N	\N	2025-10-14 14:45:27.042364+08	2025-10-14 14:45:27.042364+08
\.


--
-- Data for Name: team_statistics; Type: TABLE DATA; Schema: public; Owner: postgres
--

COPY public.team_statistics (id, team_id, season_year, total_points, spring_points, msi_points, summer_points, worlds_points, current_ranking, peak_ranking, matches_played, wins, losses, win_rate, last_updated, playoff_points) FROM stdin;
32	32	2024	40	0	0	0	20	\N	\N	0	0	0	0.00	2025-10-14 09:03:11.34856	20
1	1	2024	42	0	6	0	16	\N	\N	0	0	0	0.00	2025-10-14 09:03:11.34856	20
12	12	2024	28	0	0	0	6	\N	\N	0	0	0	0.00	2025-10-14 09:03:11.34856	22
21	21	2024	32	0	4	0	6	\N	\N	0	0	0	0.00	2025-10-14 09:03:11.34856	22
22	22	2024	36	0	12	0	4	\N	\N	0	0	0	0.00	2025-10-14 09:03:11.34856	20
44	4	2025	12	0	0	0	0	\N	\N	0	0	0	0.00	2025-10-14 09:45:14.757937	12
11	11	2024	14	0	0	0	4	\N	\N	0	0	0	0.00	2025-10-14 09:03:11.34856	10
38	38	2024	6	0	0	0	0	\N	\N	0	0	0	0.00	2025-10-14 08:38:44.078135	6
4	4	2024	28	0	16	0	0	\N	\N	0	0	0	0.00	2025-10-14 08:40:27.773091	12
51	22	2025	14	0	0	0	0	\N	\N	0	0	0	0.00	2025-10-14 09:46:07.609304	14
3	3	2024	6	0	0	0	0	\N	\N	0	0	0	0.00	2025-10-14 08:43:56.787169	6
50	21	2025	38	0	6	0	12	\N	\N	0	0	0	0.00	2025-10-14 12:01:53.962475	20
41	2	2025	42	0	12	0	6	\N	\N	0	0	0	0.00	2025-10-14 12:01:53.962475	24
24	24	2024	0	0	0	0	0	\N	\N	0	0	0	0.00	2025-10-14 01:37:53.872834	0
57	12	2025	14	0	0	0	6	\N	\N	0	0	0	0.00	2025-10-14 12:01:53.962475	8
18	18	2024	0	0	0	0	0	\N	\N	0	0	0	0.00	2025-10-14 01:37:53.872834	0
10	10	2024	0	0	0	0	0	\N	\N	0	0	0	0.00	2025-10-14 01:37:53.872834	0
40	40	2024	0	0	0	0	0	\N	\N	0	0	0	0.00	2025-10-14 01:37:53.872834	0
20	20	2024	0	0	0	0	0	\N	\N	0	0	0	0.00	2025-10-14 01:37:53.872834	0
9	9	2024	0	0	0	0	0	\N	\N	0	0	0	0.00	2025-10-14 01:37:53.872834	0
59	33	2025	14	0	0	0	6	\N	\N	0	0	0	0.00	2025-10-14 12:01:53.962475	8
42	1	2025	38	0	16	0	4	\N	\N	0	0	0	0.00	2025-10-14 12:01:53.962475	18
52	23	2025	6	0	0	0	0	\N	\N	0	0	0	0.00	2025-10-14 09:25:06.643582	6
23	23	2024	12	0	0	0	0	\N	\N	0	0	0	0.00	2025-10-14 08:44:25.351944	12
49	25	2025	24	0	0	0	4	\N	\N	0	0	0	0.00	2025-10-14 12:01:53.962475	20
43	3	2025	22	0	0	0	4	\N	\N	0	0	0	0.00	2025-10-14 12:01:53.962475	18
47	14	2025	18	0	4	0	0	\N	\N	0	0	0	0.00	2025-10-14 09:45:31.653293	14
31	31	2024	16	0	0	0	0	\N	\N	0	0	0	0.00	2025-10-14 08:44:48.702668	16
35	35	2024	22	0	0	0	12	\N	\N	0	0	0	0.00	2025-10-14 09:03:11.34856	10
13	13	2024	28	0	4	0	8	\N	\N	0	0	0	0.00	2025-10-14 09:03:11.34856	16
2	2	2024	26	0	0	0	6	\N	\N	0	0	0	0.00	2025-10-14 09:03:11.34856	20
33	33	2024	34	0	8	0	6	\N	\N	0	0	0	0.00	2025-10-14 09:03:11.34856	20
25	25	2024	28	0	6	0	4	\N	\N	0	0	0	0.00	2025-10-14 09:03:11.34856	18
5	5	2024	18	0	0	0	4	\N	\N	0	0	0	0.00	2025-10-14 09:03:11.34856	14
55	40	2025	18	0	4	0	0	\N	\N	0	0	0	0.00	2025-10-14 09:46:33.111294	14
58	24	2025	32	0	0	0	20	\N	\N	0	0	0	0.00	2025-10-14 12:01:53.962475	12
14	14	2024	32	0	20	0	0	\N	\N	0	0	0	0.00	2025-10-14 08:40:27.773091	12
53	31	2025	60	0	20	0	16	\N	\N	0	0	0	0.00	2025-10-14 12:01:53.962475	24
45	13	2025	32	0	0	0	8	\N	\N	0	0	0	0.00	2025-10-14 12:01:53.962475	24
54	32	2025	34	0	8	0	6	\N	\N	0	0	0	0.00	2025-10-14 12:01:53.962475	20
48	15	2025	6	0	0	0	0	\N	\N	0	0	0	0.00	2025-10-14 09:24:25.893923	6
46	11	2025	30	0	6	0	4	\N	\N	0	0	0	0.00	2025-10-14 12:01:53.962475	20
15	15	2024	12	0	0	0	0	\N	\N	0	0	0	0.00	2025-10-14 08:44:13.55433	12
56	35	2025	6	0	0	0	0	\N	\N	0	0	0	0.00	2025-10-14 09:25:26.477138	6
28	28	2024	0	0	0	0	0	\N	\N	0	0	0	0.00	2025-10-14 01:37:53.872834	0
39	39	2024	0	0	0	0	0	\N	\N	0	0	0	0.00	2025-10-14 01:37:53.872834	0
6	6	2024	0	0	0	0	0	\N	\N	0	0	0	0.00	2025-10-14 01:37:53.872834	0
7	7	2024	0	0	0	0	0	\N	\N	0	0	0	0.00	2025-10-14 01:37:53.872834	0
8	8	2024	0	0	0	0	0	\N	\N	0	0	0	0.00	2025-10-14 01:37:53.872834	0
27	27	2024	0	0	0	0	0	\N	\N	0	0	0	0.00	2025-10-14 01:37:53.872834	0
19	19	2024	0	0	0	0	0	\N	\N	0	0	0	0.00	2025-10-14 01:37:53.872834	0
16	16	2024	0	0	0	0	0	\N	\N	0	0	0	0.00	2025-10-14 01:37:53.872834	0
17	17	2024	0	0	0	0	0	\N	\N	0	0	0	0.00	2025-10-14 01:37:53.872834	0
26	26	2024	0	0	0	0	0	\N	\N	0	0	0	0.00	2025-10-14 01:37:53.872834	0
29	29	2024	0	0	0	0	0	\N	\N	0	0	0	0.00	2025-10-14 01:37:53.872834	0
30	30	2024	0	0	0	0	0	\N	\N	0	0	0	0.00	2025-10-14 01:37:53.872834	0
36	36	2024	0	0	0	0	0	\N	\N	0	0	0	0.00	2025-10-14 01:37:53.872834	0
37	37	2024	0	0	0	0	0	\N	\N	0	0	0	0.00	2025-10-14 01:37:53.872834	0
34	34	2024	0	0	0	0	0	\N	\N	0	0	0	0.00	2025-10-14 01:37:53.872834	0
\.


--
-- Data for Name: teams; Type: TABLE DATA; Schema: public; Owner: postgres
--

COPY public.teams (id, name, short_name, region_id, power_rating, founded_date, logo_url, is_active, total_matches, total_wins, total_losses, net_round_difference, created_at, updated_at) FROM stdin;
19	Nongshim RedForce	NS	2	66	2020-11-17	\N	t	86	25	61	-66	2025-10-11 18:41:03.404388	2025-10-14 09:44:05.481144
18	Kwangdong Freecs	KDF	2	69	2016-11-30	\N	t	86	29	57	-56	2025-10-11 18:41:03.404388	2025-10-14 09:44:05.489814
17	Liiv SANDBOX	LSB	2	72	2018-11-13	\N	t	86	34	52	-32	2025-10-11 18:41:03.404388	2025-10-14 09:44:05.500247
12	Gen.G	GEN	2	87	2017-01-11	\N	t	86	64	22	74	2025-10-11 18:41:03.404388	2025-10-14 09:44:05.500247
16	DWG KIA	DK	2	75	2017-02-14	\N	t	86	38	48	-17	2025-10-11 18:41:03.404388	2025-10-14 09:44:05.512714
13	DRX	DRX	2	84	2019-11-18	\N	t	86	61	25	72	2025-10-11 18:41:03.404388	2025-10-14 09:44:05.512714
15	Hanwha Life Esports	HLE	2	78	2016-12-01	\N	t	86	50	36	23	2025-10-11 18:41:03.404388	2025-10-14 09:44:05.523135
14	KT Rolster	KT	2	81	2012-06-08	\N	t	86	54	32	35	2025-10-11 18:41:03.404388	2025-10-14 09:44:05.523135
10	Ninjas in Pyjamas	NIP	1	65	2021-11-26	\N	t	86	18	68	-94	2025-10-11 18:41:03.402322	2025-10-14 09:44:05.538622
28	SK Gaming	SK	3	62	1997-10-01	\N	t	86	26	60	-55	2025-10-11 18:41:03.404702	2025-10-14 09:44:05.554241
21	G2 Esports	G2	3	83	2013-02-24	\N	t	86	63	23	77	2025-10-11 18:41:03.404702	2025-10-14 09:44:05.554241
27	Excel Esports	XL	3	65	2014-08-01	\N	t	86	29	57	-47	2025-10-11 18:41:03.404702	2025-10-14 09:44:05.568259
26	Team BDS	BDS	3	68	2021-01-15	\N	t	86	50	36	20	2025-10-11 18:41:03.404702	2025-10-14 09:44:05.586969
23	MAD Lions	MAD	3	77	2017-02-08	\N	t	86	56	30	42	2025-10-11 18:41:03.404702	2025-10-14 09:44:05.586969
25	Rogue	RGE	3	71	2016-12-07	\N	t	86	46	40	14	2025-10-11 18:41:03.404702	2025-10-14 09:44:05.600332
24	Team Vitality	VIT	3	74	2013-09-12	\N	t	86	52	34	29	2025-10-11 18:41:03.404702	2025-10-14 09:44:05.600332
30	GIANTX	GX	3	56	2022-12-01	\N	t	86	18	68	-96	2025-10-11 18:41:03.404702	2025-10-14 09:44:05.612022
1	JD Gaming	JDG	1	88	2017-05-20	\N	t	86	68	18	87	2025-10-11 18:41:03.402322	2025-10-14 09:44:05.61871
8	Royal Never Give Up	RNG	1	70	2012-05-15	\N	t	86	29	57	-49	2025-10-11 18:41:03.402322	2025-10-14 09:44:05.61871
5	Invictus Gaming	IG	1	76	2011-08-02	\N	t	86	46	40	22	2025-10-11 18:41:03.402322	2025-10-14 09:44:05.656398
4	Weibo Gaming	WBG	1	79	2020-11-26	\N	t	86	54	32	36	2025-10-11 18:41:03.402322	2025-10-14 09:44:05.656398
38	Dignitas	DIG	4	60	2003-09-01	\N	t	86	33	53	-37	2025-10-11 18:41:03.405476	2025-10-14 09:44:05.406895
39	Immortals	IMT	4	57	2015-09-04	\N	t	86	11	75	-108	2025-10-11 18:41:03.405476	2025-10-14 09:44:05.406895
31	Cloud9	C9	4	81	2013-04-20	\N	t	86	63	23	67	2025-10-11 18:41:03.405476	2025-10-14 09:44:05.439783
37	Shopify Rebellion	SR	4	63	2022-01-01	\N	t	86	30	56	-40	2025-10-11 18:41:03.405476	2025-10-14 09:44:05.439783
32	Team Liquid	TL	4	78	2015-01-07	\N	t	86	63	23	66	2025-10-11 18:41:03.405476	2025-10-14 09:44:05.450576
36	NRG	NRG	4	66	2015-05-12	\N	t	86	40	46	-11	2025-10-11 18:41:03.405476	2025-10-14 09:44:05.450576
33	100 Thieves	100T	4	75	2017-11-02	\N	t	86	57	29	42	2025-10-11 18:41:03.405476	2025-10-14 09:44:05.459195
35	FlyQuest	FLY	4	69	2017-11-27	\N	t	86	45	41	12	2025-10-11 18:41:03.405476	2025-10-14 09:44:05.459195
40	CLG	CLG	4	72	2010-04-18	\N	t	86	44	42	11	2025-10-11 18:41:03.405476	2025-10-14 09:44:05.468342
34	TSM	TSM	4	72	2009-09-21	\N	t	86	44	42	-2	2025-10-11 18:41:03.405476	2025-10-14 09:44:05.468342
20	OK Savings Bank BRION	BRO	2	63	2021-11-19	\N	t	86	13	73	-99	2025-10-11 18:41:03.404388	2025-10-14 09:44:05.481144
11	T1	T1	2	90	2013-02-21	\N	t	86	62	24	66	2025-10-11 18:41:03.404388	2025-10-14 09:44:05.489814
9	LNG Esports	LNG	1	68	2019-01-01	\N	t	86	30	56	-42	2025-10-11 18:41:03.402322	2025-10-14 09:44:05.538622
22	Fnatic	FNC	3	80	2011-07-23	\N	t	86	64	22	73	2025-10-11 18:41:03.404702	2025-10-14 09:44:05.568259
29	Team Heretics	TH	3	59	2016-06-15	\N	t	86	26	60	-57	2025-10-11 18:41:03.404702	2025-10-14 09:44:05.612022
7	EDward Gaming	EDG	1	72	2013-09-13	\N	t	86	33	53	-40	2025-10-11 18:41:03.402322	2025-10-14 09:44:05.631794
2	Bilibili Gaming	BLG	1	85	2017-12-21	\N	t	86	63	23	71	2025-10-11 18:41:03.402322	2025-10-14 09:44:05.631794
6	FunPlus Phoenix	FPX	1	74	2017-12-21	\N	t	86	35	51	-23	2025-10-11 18:41:03.402322	2025-10-14 09:44:05.646243
3	Top Esports	TES	1	82	2019-11-26	\N	t	86	54	32	32	2025-10-11 18:41:03.402322	2025-10-14 09:44:05.646243
\.


--
-- Data for Name: worlds_brackets; Type: TABLE DATA; Schema: public; Owner: postgres
--

COPY public.worlds_brackets (id, season_id, season_year, status, play_in_teams, champion_id, runner_up_id, third_place_id, fourth_place_id, quarter_finalists, group_stage_teams, points_distribution, created_at, updated_at) FROM stdin;
3	S1	2024	completed	[{"seed": 1, "wins": 13, "losses": 5, "teamId": "2", "regionId": "1", "teamName": "Bilibili Gaming", "regionName": "中国大陆职业联赛", "quarterSlot": 1, "directToKnockout": true, "regularSeasonRank": 2, "summerPlayoffRank": 1, "regularSeasonPoints": 37, "summerPlayoffPoints": 12}, {"seed": 1, "wins": 12, "losses": 6, "teamId": "12", "regionId": "2", "teamName": "Gen.G", "regionName": "韩国冠军联赛", "quarterSlot": 2, "directToKnockout": true, "regularSeasonRank": 3, "summerPlayoffRank": 1, "regularSeasonPoints": 37, "summerPlayoffPoints": 12}, {"seed": 1, "wins": 13, "losses": 5, "teamId": "21", "regionId": "3", "teamName": "G2 Esports", "regionName": "欧洲冠军联赛", "quarterSlot": 3, "directToKnockout": true, "regularSeasonRank": 1, "summerPlayoffRank": 1, "regularSeasonPoints": 39, "summerPlayoffPoints": 12}, {"seed": 1, "wins": 14, "losses": 4, "teamId": "32", "regionId": "4", "teamName": "Team Liquid", "regionName": "北美冠军联赛", "quarterSlot": 4, "directToKnockout": true, "regularSeasonRank": 1, "summerPlayoffRank": 1, "regularSeasonPoints": 36, "summerPlayoffPoints": 12}, {"seed": 2, "wins": 14, "losses": 4, "teamId": "1", "regionId": "1", "teamName": "JD Gaming", "regionName": "中国大陆职业联赛", "directToKnockout": false, "regularSeasonRank": 1, "summerPlayoffRank": 2, "regularSeasonPoints": 41, "summerPlayoffPoints": 10}, {"seed": 3, "wins": 12, "losses": 6, "teamId": "5", "regionId": "1", "teamName": "Invictus Gaming", "regionName": "中国大陆职业联赛", "directToKnockout": false, "regularSeasonRank": 3, "summerPlayoffRank": 3, "regularSeasonPoints": 37, "summerPlayoffPoints": 8}, {"seed": 2, "wins": 16, "losses": 2, "teamId": "11", "regionId": "2", "teamName": "T1", "regionName": "韩国冠军联赛", "directToKnockout": false, "regularSeasonRank": 1, "summerPlayoffRank": 2, "regularSeasonPoints": 43, "summerPlayoffPoints": 10}, {"seed": 3, "wins": 14, "losses": 4, "teamId": "13", "regionId": "2", "teamName": "DRX", "regionName": "韩国冠军联赛", "directToKnockout": false, "regularSeasonRank": 2, "summerPlayoffRank": 3, "regularSeasonPoints": 39, "summerPlayoffPoints": 8}, {"seed": 2, "wins": 10, "losses": 8, "teamId": "25", "regionId": "3", "teamName": "Rogue", "regionName": "欧洲冠军联赛", "directToKnockout": false, "regularSeasonRank": 4, "summerPlayoffRank": 2, "regularSeasonPoints": 29, "summerPlayoffPoints": 10}, {"seed": 3, "wins": 13, "losses": 5, "teamId": "22", "regionId": "3", "teamName": "Fnatic", "regionName": "欧洲冠军联赛", "directToKnockout": false, "regularSeasonRank": 2, "summerPlayoffRank": 3, "regularSeasonPoints": 38, "summerPlayoffPoints": 8}, {"seed": 2, "wins": 11, "losses": 7, "teamId": "35", "regionId": "4", "teamName": "FlyQuest", "regionName": "北美冠军联赛", "directToKnockout": false, "regularSeasonRank": 2, "summerPlayoffRank": 2, "regularSeasonPoints": 34, "summerPlayoffPoints": 10}, {"seed": 3, "wins": 11, "losses": 7, "teamId": "33", "regionId": "4", "teamName": "100 Thieves", "regionName": "北美冠军联赛", "directToKnockout": false, "regularSeasonRank": 4, "summerPlayoffRank": 3, "regularSeasonPoints": 31, "summerPlayoffPoints": 8}]	32	1	35	13	[{"seed": 1, "wins": 13, "losses": 5, "teamId": "2", "regionId": "1", "teamName": "Bilibili Gaming", "regionName": "中国大陆职业联赛", "quarterSlot": 1, "directToKnockout": true, "regularSeasonRank": 2, "summerPlayoffRank": 1, "regularSeasonPoints": 37, "summerPlayoffPoints": 12}, {"seed": 3, "wins": 11, "losses": 7, "teamId": "33", "regionId": "4", "teamName": "100 Thieves", "regionName": "北美冠军联赛", "directToKnockout": false, "regularSeasonRank": 4, "summerPlayoffRank": 3, "regularSeasonPoints": 31, "summerPlayoffPoints": 8}, {"seed": 1, "wins": 12, "losses": 6, "teamId": "12", "regionId": "2", "teamName": "Gen.G", "regionName": "韩国冠军联赛", "quarterSlot": 2, "directToKnockout": true, "regularSeasonRank": 3, "summerPlayoffRank": 1, "regularSeasonPoints": 37, "summerPlayoffPoints": 12}, {"seed": 1, "wins": 13, "losses": 5, "teamId": "21", "regionId": "3", "teamName": "G2 Esports", "regionName": "欧洲冠军联赛", "quarterSlot": 3, "directToKnockout": true, "regularSeasonRank": 1, "summerPlayoffRank": 1, "regularSeasonPoints": 39, "summerPlayoffPoints": 12}]	[{"seed": 3, "wins": 13, "losses": 5, "teamId": "22", "regionId": "3", "teamName": "Fnatic", "regionName": "欧洲冠军联赛", "directToKnockout": false, "regularSeasonRank": 2, "summerPlayoffRank": 3, "regularSeasonPoints": 38, "summerPlayoffPoints": 8}, {"seed": 2, "wins": 10, "losses": 8, "teamId": "25", "regionId": "3", "teamName": "Rogue", "regionName": "欧洲冠军联赛", "directToKnockout": false, "regularSeasonRank": 4, "summerPlayoffRank": 2, "regularSeasonPoints": 29, "summerPlayoffPoints": 10}, {"seed": 3, "wins": 12, "losses": 6, "teamId": "5", "regionId": "1", "teamName": "Invictus Gaming", "regionName": "中国大陆职业联赛", "directToKnockout": false, "regularSeasonRank": 3, "summerPlayoffRank": 3, "regularSeasonPoints": 37, "summerPlayoffPoints": 8}, {"seed": 2, "wins": 16, "losses": 2, "teamId": "11", "regionId": "2", "teamName": "T1", "regionName": "韩国冠军联赛", "directToKnockout": false, "regularSeasonRank": 1, "summerPlayoffRank": 2, "regularSeasonPoints": 43, "summerPlayoffPoints": 10}]	{"champion": 20, "runnerUp": 16, "groupStage": 4, "thirdPlace": 12, "fourthPlace": 8, "quarterFinalist": 6}	2025-10-14 08:54:30.213532+08	2025-10-14 09:03:11.34856+08
4	S2	2025	completed	[{"seed": 1, "wins": 11, "losses": 7, "teamId": "2", "regionId": "1", "teamName": "Bilibili Gaming", "regionName": "中国大陆职业联赛", "quarterSlot": 1, "directToKnockout": true, "regularSeasonRank": 2, "summerPlayoffRank": 1, "regularSeasonPoints": 32, "summerPlayoffPoints": 12}, {"seed": 1, "wins": 11, "losses": 7, "teamId": "13", "regionId": "2", "teamName": "DRX", "regionName": "韩国冠军联赛", "quarterSlot": 2, "directToKnockout": true, "regularSeasonRank": 3, "summerPlayoffRank": 1, "regularSeasonPoints": 34, "summerPlayoffPoints": 12}, {"seed": 1, "wins": 14, "losses": 4, "teamId": "24", "regionId": "3", "teamName": "Team Vitality", "regionName": "欧洲冠军联赛", "quarterSlot": 3, "directToKnockout": true, "regularSeasonRank": 2, "summerPlayoffRank": 1, "regularSeasonPoints": 36, "summerPlayoffPoints": 12}, {"seed": 1, "wins": 15, "losses": 3, "teamId": "31", "regionId": "4", "teamName": "Cloud9", "regionName": "北美冠军联赛", "quarterSlot": 4, "directToKnockout": true, "regularSeasonRank": 1, "summerPlayoffRank": 1, "regularSeasonPoints": 39, "summerPlayoffPoints": 12}, {"seed": 2, "wins": 12, "losses": 6, "teamId": "3", "regionId": "1", "teamName": "Top Esports", "regionName": "中国大陆职业联赛", "directToKnockout": false, "regularSeasonRank": 3, "summerPlayoffRank": 2, "regularSeasonPoints": 31, "summerPlayoffPoints": 10}, {"seed": 3, "wins": 13, "losses": 5, "teamId": "1", "regionId": "1", "teamName": "JD Gaming", "regionName": "中国大陆职业联赛", "directToKnockout": false, "regularSeasonRank": 1, "summerPlayoffRank": 3, "regularSeasonPoints": 37, "summerPlayoffPoints": 8}, {"seed": 2, "wins": 14, "losses": 4, "teamId": "11", "regionId": "2", "teamName": "T1", "regionName": "韩国冠军联赛", "directToKnockout": false, "regularSeasonRank": 2, "summerPlayoffRank": 2, "regularSeasonPoints": 38, "summerPlayoffPoints": 10}, {"seed": 3, "wins": 14, "losses": 4, "teamId": "12", "regionId": "2", "teamName": "Gen.G", "regionName": "韩国冠军联赛", "directToKnockout": false, "regularSeasonRank": 1, "summerPlayoffRank": 3, "regularSeasonPoints": 42, "summerPlayoffPoints": 8}, {"seed": 2, "wins": 14, "losses": 4, "teamId": "21", "regionId": "3", "teamName": "G2 Esports", "regionName": "欧洲冠军联赛", "directToKnockout": false, "regularSeasonRank": 1, "summerPlayoffRank": 2, "regularSeasonPoints": 41, "summerPlayoffPoints": 10}, {"seed": 3, "wins": 10, "losses": 8, "teamId": "25", "regionId": "3", "teamName": "Rogue", "regionName": "欧洲冠军联赛", "directToKnockout": false, "regularSeasonRank": 4, "summerPlayoffRank": 3, "regularSeasonPoints": 31, "summerPlayoffPoints": 8}, {"seed": 2, "wins": 12, "losses": 6, "teamId": "32", "regionId": "4", "teamName": "Team Liquid", "regionName": "北美冠军联赛", "directToKnockout": false, "regularSeasonRank": 2, "summerPlayoffRank": 2, "regularSeasonPoints": 34, "summerPlayoffPoints": 10}, {"seed": 3, "wins": 12, "losses": 6, "teamId": "33", "regionId": "4", "teamName": "100 Thieves", "regionName": "北美冠军联赛", "directToKnockout": false, "regularSeasonRank": 4, "summerPlayoffRank": 3, "regularSeasonPoints": 33, "summerPlayoffPoints": 8}]	24	31	21	13	[{"seed": 1, "wins": 11, "losses": 7, "teamId": "2", "regionId": "1", "teamName": "Bilibili Gaming", "regionName": "中国大陆职业联赛", "quarterSlot": 1, "directToKnockout": true, "regularSeasonRank": 2, "summerPlayoffRank": 1, "regularSeasonPoints": 32, "summerPlayoffPoints": 12}, {"seed": 3, "wins": 14, "losses": 4, "teamId": "12", "regionId": "2", "teamName": "Gen.G", "regionName": "韩国冠军联赛", "directToKnockout": false, "regularSeasonRank": 1, "summerPlayoffRank": 3, "regularSeasonPoints": 42, "summerPlayoffPoints": 8}, {"seed": 2, "wins": 12, "losses": 6, "teamId": "32", "regionId": "4", "teamName": "Team Liquid", "regionName": "北美冠军联赛", "directToKnockout": false, "regularSeasonRank": 2, "summerPlayoffRank": 2, "regularSeasonPoints": 34, "summerPlayoffPoints": 10}, {"seed": 3, "wins": 12, "losses": 6, "teamId": "33", "regionId": "4", "teamName": "100 Thieves", "regionName": "北美冠军联赛", "directToKnockout": false, "regularSeasonRank": 4, "summerPlayoffRank": 3, "regularSeasonPoints": 33, "summerPlayoffPoints": 8}]	[{"seed": 3, "wins": 13, "losses": 5, "teamId": "1", "regionId": "1", "teamName": "JD Gaming", "regionName": "中国大陆职业联赛", "directToKnockout": false, "regularSeasonRank": 1, "summerPlayoffRank": 3, "regularSeasonPoints": 37, "summerPlayoffPoints": 8}, {"seed": 3, "wins": 10, "losses": 8, "teamId": "25", "regionId": "3", "teamName": "Rogue", "regionName": "欧洲冠军联赛", "directToKnockout": false, "regularSeasonRank": 4, "summerPlayoffRank": 3, "regularSeasonPoints": 31, "summerPlayoffPoints": 8}, {"seed": 2, "wins": 12, "losses": 6, "teamId": "3", "regionId": "1", "teamName": "Top Esports", "regionName": "中国大陆职业联赛", "directToKnockout": false, "regularSeasonRank": 3, "summerPlayoffRank": 2, "regularSeasonPoints": 31, "summerPlayoffPoints": 10}, {"seed": 2, "wins": 14, "losses": 4, "teamId": "11", "regionId": "2", "teamName": "T1", "regionName": "韩国冠军联赛", "directToKnockout": false, "regularSeasonRank": 2, "summerPlayoffRank": 2, "regularSeasonPoints": 38, "summerPlayoffPoints": 10}]	{"champion": 20, "runnerUp": 16, "groupStage": 4, "thirdPlace": 12, "fourthPlace": 8, "quarterFinalist": 6}	2025-10-14 11:56:57.162177+08	2025-10-14 12:01:53.962475+08
\.


--
-- Data for Name: worlds_knockout_matches; Type: TABLE DATA; Schema: public; Owner: postgres
--

COPY public.worlds_knockout_matches (id, worlds_bracket_id, round, match_number, team_a_id, team_b_id, team_a_name, team_b_name, team_a_quarter_slot, team_b_quarter_slot, winner_id, score_a, score_b, best_of, status, next_match_id, scheduled_at, completed_at, created_at, updated_at) FROM stdin;
81	3	QUARTER_FINAL	1	2	13	Bilibili Gaming	DRX	1	8	13	2	3	5	completed	85	\N	2025-10-14 09:00:12.192608+08	2025-10-14 08:58:56.282146+08	2025-10-14 09:00:12.192608+08
82	3	QUARTER_FINAL	2	32	33	Team Liquid	100 Thieves	4	5	32	3	2	5	completed	85	\N	2025-10-14 09:00:13.836515+08	2025-10-14 08:58:56.282146+08	2025-10-14 09:00:13.836515+08
83	3	QUARTER_FINAL	3	12	1	Gen.G	JD Gaming	2	7	1	0	3	5	completed	86	\N	2025-10-14 09:00:15.422791+08	2025-10-14 08:58:56.282146+08	2025-10-14 09:00:15.422791+08
84	3	QUARTER_FINAL	4	21	35	G2 Esports	FlyQuest	3	6	35	1	3	5	completed	86	\N	2025-10-14 09:00:16.214339+08	2025-10-14 08:58:56.282146+08	2025-10-14 09:00:16.214339+08
85	3	SEMI_FINAL	1	13	32	DRX	Team Liquid	\N	\N	32	2	3	5	completed	88	\N	2025-10-14 09:00:18.276175+08	2025-10-14 08:58:56.282146+08	2025-10-14 09:00:18.276175+08
86	3	SEMI_FINAL	2	1	35	JD Gaming	FlyQuest	\N	\N	1	3	1	5	completed	88	\N	2025-10-14 09:00:19.244185+08	2025-10-14 08:58:56.282146+08	2025-10-14 09:00:19.244185+08
87	3	THIRD_PLACE	1	13	35	DRX	FlyQuest	\N	\N	35	0	3	5	completed	\N	\N	2025-10-14 09:00:21.41698+08	2025-10-14 08:58:56.282146+08	2025-10-14 09:00:21.41698+08
88	3	FINAL	1	32	1	Team Liquid	JD Gaming	\N	\N	32	3	2	5	completed	\N	\N	2025-10-14 09:03:11.34856+08	2025-10-14 08:58:56.282146+08	2025-10-14 09:03:11.34856+08
97	4	QUARTER_FINAL	1	2	21	Bilibili Gaming	G2 Esports	1	8	21	1	3	5	completed	101	\N	2025-10-14 12:01:42.80757+08	2025-10-14 12:01:40.068152+08	2025-10-14 12:01:42.80757+08
98	4	QUARTER_FINAL	2	31	12	Cloud9	Gen.G	4	5	31	3	1	5	completed	101	\N	2025-10-14 12:01:44.193279+08	2025-10-14 12:01:40.068152+08	2025-10-14 12:01:44.193279+08
99	4	QUARTER_FINAL	3	13	32	DRX	Team Liquid	2	7	13	3	2	5	completed	102	\N	2025-10-14 12:01:45.879712+08	2025-10-14 12:01:40.068152+08	2025-10-14 12:01:45.879712+08
100	4	QUARTER_FINAL	4	24	33	Team Vitality	100 Thieves	3	6	24	3	1	5	completed	102	\N	2025-10-14 12:01:47.097549+08	2025-10-14 12:01:40.068152+08	2025-10-14 12:01:47.097549+08
101	4	SEMI_FINAL	1	21	31	G2 Esports	Cloud9	\N	\N	31	1	3	5	completed	104	\N	2025-10-14 12:01:49.778117+08	2025-10-14 12:01:40.068152+08	2025-10-14 12:01:49.778117+08
102	4	SEMI_FINAL	2	13	24	DRX	Team Vitality	\N	\N	24	1	3	5	completed	104	\N	2025-10-14 12:01:51.407856+08	2025-10-14 12:01:40.068152+08	2025-10-14 12:01:51.407856+08
103	4	THIRD_PLACE	1	21	13	G2 Esports	DRX	\N	\N	21	3	2	5	completed	\N	\N	2025-10-14 12:01:52.770867+08	2025-10-14 12:01:40.068152+08	2025-10-14 12:01:52.770867+08
104	4	FINAL	1	31	24	Cloud9	Team Vitality	\N	\N	24	1	3	5	completed	\N	\N	2025-10-14 12:01:53.962475+08	2025-10-14 12:01:40.068152+08	2025-10-14 12:01:53.962475+08
\.


--
-- Data for Name: worlds_swiss_matches; Type: TABLE DATA; Schema: public; Owner: postgres
--

COPY public.worlds_swiss_matches (id, worlds_bracket_id, round_number, match_number, team_a_id, team_b_id, team_a_name, team_b_name, winner_id, score_a, score_b, best_of, status, scheduled_at, completed_at, created_at, updated_at) FROM stdin;
85	3	1	1	22	1	Fnatic	JD Gaming	1	1	2	3	completed	\N	2025-10-14 08:55:06.272444+08	2025-10-14 08:54:57.453572+08	2025-10-14 08:55:06.272444+08
86	3	1	2	11	25	T1	Rogue	11	2	0	3	completed	\N	2025-10-14 08:55:07.186347+08	2025-10-14 08:54:57.453572+08	2025-10-14 08:55:07.186347+08
87	3	1	3	35	5	FlyQuest	Invictus Gaming	35	2	1	3	completed	\N	2025-10-14 08:55:07.964064+08	2025-10-14 08:54:57.453572+08	2025-10-14 08:55:07.964064+08
88	3	1	4	13	33	DRX	100 Thieves	33	0	2	3	completed	\N	2025-10-14 08:55:09.241418+08	2025-10-14 08:54:57.453572+08	2025-10-14 08:55:09.241418+08
89	3	2	1	11	33	T1	100 Thieves	33	0	2	3	completed	\N	2025-10-14 08:55:13.445282+08	2025-10-14 08:55:11.510741+08	2025-10-14 08:55:13.445282+08
90	3	2	2	1	35	JD Gaming	FlyQuest	35	0	2	3	completed	\N	2025-10-14 08:55:14.25143+08	2025-10-14 08:55:11.510741+08	2025-10-14 08:55:14.25143+08
91	3	2	3	13	22	DRX	Fnatic	13	2	1	3	completed	\N	2025-10-14 08:55:16.288052+08	2025-10-14 08:55:11.510741+08	2025-10-14 08:55:16.288052+08
92	3	2	4	5	25	Invictus Gaming	Rogue	5	2	0	3	completed	\N	2025-10-14 08:55:17.292728+08	2025-10-14 08:55:11.510741+08	2025-10-14 08:55:17.292728+08
93	3	3	1	1	5	JD Gaming	Invictus Gaming	1	2	1	3	completed	\N	2025-10-14 08:55:24.229137+08	2025-10-14 08:55:21.20572+08	2025-10-14 08:55:24.229137+08
94	3	3	2	11	13	T1	DRX	13	0	2	3	completed	\N	2025-10-14 08:55:25.48084+08	2025-10-14 08:55:21.20572+08	2025-10-14 08:55:25.48084+08
95	4	1	1	11	12	T1	Gen.G	12	0	2	3	completed	\N	2025-10-14 11:57:18.54014+08	2025-10-14 11:57:17.208326+08	2025-10-14 11:57:18.54014+08
96	4	1	2	1	33	JD Gaming	100 Thieves	33	0	2	3	completed	\N	2025-10-14 11:57:19.349326+08	2025-10-14 11:57:17.208326+08	2025-10-14 11:57:19.349326+08
97	4	1	3	21	32	G2 Esports	Team Liquid	21	2	1	3	completed	\N	2025-10-14 11:57:21.415321+08	2025-10-14 11:57:17.208326+08	2025-10-14 11:57:21.415321+08
98	4	1	4	3	25	Top Esports	Rogue	3	2	1	3	completed	\N	2025-10-14 11:57:22.261771+08	2025-10-14 11:57:17.208326+08	2025-10-14 11:57:22.261771+08
99	4	2	1	12	21	Gen.G	G2 Esports	12	2	1	3	completed	\N	2025-10-14 11:57:27.230707+08	2025-10-14 11:57:24.28225+08	2025-10-14 11:57:27.230707+08
100	4	2	2	33	3	100 Thieves	Top Esports	33	2	1	3	completed	\N	2025-10-14 11:57:30.334867+08	2025-10-14 11:57:24.28225+08	2025-10-14 11:57:30.334867+08
101	4	2	3	1	32	JD Gaming	Team Liquid	32	1	2	3	completed	\N	2025-10-14 11:57:33.369806+08	2025-10-14 11:57:24.28225+08	2025-10-14 11:57:33.369806+08
102	4	2	4	11	25	T1	Rogue	11	2	1	3	completed	\N	2025-10-14 11:57:37.716094+08	2025-10-14 11:57:24.28225+08	2025-10-14 11:57:37.716094+08
103	4	3	1	32	3	Team Liquid	Top Esports	32	2	1	3	completed	\N	2025-10-14 11:57:42.844631+08	2025-10-14 11:57:40.907254+08	2025-10-14 11:57:42.844631+08
104	4	3	2	11	21	T1	G2 Esports	21	0	2	3	completed	\N	2025-10-14 11:57:44.254495+08	2025-10-14 11:57:40.907254+08	2025-10-14 11:57:44.254495+08
\.


--
-- Data for Name: worlds_swiss_standings; Type: TABLE DATA; Schema: public; Owner: postgres
--

COPY public.worlds_swiss_standings (id, worlds_bracket_id, team_id, team_name, wins, losses, status, qualified, is_quarter_seed, quarter_slot, final_rank, last_updated, created_at) FROM stdin;
26	4	1	JD Gaming	0	2	eliminated	f	f	\N	\N	2025-10-14 11:57:33.369806+08	2025-10-14 11:56:57.162177+08
30	4	25	Rogue	0	2	eliminated	f	f	\N	\N	2025-10-14 11:57:37.716094+08	2025-10-14 11:56:57.162177+08
22	3	22	Fnatic	0	2	eliminated	f	f	\N	\N	2025-10-14 08:55:16.288052+08	2025-10-14 08:54:30.213532+08
25	4	3	Top Esports	1	2	eliminated	f	f	\N	\N	2025-10-14 11:57:42.844631+08	2025-10-14 11:56:57.162177+08
27	4	11	T1	1	2	eliminated	f	f	\N	\N	2025-10-14 11:57:44.254495+08	2025-10-14 11:56:57.162177+08
21	3	25	Rogue	0	2	eliminated	f	f	\N	\N	2025-10-14 08:55:17.292728+08	2025-10-14 08:54:30.213532+08
28	4	12	Gen.G	2	0	qualified	t	t	5	\N	2025-10-14 11:57:27.230707+08	2025-10-14 11:56:57.162177+08
32	4	33	100 Thieves	2	0	qualified	t	t	6	\N	2025-10-14 11:57:30.334867+08	2025-10-14 11:56:57.162177+08
31	4	32	Team Liquid	2	1	qualified	t	t	7	\N	2025-10-14 11:57:42.844631+08	2025-10-14 11:56:57.162177+08
29	4	21	G2 Esports	2	1	qualified	t	t	8	\N	2025-10-14 11:57:44.254495+08	2025-10-14 11:56:57.162177+08
18	3	5	Invictus Gaming	1	2	eliminated	f	f	\N	\N	2025-10-14 08:55:24.229137+08	2025-10-14 08:54:30.213532+08
19	3	11	T1	1	2	eliminated	f	f	\N	\N	2025-10-14 08:55:25.48084+08	2025-10-14 08:54:30.213532+08
24	3	33	100 Thieves	2	0	qualified	t	t	5	\N	2025-10-14 08:55:13.445282+08	2025-10-14 08:54:30.213532+08
23	3	35	FlyQuest	2	0	qualified	t	t	6	\N	2025-10-14 08:55:14.25143+08	2025-10-14 08:54:30.213532+08
17	3	1	JD Gaming	2	1	qualified	t	t	7	\N	2025-10-14 08:55:24.229137+08	2025-10-14 08:54:30.213532+08
20	3	13	DRX	2	1	qualified	t	t	8	\N	2025-10-14 08:55:25.48084+08	2025-10-14 08:54:30.213532+08
\.


--
-- Name: annual_rankings_id_seq; Type: SEQUENCE SET; Schema: public; Owner: postgres
--

SELECT pg_catalog.setval('public.annual_rankings_id_seq', 240, true);


--
-- Name: competition_teams_id_seq; Type: SEQUENCE SET; Schema: public; Owner: postgres
--

SELECT pg_catalog.setval('public.competition_teams_id_seq', 330, true);


--
-- Name: competitions_id_seq; Type: SEQUENCE SET; Schema: public; Owner: postgres
--

SELECT pg_catalog.setval('public.competitions_id_seq', 21, true);


--
-- Name: head_to_head_records_id_seq; Type: SEQUENCE SET; Schema: public; Owner: postgres
--

SELECT pg_catalog.setval('public.head_to_head_records_id_seq', 6470, true);


--
-- Name: honor_records_id_seq; Type: SEQUENCE SET; Schema: public; Owner: postgres
--

SELECT pg_catalog.setval('public.honor_records_id_seq', 188, true);


--
-- Name: matches_id_seq; Type: SEQUENCE SET; Schema: public; Owner: postgres
--

SELECT pg_catalog.setval('public.matches_id_seq', 9510, true);


--
-- Name: msi_brackets_id_seq; Type: SEQUENCE SET; Schema: public; Owner: postgres
--

SELECT pg_catalog.setval('public.msi_brackets_id_seq', 3, true);


--
-- Name: msi_matches_id_seq; Type: SEQUENCE SET; Schema: public; Owner: postgres
--

SELECT pg_catalog.setval('public.msi_matches_id_seq', 48, true);


--
-- Name: regional_standings_id_seq; Type: SEQUENCE SET; Schema: public; Owner: postgres
--

SELECT pg_catalog.setval('public.regional_standings_id_seq', 3710, true);


--
-- Name: regions_id_seq; Type: SEQUENCE SET; Schema: public; Owner: postgres
--

SELECT pg_catalog.setval('public.regions_id_seq', 4, true);


--
-- Name: score_records_id_seq; Type: SEQUENCE SET; Schema: public; Owner: postgres
--

SELECT pg_catalog.setval('public.score_records_id_seq', 194, true);


--
-- Name: seasons_id_seq; Type: SEQUENCE SET; Schema: public; Owner: postgres
--

SELECT pg_catalog.setval('public.seasons_id_seq', 8, true);


--
-- Name: super_brackets_id_seq; Type: SEQUENCE SET; Schema: public; Owner: postgres
--

SELECT pg_catalog.setval('public.super_brackets_id_seq', 1, true);


--
-- Name: super_fighter_standings_id_seq; Type: SEQUENCE SET; Schema: public; Owner: postgres
--

SELECT pg_catalog.setval('public.super_fighter_standings_id_seq', 8, true);


--
-- Name: super_matches_id_seq; Type: SEQUENCE SET; Schema: public; Owner: postgres
--

SELECT pg_catalog.setval('public.super_matches_id_seq', 25, true);


--
-- Name: super_rounds_id_seq; Type: SEQUENCE SET; Schema: public; Owner: postgres
--

SELECT pg_catalog.setval('public.super_rounds_id_seq', 4, true);


--
-- Name: team_statistics_id_seq; Type: SEQUENCE SET; Schema: public; Owner: postgres
--

SELECT pg_catalog.setval('public.team_statistics_id_seq', 59, true);


--
-- Name: teams_id_seq; Type: SEQUENCE SET; Schema: public; Owner: postgres
--

SELECT pg_catalog.setval('public.teams_id_seq', 40, true);


--
-- Name: worlds_brackets_id_seq; Type: SEQUENCE SET; Schema: public; Owner: postgres
--

SELECT pg_catalog.setval('public.worlds_brackets_id_seq', 4, true);


--
-- Name: worlds_knockout_matches_id_seq; Type: SEQUENCE SET; Schema: public; Owner: postgres
--

SELECT pg_catalog.setval('public.worlds_knockout_matches_id_seq', 104, true);


--
-- Name: worlds_swiss_matches_id_seq; Type: SEQUENCE SET; Schema: public; Owner: postgres
--

SELECT pg_catalog.setval('public.worlds_swiss_matches_id_seq', 104, true);


--
-- Name: worlds_swiss_standings_id_seq; Type: SEQUENCE SET; Schema: public; Owner: postgres
--

SELECT pg_catalog.setval('public.worlds_swiss_standings_id_seq', 32, true);


--
-- Name: annual_rankings annual_rankings_pkey; Type: CONSTRAINT; Schema: public; Owner: postgres
--

ALTER TABLE ONLY public.annual_rankings
    ADD CONSTRAINT annual_rankings_pkey PRIMARY KEY (id);


--
-- Name: annual_rankings annual_rankings_team_id_season_id_key; Type: CONSTRAINT; Schema: public; Owner: postgres
--

ALTER TABLE ONLY public.annual_rankings
    ADD CONSTRAINT annual_rankings_team_id_season_id_key UNIQUE (team_id, season_id);


--
-- Name: competition_teams competition_teams_competition_id_team_id_key; Type: CONSTRAINT; Schema: public; Owner: postgres
--

ALTER TABLE ONLY public.competition_teams
    ADD CONSTRAINT competition_teams_competition_id_team_id_key UNIQUE (competition_id, team_id);


--
-- Name: competition_teams competition_teams_pkey; Type: CONSTRAINT; Schema: public; Owner: postgres
--

ALTER TABLE ONLY public.competition_teams
    ADD CONSTRAINT competition_teams_pkey PRIMARY KEY (id);


--
-- Name: competitions competitions_pkey; Type: CONSTRAINT; Schema: public; Owner: postgres
--

ALTER TABLE ONLY public.competitions
    ADD CONSTRAINT competitions_pkey PRIMARY KEY (id);


--
-- Name: competitions competitions_season_id_type_key; Type: CONSTRAINT; Schema: public; Owner: postgres
--

ALTER TABLE ONLY public.competitions
    ADD CONSTRAINT competitions_season_id_type_key UNIQUE (season_id, type);


--
-- Name: head_to_head_records head_to_head_records_pkey; Type: CONSTRAINT; Schema: public; Owner: postgres
--

ALTER TABLE ONLY public.head_to_head_records
    ADD CONSTRAINT head_to_head_records_pkey PRIMARY KEY (id);


--
-- Name: head_to_head_records head_to_head_records_team_a_id_team_b_id_key; Type: CONSTRAINT; Schema: public; Owner: postgres
--

ALTER TABLE ONLY public.head_to_head_records
    ADD CONSTRAINT head_to_head_records_team_a_id_team_b_id_key UNIQUE (team_a_id, team_b_id);


--
-- Name: honor_records honor_records_competition_id_team_id_key; Type: CONSTRAINT; Schema: public; Owner: postgres
--

ALTER TABLE ONLY public.honor_records
    ADD CONSTRAINT honor_records_competition_id_team_id_key UNIQUE (competition_id, team_id);


--
-- Name: honor_records honor_records_pkey; Type: CONSTRAINT; Schema: public; Owner: postgres
--

ALTER TABLE ONLY public.honor_records
    ADD CONSTRAINT honor_records_pkey PRIMARY KEY (id);


--
-- Name: matches matches_pkey; Type: CONSTRAINT; Schema: public; Owner: postgres
--

ALTER TABLE ONLY public.matches
    ADD CONSTRAINT matches_pkey PRIMARY KEY (id);


--
-- Name: msi_brackets msi_brackets_pkey; Type: CONSTRAINT; Schema: public; Owner: postgres
--

ALTER TABLE ONLY public.msi_brackets
    ADD CONSTRAINT msi_brackets_pkey PRIMARY KEY (id);


--
-- Name: msi_matches msi_matches_pkey; Type: CONSTRAINT; Schema: public; Owner: postgres
--

ALTER TABLE ONLY public.msi_matches
    ADD CONSTRAINT msi_matches_pkey PRIMARY KEY (id);


--
-- Name: playoff_brackets playoff_brackets_competition_id_region_id_key; Type: CONSTRAINT; Schema: public; Owner: postgres
--

ALTER TABLE ONLY public.playoff_brackets
    ADD CONSTRAINT playoff_brackets_competition_id_region_id_key UNIQUE (competition_id, region_id);


--
-- Name: playoff_brackets playoff_brackets_pkey; Type: CONSTRAINT; Schema: public; Owner: postgres
--

ALTER TABLE ONLY public.playoff_brackets
    ADD CONSTRAINT playoff_brackets_pkey PRIMARY KEY (id);


--
-- Name: playoff_matches playoff_matches_pkey; Type: CONSTRAINT; Schema: public; Owner: postgres
--

ALTER TABLE ONLY public.playoff_matches
    ADD CONSTRAINT playoff_matches_pkey PRIMARY KEY (id);


--
-- Name: regional_standings regional_standings_pkey; Type: CONSTRAINT; Schema: public; Owner: postgres
--

ALTER TABLE ONLY public.regional_standings
    ADD CONSTRAINT regional_standings_pkey PRIMARY KEY (id);


--
-- Name: regional_standings regional_standings_team_id_region_id_season_id_competition__key; Type: CONSTRAINT; Schema: public; Owner: postgres
--

ALTER TABLE ONLY public.regional_standings
    ADD CONSTRAINT regional_standings_team_id_region_id_season_id_competition__key UNIQUE (team_id, region_id, season_id, competition_type);


--
-- Name: regions regions_code_key; Type: CONSTRAINT; Schema: public; Owner: postgres
--

ALTER TABLE ONLY public.regions
    ADD CONSTRAINT regions_code_key UNIQUE (code);


--
-- Name: regions regions_name_key; Type: CONSTRAINT; Schema: public; Owner: postgres
--

ALTER TABLE ONLY public.regions
    ADD CONSTRAINT regions_name_key UNIQUE (name);


--
-- Name: regions regions_pkey; Type: CONSTRAINT; Schema: public; Owner: postgres
--

ALTER TABLE ONLY public.regions
    ADD CONSTRAINT regions_pkey PRIMARY KEY (id);


--
-- Name: score_records score_records_pkey; Type: CONSTRAINT; Schema: public; Owner: postgres
--

ALTER TABLE ONLY public.score_records
    ADD CONSTRAINT score_records_pkey PRIMARY KEY (id);


--
-- Name: seasons seasons_name_key; Type: CONSTRAINT; Schema: public; Owner: postgres
--

ALTER TABLE ONLY public.seasons
    ADD CONSTRAINT seasons_name_key UNIQUE (name);


--
-- Name: seasons seasons_pkey; Type: CONSTRAINT; Schema: public; Owner: postgres
--

ALTER TABLE ONLY public.seasons
    ADD CONSTRAINT seasons_pkey PRIMARY KEY (id);


--
-- Name: super_brackets super_brackets_pkey; Type: CONSTRAINT; Schema: public; Owner: postgres
--

ALTER TABLE ONLY public.super_brackets
    ADD CONSTRAINT super_brackets_pkey PRIMARY KEY (id);


--
-- Name: super_brackets super_brackets_season1_id_season2_id_key; Type: CONSTRAINT; Schema: public; Owner: postgres
--

ALTER TABLE ONLY public.super_brackets
    ADD CONSTRAINT super_brackets_season1_id_season2_id_key UNIQUE (season1_id, season2_id);


--
-- Name: super_fighter_standings super_fighter_standings_pkey; Type: CONSTRAINT; Schema: public; Owner: postgres
--

ALTER TABLE ONLY public.super_fighter_standings
    ADD CONSTRAINT super_fighter_standings_pkey PRIMARY KEY (id);


--
-- Name: super_fighter_standings super_fighter_standings_super_id_team_id_key; Type: CONSTRAINT; Schema: public; Owner: postgres
--

ALTER TABLE ONLY public.super_fighter_standings
    ADD CONSTRAINT super_fighter_standings_super_id_team_id_key UNIQUE (super_id, team_id);


--
-- Name: super_matches super_matches_pkey; Type: CONSTRAINT; Schema: public; Owner: postgres
--

ALTER TABLE ONLY public.super_matches
    ADD CONSTRAINT super_matches_pkey PRIMARY KEY (id);


--
-- Name: super_rounds super_rounds_pkey; Type: CONSTRAINT; Schema: public; Owner: postgres
--

ALTER TABLE ONLY public.super_rounds
    ADD CONSTRAINT super_rounds_pkey PRIMARY KEY (id);


--
-- Name: super_rounds super_rounds_super_id_round_number_key; Type: CONSTRAINT; Schema: public; Owner: postgres
--

ALTER TABLE ONLY public.super_rounds
    ADD CONSTRAINT super_rounds_super_id_round_number_key UNIQUE (super_id, round_number);


--
-- Name: team_statistics team_statistics_pkey; Type: CONSTRAINT; Schema: public; Owner: postgres
--

ALTER TABLE ONLY public.team_statistics
    ADD CONSTRAINT team_statistics_pkey PRIMARY KEY (id);


--
-- Name: team_statistics team_statistics_team_id_season_year_key; Type: CONSTRAINT; Schema: public; Owner: postgres
--

ALTER TABLE ONLY public.team_statistics
    ADD CONSTRAINT team_statistics_team_id_season_year_key UNIQUE (team_id, season_year);


--
-- Name: teams teams_name_region_id_key; Type: CONSTRAINT; Schema: public; Owner: postgres
--

ALTER TABLE ONLY public.teams
    ADD CONSTRAINT teams_name_region_id_key UNIQUE (name, region_id);


--
-- Name: teams teams_pkey; Type: CONSTRAINT; Schema: public; Owner: postgres
--

ALTER TABLE ONLY public.teams
    ADD CONSTRAINT teams_pkey PRIMARY KEY (id);


--
-- Name: teams teams_short_name_region_id_key; Type: CONSTRAINT; Schema: public; Owner: postgres
--

ALTER TABLE ONLY public.teams
    ADD CONSTRAINT teams_short_name_region_id_key UNIQUE (short_name, region_id);


--
-- Name: worlds_brackets worlds_brackets_pkey; Type: CONSTRAINT; Schema: public; Owner: postgres
--

ALTER TABLE ONLY public.worlds_brackets
    ADD CONSTRAINT worlds_brackets_pkey PRIMARY KEY (id);


--
-- Name: worlds_brackets worlds_brackets_season_unique; Type: CONSTRAINT; Schema: public; Owner: postgres
--

ALTER TABLE ONLY public.worlds_brackets
    ADD CONSTRAINT worlds_brackets_season_unique UNIQUE (season_id);


--
-- Name: worlds_knockout_matches worlds_knockout_matches_pkey; Type: CONSTRAINT; Schema: public; Owner: postgres
--

ALTER TABLE ONLY public.worlds_knockout_matches
    ADD CONSTRAINT worlds_knockout_matches_pkey PRIMARY KEY (id);


--
-- Name: worlds_swiss_matches worlds_swiss_matches_pkey; Type: CONSTRAINT; Schema: public; Owner: postgres
--

ALTER TABLE ONLY public.worlds_swiss_matches
    ADD CONSTRAINT worlds_swiss_matches_pkey PRIMARY KEY (id);


--
-- Name: worlds_swiss_standings worlds_swiss_standings_pkey; Type: CONSTRAINT; Schema: public; Owner: postgres
--

ALTER TABLE ONLY public.worlds_swiss_standings
    ADD CONSTRAINT worlds_swiss_standings_pkey PRIMARY KEY (id);


--
-- Name: worlds_swiss_standings worlds_swiss_standings_unique; Type: CONSTRAINT; Schema: public; Owner: postgres
--

ALTER TABLE ONLY public.worlds_swiss_standings
    ADD CONSTRAINT worlds_swiss_standings_unique UNIQUE (worlds_bracket_id, team_id);


--
-- Name: idx_annual_rankings_position; Type: INDEX; Schema: public; Owner: postgres
--

CREATE INDEX idx_annual_rankings_position ON public.annual_rankings USING btree ("position");


--
-- Name: idx_annual_rankings_season; Type: INDEX; Schema: public; Owner: postgres
--

CREATE INDEX idx_annual_rankings_season ON public.annual_rankings USING btree (season_id);


--
-- Name: idx_annual_rankings_season_points; Type: INDEX; Schema: public; Owner: postgres
--

CREATE INDEX idx_annual_rankings_season_points ON public.annual_rankings USING btree (season_id, total_points DESC);


--
-- Name: idx_annual_rankings_team; Type: INDEX; Schema: public; Owner: postgres
--

CREATE INDEX idx_annual_rankings_team ON public.annual_rankings USING btree (team_id);


--
-- Name: idx_annual_rankings_total_points; Type: INDEX; Schema: public; Owner: postgres
--

CREATE INDEX idx_annual_rankings_total_points ON public.annual_rankings USING btree (total_points DESC);


--
-- Name: idx_competitions_competition_code; Type: INDEX; Schema: public; Owner: postgres
--

CREATE UNIQUE INDEX idx_competitions_competition_code ON public.competitions USING btree (competition_code);


--
-- Name: idx_competitions_season; Type: INDEX; Schema: public; Owner: postgres
--

CREATE INDEX idx_competitions_season ON public.competitions USING btree (season_id);


--
-- Name: idx_competitions_status; Type: INDEX; Schema: public; Owner: postgres
--

CREATE INDEX idx_competitions_status ON public.competitions USING btree (status);


--
-- Name: idx_competitions_type; Type: INDEX; Schema: public; Owner: postgres
--

CREATE INDEX idx_competitions_type ON public.competitions USING btree (type);


--
-- Name: idx_honor_records_competition; Type: INDEX; Schema: public; Owner: postgres
--

CREATE INDEX idx_honor_records_competition ON public.honor_records USING btree (competition_id);


--
-- Name: idx_honor_records_position; Type: INDEX; Schema: public; Owner: postgres
--

CREATE INDEX idx_honor_records_position ON public.honor_records USING btree ("position");


--
-- Name: idx_honor_records_season; Type: INDEX; Schema: public; Owner: postgres
--

CREATE INDEX idx_honor_records_season ON public.honor_records USING btree (season_id);


--
-- Name: idx_honor_records_season_position; Type: INDEX; Schema: public; Owner: postgres
--

CREATE INDEX idx_honor_records_season_position ON public.honor_records USING btree (season_id, "position");


--
-- Name: idx_honor_records_team; Type: INDEX; Schema: public; Owner: postgres
--

CREATE INDEX idx_honor_records_team ON public.honor_records USING btree (team_id);


--
-- Name: idx_matches_competition; Type: INDEX; Schema: public; Owner: postgres
--

CREATE INDEX idx_matches_competition ON public.matches USING btree (competition_id);


--
-- Name: idx_matches_competition_code; Type: INDEX; Schema: public; Owner: postgres
--

CREATE INDEX idx_matches_competition_code ON public.matches USING btree (competition_code);


--
-- Name: idx_matches_competition_phase; Type: INDEX; Schema: public; Owner: postgres
--

CREATE INDEX idx_matches_competition_phase ON public.matches USING btree (competition_id, phase);


--
-- Name: idx_matches_completed; Type: INDEX; Schema: public; Owner: postgres
--

CREATE INDEX idx_matches_completed ON public.matches USING btree (completed_at);


--
-- Name: idx_matches_match_code; Type: INDEX; Schema: public; Owner: postgres
--

CREATE UNIQUE INDEX idx_matches_match_code ON public.matches USING btree (match_code);


--
-- Name: idx_matches_scheduled; Type: INDEX; Schema: public; Owner: postgres
--

CREATE INDEX idx_matches_scheduled ON public.matches USING btree (scheduled_at);


--
-- Name: idx_matches_season_code; Type: INDEX; Schema: public; Owner: postgres
--

CREATE INDEX idx_matches_season_code ON public.matches USING btree (season_code);


--
-- Name: idx_matches_status; Type: INDEX; Schema: public; Owner: postgres
--

CREATE INDEX idx_matches_status ON public.matches USING btree (status);


--
-- Name: idx_matches_teams; Type: INDEX; Schema: public; Owner: postgres
--

CREATE INDEX idx_matches_teams ON public.matches USING btree (team_a_id, team_b_id);


--
-- Name: idx_matches_winner; Type: INDEX; Schema: public; Owner: postgres
--

CREATE INDEX idx_matches_winner ON public.matches USING btree (winner_id);


--
-- Name: idx_msi_brackets_season; Type: INDEX; Schema: public; Owner: postgres
--

CREATE INDEX idx_msi_brackets_season ON public.msi_brackets USING btree (season_id);


--
-- Name: idx_msi_brackets_status; Type: INDEX; Schema: public; Owner: postgres
--

CREATE INDEX idx_msi_brackets_status ON public.msi_brackets USING btree (status);


--
-- Name: idx_msi_matches_bracket; Type: INDEX; Schema: public; Owner: postgres
--

CREATE INDEX idx_msi_matches_bracket ON public.msi_matches USING btree (msi_bracket_id);


--
-- Name: idx_msi_matches_round; Type: INDEX; Schema: public; Owner: postgres
--

CREATE INDEX idx_msi_matches_round ON public.msi_matches USING btree (msi_bracket_id, round_number);


--
-- Name: idx_msi_matches_status; Type: INDEX; Schema: public; Owner: postgres
--

CREATE INDEX idx_msi_matches_status ON public.msi_matches USING btree (status);


--
-- Name: idx_playoff_brackets_competition; Type: INDEX; Schema: public; Owner: postgres
--

CREATE INDEX idx_playoff_brackets_competition ON public.playoff_brackets USING btree (competition_id);


--
-- Name: idx_playoff_brackets_region; Type: INDEX; Schema: public; Owner: postgres
--

CREATE INDEX idx_playoff_brackets_region ON public.playoff_brackets USING btree (region_id);


--
-- Name: idx_playoff_brackets_status; Type: INDEX; Schema: public; Owner: postgres
--

CREATE INDEX idx_playoff_brackets_status ON public.playoff_brackets USING btree (status);


--
-- Name: idx_playoff_matches_bracket; Type: INDEX; Schema: public; Owner: postgres
--

CREATE INDEX idx_playoff_matches_bracket ON public.playoff_matches USING btree (playoff_bracket_id);


--
-- Name: idx_playoff_matches_competition; Type: INDEX; Schema: public; Owner: postgres
--

CREATE INDEX idx_playoff_matches_competition ON public.playoff_matches USING btree (competition_id);


--
-- Name: idx_playoff_matches_round; Type: INDEX; Schema: public; Owner: postgres
--

CREATE INDEX idx_playoff_matches_round ON public.playoff_matches USING btree (round_number);


--
-- Name: idx_playoff_matches_status; Type: INDEX; Schema: public; Owner: postgres
--

CREATE INDEX idx_playoff_matches_status ON public.playoff_matches USING btree (status);


--
-- Name: idx_regional_standings_position; Type: INDEX; Schema: public; Owner: postgres
--

CREATE INDEX idx_regional_standings_position ON public.regional_standings USING btree ("position");


--
-- Name: idx_regional_standings_region_season; Type: INDEX; Schema: public; Owner: postgres
--

CREATE INDEX idx_regional_standings_region_season ON public.regional_standings USING btree (region_id, season_id, competition_type);


--
-- Name: idx_regional_standings_team; Type: INDEX; Schema: public; Owner: postgres
--

CREATE INDEX idx_regional_standings_team ON public.regional_standings USING btree (team_id);


--
-- Name: idx_score_records_competition; Type: INDEX; Schema: public; Owner: postgres
--

CREATE INDEX idx_score_records_competition ON public.score_records USING btree (competition_id);


--
-- Name: idx_score_records_points; Type: INDEX; Schema: public; Owner: postgres
--

CREATE INDEX idx_score_records_points ON public.score_records USING btree (points DESC);


--
-- Name: idx_score_records_season; Type: INDEX; Schema: public; Owner: postgres
--

CREATE INDEX idx_score_records_season ON public.score_records USING btree (season_year);


--
-- Name: idx_score_records_season_points; Type: INDEX; Schema: public; Owner: postgres
--

CREATE INDEX idx_score_records_season_points ON public.score_records USING btree (season_year, points DESC);


--
-- Name: idx_score_records_team; Type: INDEX; Schema: public; Owner: postgres
--

CREATE INDEX idx_score_records_team ON public.score_records USING btree (team_id);


--
-- Name: idx_score_records_team_season; Type: INDEX; Schema: public; Owner: postgres
--

CREATE INDEX idx_score_records_team_season ON public.score_records USING btree (team_id, season_year);


--
-- Name: idx_seasons_season_code; Type: INDEX; Schema: public; Owner: postgres
--

CREATE UNIQUE INDEX idx_seasons_season_code ON public.seasons USING btree (season_code);


--
-- Name: idx_super_brackets_season; Type: INDEX; Schema: public; Owner: postgres
--

CREATE INDEX idx_super_brackets_season ON public.super_brackets USING btree (season1_id, season2_id);


--
-- Name: idx_super_brackets_status; Type: INDEX; Schema: public; Owner: postgres
--

CREATE INDEX idx_super_brackets_status ON public.super_brackets USING btree (status);


--
-- Name: idx_super_fighter_standings_super_id; Type: INDEX; Schema: public; Owner: postgres
--

CREATE INDEX idx_super_fighter_standings_super_id ON public.super_fighter_standings USING btree (super_id);


--
-- Name: idx_super_matches_stage; Type: INDEX; Schema: public; Owner: postgres
--

CREATE INDEX idx_super_matches_stage ON public.super_matches USING btree (stage);


--
-- Name: idx_super_matches_status; Type: INDEX; Schema: public; Owner: postgres
--

CREATE INDEX idx_super_matches_status ON public.super_matches USING btree (status);


--
-- Name: idx_super_matches_super_id; Type: INDEX; Schema: public; Owner: postgres
--

CREATE INDEX idx_super_matches_super_id ON public.super_matches USING btree (super_id);


--
-- Name: idx_super_rounds_super_id; Type: INDEX; Schema: public; Owner: postgres
--

CREATE INDEX idx_super_rounds_super_id ON public.super_rounds USING btree (super_id);


--
-- Name: idx_team_statistics_points; Type: INDEX; Schema: public; Owner: postgres
--

CREATE INDEX idx_team_statistics_points ON public.team_statistics USING btree (total_points DESC);


--
-- Name: idx_team_statistics_ranking; Type: INDEX; Schema: public; Owner: postgres
--

CREATE INDEX idx_team_statistics_ranking ON public.team_statistics USING btree (current_ranking);


--
-- Name: idx_team_statistics_season; Type: INDEX; Schema: public; Owner: postgres
--

CREATE INDEX idx_team_statistics_season ON public.team_statistics USING btree (season_year);


--
-- Name: idx_teams_active; Type: INDEX; Schema: public; Owner: postgres
--

CREATE INDEX idx_teams_active ON public.teams USING btree (is_active);


--
-- Name: idx_teams_power_rating; Type: INDEX; Schema: public; Owner: postgres
--

CREATE INDEX idx_teams_power_rating ON public.teams USING btree (power_rating DESC);


--
-- Name: idx_teams_region; Type: INDEX; Schema: public; Owner: postgres
--

CREATE INDEX idx_teams_region ON public.teams USING btree (region_id);


--
-- Name: idx_worlds_brackets_season; Type: INDEX; Schema: public; Owner: postgres
--

CREATE INDEX idx_worlds_brackets_season ON public.worlds_brackets USING btree (season_id);


--
-- Name: idx_worlds_brackets_status; Type: INDEX; Schema: public; Owner: postgres
--

CREATE INDEX idx_worlds_brackets_status ON public.worlds_brackets USING btree (status);


--
-- Name: idx_worlds_brackets_year; Type: INDEX; Schema: public; Owner: postgres
--

CREATE INDEX idx_worlds_brackets_year ON public.worlds_brackets USING btree (season_year);


--
-- Name: idx_worlds_knockout_bracket; Type: INDEX; Schema: public; Owner: postgres
--

CREATE INDEX idx_worlds_knockout_bracket ON public.worlds_knockout_matches USING btree (worlds_bracket_id);


--
-- Name: idx_worlds_knockout_round; Type: INDEX; Schema: public; Owner: postgres
--

CREATE INDEX idx_worlds_knockout_round ON public.worlds_knockout_matches USING btree (round);


--
-- Name: idx_worlds_knockout_status; Type: INDEX; Schema: public; Owner: postgres
--

CREATE INDEX idx_worlds_knockout_status ON public.worlds_knockout_matches USING btree (status);


--
-- Name: idx_worlds_knockout_teams; Type: INDEX; Schema: public; Owner: postgres
--

CREATE INDEX idx_worlds_knockout_teams ON public.worlds_knockout_matches USING btree (team_a_id, team_b_id);


--
-- Name: idx_worlds_swiss_bracket; Type: INDEX; Schema: public; Owner: postgres
--

CREATE INDEX idx_worlds_swiss_bracket ON public.worlds_swiss_matches USING btree (worlds_bracket_id);


--
-- Name: idx_worlds_swiss_round; Type: INDEX; Schema: public; Owner: postgres
--

CREATE INDEX idx_worlds_swiss_round ON public.worlds_swiss_matches USING btree (round_number);


--
-- Name: idx_worlds_swiss_standings_bracket; Type: INDEX; Schema: public; Owner: postgres
--

CREATE INDEX idx_worlds_swiss_standings_bracket ON public.worlds_swiss_standings USING btree (worlds_bracket_id);


--
-- Name: idx_worlds_swiss_standings_status; Type: INDEX; Schema: public; Owner: postgres
--

CREATE INDEX idx_worlds_swiss_standings_status ON public.worlds_swiss_standings USING btree (status);


--
-- Name: idx_worlds_swiss_standings_team; Type: INDEX; Schema: public; Owner: postgres
--

CREATE INDEX idx_worlds_swiss_standings_team ON public.worlds_swiss_standings USING btree (team_id);


--
-- Name: idx_worlds_swiss_standings_wins; Type: INDEX; Schema: public; Owner: postgres
--

CREATE INDEX idx_worlds_swiss_standings_wins ON public.worlds_swiss_standings USING btree (wins DESC, losses);


--
-- Name: idx_worlds_swiss_status; Type: INDEX; Schema: public; Owner: postgres
--

CREATE INDEX idx_worlds_swiss_status ON public.worlds_swiss_matches USING btree (status);


--
-- Name: idx_worlds_swiss_teams; Type: INDEX; Schema: public; Owner: postgres
--

CREATE INDEX idx_worlds_swiss_teams ON public.worlds_swiss_matches USING btree (team_a_id, team_b_id);


--
-- Name: msi_brackets trigger_msi_brackets_updated_at; Type: TRIGGER; Schema: public; Owner: postgres
--

CREATE TRIGGER trigger_msi_brackets_updated_at BEFORE UPDATE ON public.msi_brackets FOR EACH ROW EXECUTE FUNCTION public.update_msi_updated_at();


--
-- Name: msi_matches trigger_msi_matches_updated_at; Type: TRIGGER; Schema: public; Owner: postgres
--

CREATE TRIGGER trigger_msi_matches_updated_at BEFORE UPDATE ON public.msi_matches FOR EACH ROW EXECUTE FUNCTION public.update_msi_updated_at();


--
-- Name: matches trigger_process_match_result; Type: TRIGGER; Schema: public; Owner: postgres
--

CREATE TRIGGER trigger_process_match_result AFTER UPDATE ON public.matches FOR EACH ROW EXECUTE FUNCTION public.process_match_result();


--
-- Name: annual_rankings trigger_update_annual_rankings_updated_at; Type: TRIGGER; Schema: public; Owner: postgres
--

CREATE TRIGGER trigger_update_annual_rankings_updated_at BEFORE UPDATE ON public.annual_rankings FOR EACH ROW EXECUTE FUNCTION public.update_updated_at();


--
-- Name: competitions trigger_update_competitions_updated_at; Type: TRIGGER; Schema: public; Owner: postgres
--

CREATE TRIGGER trigger_update_competitions_updated_at BEFORE UPDATE ON public.competitions FOR EACH ROW EXECUTE FUNCTION public.update_updated_at();


--
-- Name: honor_records trigger_update_honor_records_updated_at; Type: TRIGGER; Schema: public; Owner: postgres
--

CREATE TRIGGER trigger_update_honor_records_updated_at BEFORE UPDATE ON public.honor_records FOR EACH ROW EXECUTE FUNCTION public.update_updated_at();


--
-- Name: matches trigger_update_matches_updated_at; Type: TRIGGER; Schema: public; Owner: postgres
--

CREATE TRIGGER trigger_update_matches_updated_at BEFORE UPDATE ON public.matches FOR EACH ROW EXECUTE FUNCTION public.update_updated_at();


--
-- Name: regional_standings trigger_update_regional_standings_updated_at; Type: TRIGGER; Schema: public; Owner: postgres
--

CREATE TRIGGER trigger_update_regional_standings_updated_at BEFORE UPDATE ON public.regional_standings FOR EACH ROW EXECUTE FUNCTION public.update_updated_at();


--
-- Name: regions trigger_update_regions_updated_at; Type: TRIGGER; Schema: public; Owner: postgres
--

CREATE TRIGGER trigger_update_regions_updated_at BEFORE UPDATE ON public.regions FOR EACH ROW EXECUTE FUNCTION public.update_updated_at();


--
-- Name: seasons trigger_update_seasons_updated_at; Type: TRIGGER; Schema: public; Owner: postgres
--

CREATE TRIGGER trigger_update_seasons_updated_at BEFORE UPDATE ON public.seasons FOR EACH ROW EXECUTE FUNCTION public.update_updated_at();


--
-- Name: teams trigger_update_teams_updated_at; Type: TRIGGER; Schema: public; Owner: postgres
--

CREATE TRIGGER trigger_update_teams_updated_at BEFORE UPDATE ON public.teams FOR EACH ROW EXECUTE FUNCTION public.update_updated_at();


--
-- Name: playoff_brackets update_playoff_brackets_updated_at; Type: TRIGGER; Schema: public; Owner: postgres
--

CREATE TRIGGER update_playoff_brackets_updated_at BEFORE UPDATE ON public.playoff_brackets FOR EACH ROW EXECUTE FUNCTION public.update_playoff_updated_at();


--
-- Name: playoff_matches update_playoff_matches_updated_at; Type: TRIGGER; Schema: public; Owner: postgres
--

CREATE TRIGGER update_playoff_matches_updated_at BEFORE UPDATE ON public.playoff_matches FOR EACH ROW EXECUTE FUNCTION public.update_playoff_updated_at();


--
-- Name: super_brackets update_super_brackets_updated_at; Type: TRIGGER; Schema: public; Owner: postgres
--

CREATE TRIGGER update_super_brackets_updated_at BEFORE UPDATE ON public.super_brackets FOR EACH ROW EXECUTE FUNCTION public.update_super_updated_at();


--
-- Name: super_fighter_standings update_super_fighter_standings_updated_at; Type: TRIGGER; Schema: public; Owner: postgres
--

CREATE TRIGGER update_super_fighter_standings_updated_at BEFORE UPDATE ON public.super_fighter_standings FOR EACH ROW EXECUTE FUNCTION public.update_super_updated_at();


--
-- Name: super_matches update_super_matches_updated_at; Type: TRIGGER; Schema: public; Owner: postgres
--

CREATE TRIGGER update_super_matches_updated_at BEFORE UPDATE ON public.super_matches FOR EACH ROW EXECUTE FUNCTION public.update_super_updated_at();


--
-- Name: super_rounds update_super_rounds_updated_at; Type: TRIGGER; Schema: public; Owner: postgres
--

CREATE TRIGGER update_super_rounds_updated_at BEFORE UPDATE ON public.super_rounds FOR EACH ROW EXECUTE FUNCTION public.update_super_updated_at();


--
-- Name: worlds_brackets update_worlds_brackets_updated_at; Type: TRIGGER; Schema: public; Owner: postgres
--

CREATE TRIGGER update_worlds_brackets_updated_at BEFORE UPDATE ON public.worlds_brackets FOR EACH ROW EXECUTE FUNCTION public.update_worlds_updated_at();


--
-- Name: worlds_knockout_matches update_worlds_knockout_matches_updated_at; Type: TRIGGER; Schema: public; Owner: postgres
--

CREATE TRIGGER update_worlds_knockout_matches_updated_at BEFORE UPDATE ON public.worlds_knockout_matches FOR EACH ROW EXECUTE FUNCTION public.update_worlds_updated_at();


--
-- Name: worlds_swiss_matches update_worlds_swiss_matches_updated_at; Type: TRIGGER; Schema: public; Owner: postgres
--

CREATE TRIGGER update_worlds_swiss_matches_updated_at BEFORE UPDATE ON public.worlds_swiss_matches FOR EACH ROW EXECUTE FUNCTION public.update_worlds_updated_at();


--
-- Name: annual_rankings annual_rankings_season_id_fkey; Type: FK CONSTRAINT; Schema: public; Owner: postgres
--

ALTER TABLE ONLY public.annual_rankings
    ADD CONSTRAINT annual_rankings_season_id_fkey FOREIGN KEY (season_id) REFERENCES public.seasons(id) ON DELETE CASCADE;


--
-- Name: annual_rankings annual_rankings_team_id_fkey; Type: FK CONSTRAINT; Schema: public; Owner: postgres
--

ALTER TABLE ONLY public.annual_rankings
    ADD CONSTRAINT annual_rankings_team_id_fkey FOREIGN KEY (team_id) REFERENCES public.teams(id) ON DELETE CASCADE;


--
-- Name: competition_teams competition_teams_competition_id_fkey; Type: FK CONSTRAINT; Schema: public; Owner: postgres
--

ALTER TABLE ONLY public.competition_teams
    ADD CONSTRAINT competition_teams_competition_id_fkey FOREIGN KEY (competition_id) REFERENCES public.competitions(id) ON DELETE CASCADE;


--
-- Name: competition_teams competition_teams_team_id_fkey; Type: FK CONSTRAINT; Schema: public; Owner: postgres
--

ALTER TABLE ONLY public.competition_teams
    ADD CONSTRAINT competition_teams_team_id_fkey FOREIGN KEY (team_id) REFERENCES public.teams(id) ON DELETE CASCADE;


--
-- Name: competitions competitions_season_id_fkey; Type: FK CONSTRAINT; Schema: public; Owner: postgres
--

ALTER TABLE ONLY public.competitions
    ADD CONSTRAINT competitions_season_id_fkey FOREIGN KEY (season_id) REFERENCES public.seasons(id) ON DELETE CASCADE;


--
-- Name: head_to_head_records head_to_head_records_last_match_id_fkey; Type: FK CONSTRAINT; Schema: public; Owner: postgres
--

ALTER TABLE ONLY public.head_to_head_records
    ADD CONSTRAINT head_to_head_records_last_match_id_fkey FOREIGN KEY (last_match_id) REFERENCES public.matches(id);


--
-- Name: head_to_head_records head_to_head_records_team_a_id_fkey; Type: FK CONSTRAINT; Schema: public; Owner: postgres
--

ALTER TABLE ONLY public.head_to_head_records
    ADD CONSTRAINT head_to_head_records_team_a_id_fkey FOREIGN KEY (team_a_id) REFERENCES public.teams(id) ON DELETE CASCADE;


--
-- Name: head_to_head_records head_to_head_records_team_b_id_fkey; Type: FK CONSTRAINT; Schema: public; Owner: postgres
--

ALTER TABLE ONLY public.head_to_head_records
    ADD CONSTRAINT head_to_head_records_team_b_id_fkey FOREIGN KEY (team_b_id) REFERENCES public.teams(id) ON DELETE CASCADE;


--
-- Name: honor_records honor_records_competition_id_fkey; Type: FK CONSTRAINT; Schema: public; Owner: postgres
--

ALTER TABLE ONLY public.honor_records
    ADD CONSTRAINT honor_records_competition_id_fkey FOREIGN KEY (competition_id) REFERENCES public.competitions(id) ON DELETE CASCADE;


--
-- Name: honor_records honor_records_season_id_fkey; Type: FK CONSTRAINT; Schema: public; Owner: postgres
--

ALTER TABLE ONLY public.honor_records
    ADD CONSTRAINT honor_records_season_id_fkey FOREIGN KEY (season_id) REFERENCES public.seasons(id) ON DELETE CASCADE;


--
-- Name: honor_records honor_records_team_id_fkey; Type: FK CONSTRAINT; Schema: public; Owner: postgres
--

ALTER TABLE ONLY public.honor_records
    ADD CONSTRAINT honor_records_team_id_fkey FOREIGN KEY (team_id) REFERENCES public.teams(id) ON DELETE CASCADE;


--
-- Name: matches matches_competition_id_fkey; Type: FK CONSTRAINT; Schema: public; Owner: postgres
--

ALTER TABLE ONLY public.matches
    ADD CONSTRAINT matches_competition_id_fkey FOREIGN KEY (competition_id) REFERENCES public.competitions(id) ON DELETE CASCADE;


--
-- Name: matches matches_team_a_id_fkey; Type: FK CONSTRAINT; Schema: public; Owner: postgres
--

ALTER TABLE ONLY public.matches
    ADD CONSTRAINT matches_team_a_id_fkey FOREIGN KEY (team_a_id) REFERENCES public.teams(id) ON DELETE CASCADE;


--
-- Name: matches matches_team_b_id_fkey; Type: FK CONSTRAINT; Schema: public; Owner: postgres
--

ALTER TABLE ONLY public.matches
    ADD CONSTRAINT matches_team_b_id_fkey FOREIGN KEY (team_b_id) REFERENCES public.teams(id) ON DELETE CASCADE;


--
-- Name: matches matches_winner_id_fkey; Type: FK CONSTRAINT; Schema: public; Owner: postgres
--

ALTER TABLE ONLY public.matches
    ADD CONSTRAINT matches_winner_id_fkey FOREIGN KEY (winner_id) REFERENCES public.teams(id);


--
-- Name: msi_brackets msi_brackets_season_id_fkey; Type: FK CONSTRAINT; Schema: public; Owner: postgres
--

ALTER TABLE ONLY public.msi_brackets
    ADD CONSTRAINT msi_brackets_season_id_fkey FOREIGN KEY (season_id) REFERENCES public.seasons(id) ON DELETE CASCADE;


--
-- Name: msi_matches msi_matches_loser_next_match_id_fkey; Type: FK CONSTRAINT; Schema: public; Owner: postgres
--

ALTER TABLE ONLY public.msi_matches
    ADD CONSTRAINT msi_matches_loser_next_match_id_fkey FOREIGN KEY (loser_next_match_id) REFERENCES public.msi_matches(id);


--
-- Name: msi_matches msi_matches_msi_bracket_id_fkey; Type: FK CONSTRAINT; Schema: public; Owner: postgres
--

ALTER TABLE ONLY public.msi_matches
    ADD CONSTRAINT msi_matches_msi_bracket_id_fkey FOREIGN KEY (msi_bracket_id) REFERENCES public.msi_brackets(id) ON DELETE CASCADE;


--
-- Name: msi_matches msi_matches_next_match_id_fkey; Type: FK CONSTRAINT; Schema: public; Owner: postgres
--

ALTER TABLE ONLY public.msi_matches
    ADD CONSTRAINT msi_matches_next_match_id_fkey FOREIGN KEY (next_match_id) REFERENCES public.msi_matches(id);


--
-- Name: msi_matches msi_matches_team_a_id_fkey; Type: FK CONSTRAINT; Schema: public; Owner: postgres
--

ALTER TABLE ONLY public.msi_matches
    ADD CONSTRAINT msi_matches_team_a_id_fkey FOREIGN KEY (team_a_id) REFERENCES public.teams(id);


--
-- Name: msi_matches msi_matches_team_b_id_fkey; Type: FK CONSTRAINT; Schema: public; Owner: postgres
--

ALTER TABLE ONLY public.msi_matches
    ADD CONSTRAINT msi_matches_team_b_id_fkey FOREIGN KEY (team_b_id) REFERENCES public.teams(id);


--
-- Name: msi_matches msi_matches_winner_id_fkey; Type: FK CONSTRAINT; Schema: public; Owner: postgres
--

ALTER TABLE ONLY public.msi_matches
    ADD CONSTRAINT msi_matches_winner_id_fkey FOREIGN KEY (winner_id) REFERENCES public.teams(id);


--
-- Name: playoff_brackets playoff_brackets_competition_id_fkey; Type: FK CONSTRAINT; Schema: public; Owner: postgres
--

ALTER TABLE ONLY public.playoff_brackets
    ADD CONSTRAINT playoff_brackets_competition_id_fkey FOREIGN KEY (competition_id) REFERENCES public.competitions(id) ON DELETE CASCADE;


--
-- Name: playoff_brackets playoff_brackets_region_id_fkey; Type: FK CONSTRAINT; Schema: public; Owner: postgres
--

ALTER TABLE ONLY public.playoff_brackets
    ADD CONSTRAINT playoff_brackets_region_id_fkey FOREIGN KEY (region_id) REFERENCES public.regions(id) ON DELETE CASCADE;


--
-- Name: playoff_matches playoff_matches_competition_id_fkey; Type: FK CONSTRAINT; Schema: public; Owner: postgres
--

ALTER TABLE ONLY public.playoff_matches
    ADD CONSTRAINT playoff_matches_competition_id_fkey FOREIGN KEY (competition_id) REFERENCES public.competitions(id) ON DELETE CASCADE;


--
-- Name: playoff_matches playoff_matches_playoff_bracket_id_fkey; Type: FK CONSTRAINT; Schema: public; Owner: postgres
--

ALTER TABLE ONLY public.playoff_matches
    ADD CONSTRAINT playoff_matches_playoff_bracket_id_fkey FOREIGN KEY (playoff_bracket_id) REFERENCES public.playoff_brackets(id) ON DELETE CASCADE;


--
-- Name: playoff_matches playoff_matches_team_a_id_fkey; Type: FK CONSTRAINT; Schema: public; Owner: postgres
--

ALTER TABLE ONLY public.playoff_matches
    ADD CONSTRAINT playoff_matches_team_a_id_fkey FOREIGN KEY (team_a_id) REFERENCES public.teams(id) ON DELETE SET NULL;


--
-- Name: playoff_matches playoff_matches_team_b_id_fkey; Type: FK CONSTRAINT; Schema: public; Owner: postgres
--

ALTER TABLE ONLY public.playoff_matches
    ADD CONSTRAINT playoff_matches_team_b_id_fkey FOREIGN KEY (team_b_id) REFERENCES public.teams(id) ON DELETE SET NULL;


--
-- Name: playoff_matches playoff_matches_winner_id_fkey; Type: FK CONSTRAINT; Schema: public; Owner: postgres
--

ALTER TABLE ONLY public.playoff_matches
    ADD CONSTRAINT playoff_matches_winner_id_fkey FOREIGN KEY (winner_id) REFERENCES public.teams(id) ON DELETE SET NULL;


--
-- Name: regional_standings regional_standings_region_id_fkey; Type: FK CONSTRAINT; Schema: public; Owner: postgres
--

ALTER TABLE ONLY public.regional_standings
    ADD CONSTRAINT regional_standings_region_id_fkey FOREIGN KEY (region_id) REFERENCES public.regions(id) ON DELETE CASCADE;


--
-- Name: regional_standings regional_standings_season_id_fkey; Type: FK CONSTRAINT; Schema: public; Owner: postgres
--

ALTER TABLE ONLY public.regional_standings
    ADD CONSTRAINT regional_standings_season_id_fkey FOREIGN KEY (season_id) REFERENCES public.seasons(id) ON DELETE CASCADE;


--
-- Name: regional_standings regional_standings_team_id_fkey; Type: FK CONSTRAINT; Schema: public; Owner: postgres
--

ALTER TABLE ONLY public.regional_standings
    ADD CONSTRAINT regional_standings_team_id_fkey FOREIGN KEY (team_id) REFERENCES public.teams(id) ON DELETE CASCADE;


--
-- Name: score_records score_records_competition_id_fkey; Type: FK CONSTRAINT; Schema: public; Owner: postgres
--

ALTER TABLE ONLY public.score_records
    ADD CONSTRAINT score_records_competition_id_fkey FOREIGN KEY (competition_id) REFERENCES public.competitions(id) ON DELETE CASCADE;


--
-- Name: score_records score_records_match_id_fkey; Type: FK CONSTRAINT; Schema: public; Owner: postgres
--

ALTER TABLE ONLY public.score_records
    ADD CONSTRAINT score_records_match_id_fkey FOREIGN KEY (match_id) REFERENCES public.matches(id) ON DELETE CASCADE;


--
-- Name: score_records score_records_team_id_fkey; Type: FK CONSTRAINT; Schema: public; Owner: postgres
--

ALTER TABLE ONLY public.score_records
    ADD CONSTRAINT score_records_team_id_fkey FOREIGN KEY (team_id) REFERENCES public.teams(id) ON DELETE CASCADE;


--
-- Name: super_brackets super_brackets_season1_id_fkey; Type: FK CONSTRAINT; Schema: public; Owner: postgres
--

ALTER TABLE ONLY public.super_brackets
    ADD CONSTRAINT super_brackets_season1_id_fkey FOREIGN KEY (season1_id) REFERENCES public.seasons(id);


--
-- Name: super_brackets super_brackets_season2_id_fkey; Type: FK CONSTRAINT; Schema: public; Owner: postgres
--

ALTER TABLE ONLY public.super_brackets
    ADD CONSTRAINT super_brackets_season2_id_fkey FOREIGN KEY (season2_id) REFERENCES public.seasons(id);


--
-- Name: super_fighter_standings super_fighter_standings_super_id_fkey; Type: FK CONSTRAINT; Schema: public; Owner: postgres
--

ALTER TABLE ONLY public.super_fighter_standings
    ADD CONSTRAINT super_fighter_standings_super_id_fkey FOREIGN KEY (super_id) REFERENCES public.super_brackets(id) ON DELETE CASCADE;


--
-- Name: super_matches super_matches_loser_next_match_id_fkey; Type: FK CONSTRAINT; Schema: public; Owner: postgres
--

ALTER TABLE ONLY public.super_matches
    ADD CONSTRAINT super_matches_loser_next_match_id_fkey FOREIGN KEY (loser_next_match_id) REFERENCES public.super_matches(id);


--
-- Name: super_matches super_matches_next_match_id_fkey; Type: FK CONSTRAINT; Schema: public; Owner: postgres
--

ALTER TABLE ONLY public.super_matches
    ADD CONSTRAINT super_matches_next_match_id_fkey FOREIGN KEY (next_match_id) REFERENCES public.super_matches(id);


--
-- Name: super_matches super_matches_super_id_fkey; Type: FK CONSTRAINT; Schema: public; Owner: postgres
--

ALTER TABLE ONLY public.super_matches
    ADD CONSTRAINT super_matches_super_id_fkey FOREIGN KEY (super_id) REFERENCES public.super_brackets(id) ON DELETE CASCADE;


--
-- Name: super_rounds super_rounds_super_id_fkey; Type: FK CONSTRAINT; Schema: public; Owner: postgres
--

ALTER TABLE ONLY public.super_rounds
    ADD CONSTRAINT super_rounds_super_id_fkey FOREIGN KEY (super_id) REFERENCES public.super_brackets(id) ON DELETE CASCADE;


--
-- Name: team_statistics team_statistics_team_id_fkey; Type: FK CONSTRAINT; Schema: public; Owner: postgres
--

ALTER TABLE ONLY public.team_statistics
    ADD CONSTRAINT team_statistics_team_id_fkey FOREIGN KEY (team_id) REFERENCES public.teams(id) ON DELETE CASCADE;


--
-- Name: teams teams_region_id_fkey; Type: FK CONSTRAINT; Schema: public; Owner: postgres
--

ALTER TABLE ONLY public.teams
    ADD CONSTRAINT teams_region_id_fkey FOREIGN KEY (region_id) REFERENCES public.regions(id) ON DELETE CASCADE;


--
-- Name: worlds_knockout_matches worlds_knockout_matches_team_a_id_fkey; Type: FK CONSTRAINT; Schema: public; Owner: postgres
--

ALTER TABLE ONLY public.worlds_knockout_matches
    ADD CONSTRAINT worlds_knockout_matches_team_a_id_fkey FOREIGN KEY (team_a_id) REFERENCES public.teams(id) ON DELETE SET NULL;


--
-- Name: worlds_knockout_matches worlds_knockout_matches_team_b_id_fkey; Type: FK CONSTRAINT; Schema: public; Owner: postgres
--

ALTER TABLE ONLY public.worlds_knockout_matches
    ADD CONSTRAINT worlds_knockout_matches_team_b_id_fkey FOREIGN KEY (team_b_id) REFERENCES public.teams(id) ON DELETE SET NULL;


--
-- Name: worlds_knockout_matches worlds_knockout_matches_winner_id_fkey; Type: FK CONSTRAINT; Schema: public; Owner: postgres
--

ALTER TABLE ONLY public.worlds_knockout_matches
    ADD CONSTRAINT worlds_knockout_matches_winner_id_fkey FOREIGN KEY (winner_id) REFERENCES public.teams(id) ON DELETE SET NULL;


--
-- Name: worlds_knockout_matches worlds_knockout_matches_worlds_bracket_id_fkey; Type: FK CONSTRAINT; Schema: public; Owner: postgres
--

ALTER TABLE ONLY public.worlds_knockout_matches
    ADD CONSTRAINT worlds_knockout_matches_worlds_bracket_id_fkey FOREIGN KEY (worlds_bracket_id) REFERENCES public.worlds_brackets(id) ON DELETE CASCADE;


--
-- Name: worlds_swiss_matches worlds_swiss_matches_team_a_id_fkey; Type: FK CONSTRAINT; Schema: public; Owner: postgres
--

ALTER TABLE ONLY public.worlds_swiss_matches
    ADD CONSTRAINT worlds_swiss_matches_team_a_id_fkey FOREIGN KEY (team_a_id) REFERENCES public.teams(id) ON DELETE SET NULL;


--
-- Name: worlds_swiss_matches worlds_swiss_matches_team_b_id_fkey; Type: FK CONSTRAINT; Schema: public; Owner: postgres
--

ALTER TABLE ONLY public.worlds_swiss_matches
    ADD CONSTRAINT worlds_swiss_matches_team_b_id_fkey FOREIGN KEY (team_b_id) REFERENCES public.teams(id) ON DELETE SET NULL;


--
-- Name: worlds_swiss_matches worlds_swiss_matches_winner_id_fkey; Type: FK CONSTRAINT; Schema: public; Owner: postgres
--

ALTER TABLE ONLY public.worlds_swiss_matches
    ADD CONSTRAINT worlds_swiss_matches_winner_id_fkey FOREIGN KEY (winner_id) REFERENCES public.teams(id) ON DELETE SET NULL;


--
-- Name: worlds_swiss_matches worlds_swiss_matches_worlds_bracket_id_fkey; Type: FK CONSTRAINT; Schema: public; Owner: postgres
--

ALTER TABLE ONLY public.worlds_swiss_matches
    ADD CONSTRAINT worlds_swiss_matches_worlds_bracket_id_fkey FOREIGN KEY (worlds_bracket_id) REFERENCES public.worlds_brackets(id) ON DELETE CASCADE;


--
-- Name: worlds_swiss_standings worlds_swiss_standings_team_id_fkey; Type: FK CONSTRAINT; Schema: public; Owner: postgres
--

ALTER TABLE ONLY public.worlds_swiss_standings
    ADD CONSTRAINT worlds_swiss_standings_team_id_fkey FOREIGN KEY (team_id) REFERENCES public.teams(id) ON DELETE CASCADE;


--
-- Name: worlds_swiss_standings worlds_swiss_standings_worlds_bracket_id_fkey; Type: FK CONSTRAINT; Schema: public; Owner: postgres
--

ALTER TABLE ONLY public.worlds_swiss_standings
    ADD CONSTRAINT worlds_swiss_standings_worlds_bracket_id_fkey FOREIGN KEY (worlds_bracket_id) REFERENCES public.worlds_brackets(id) ON DELETE CASCADE;


--
-- PostgreSQL database dump complete
--

